LOCATION_ID,LAT,LON,LOCATION,TOTAL_CARS,AREA_CODE
1146,43.7733179960439,-79.2462530048635,ELLESMERE RD AT PARKINGTON CRES (PX 2296),27798,EA
3926,43.6483120026845,-79.485752005821,BLOOR ST AT SOUTH KINGSWAY & RIVERVIEW GARDENS (PX 334),101557,SO
3927,43.6592350040891,-79.3284359942956,LAKE SHORE BLVD AT LESLIE ST (PX 206),25458,SO
3928,43.6314309959933,-79.4291809988533,BRITISH COLUMBIA RD AT LAKE SHORE BLVD (PX 1344),53936,SO
3929,43.6333410037216,-79.4345630018803,JAMESON AVE AT LAKE SHORE BLVD W/B (PX 224),45739,SO
3930,43.6304250031894,-79.4197830044259,LAKE SHORE BLVD AT ONTARIO DR & REMEMBRANCE DR (PX 930),23415,SO
3931,43.6344420021858,-79.4087449965524,LAKE SHORE BLVD AT STRACHAN AVE (PX 222),24542,SO
3932,43.6359130003157,-79.4035489951616,BASTION ST AT FLEET ST AND LAKE SHORE BLVD W (PX 299),19134,SO
3933,43.6399280004486,-79.3870359960738,LAKE SHORE BLVD AT REES ST (PX 1408),63388,SO
3934,43.5943610013999,-79.5340159965817,LAKE SHORE BLVD W AT LONG BRANCH AVE (PX 240),10831,WE
3935,43.6907820016224,-79.4030170045103,AVENUE RD AT LONSDALE RD (PX 113),40065,SO
3936,43.6205110006419,-79.4832669971345,LAKE SHORE BLVD AT LEGION RD (PX 1994),19455,WE
3937,43.6246740129865,-79.4802629935068,CHRISTIE COOKIES ACCESS AT LAKE SHORE BLVD E OF PARKLAWN(PX 1784),33669,WE
3938,43.726666996727,-79.3308889961383,DON VALLEY PKWY AT WYNFORD DR WTCS (PX 1037),10904,NO
3939,43.688367998834,-79.4828779988047,BLACK CREEK DR AT EGLINTON AVE (PX 1422),104368,WE
3940,43.7049499965318,-79.494096001504,BLACK CREEK DR AT LAWRENCE AVE W (PX 1348),109413,NO
3941,43.696750000693,-79.3342229973016,FOUR OAKS GT AT O CONNOR DR (PX 1923),15192,SO
3943,43.7053959980044,-79.3128359943946,OCONNOR DR AT ST CLAIR AVE (PX 447),133585,SO
3944,43.715986751,-79.304939369,O CONNOR DR AT WAKUNDA PL,18906,SO
3946,43.6914790024334,-79.2647509985246,BIRCHCLIFF AVE AT KINGSTON RD (PX 155),21983,EA
3948,43.7111209991031,-79.2481870018825,KINGSTON RD AT MIDLAND AVE (PX 151),20259,EA
3949,43.7141140000291,-79.2450729942296,CHINE DR AT KINGSTON RD (PX 1025),15074,EA
3950,43.72203282,-79.236019123,KINGSTON RD AT BROOKLAWN AVE & ST CLAIR AVE E,46453,EA
3951,43.732060924,-79.22456912,BELLAMY RD S AT KINGSTON RD & RAVINE DR,25121,EA
3952,43.746002638,-79.20934926,KINGSTON RD AT SCARBOROUGH GOLF CLUB RD,51743,EA
3953,43.7676529995469,-79.1896089953668,KINGSTON RD AT LAWRENCE AVE (PX 144),121425,EA
3955,43.772607845,-79.185033109,COLLINSGROVE RD AT KINGSTON RD,19441,EA
3956,43.676950004437,-79.3041039961247,BROOKSIDE DR AT KINGSTON RD & WAVERLEY RD (PX 161),24375,SO
3957,43.6788850018198,-79.2980229987127,KINGSTON RD AT MAIN ST & SOUTHWOOD DR (PX 160),46601,SO
3958,43.7948870036618,-79.1525300006248,HIGHWAY 2A AT KINGSTON RD & HIGHWAY 401 EB OFF RAMP (PX 1202),23953,EA
3959,43.7605860004521,-79.5660649995394,MILLWICK DR AT MILVAN DR (PX 1558),6944,NO
3960,43.6747090030653,-79.3929230000772,BELMONT ST AT DAVENPORT RD & NEW ST (PX 541),63910,SO
3963,43.6932440003575,-79.504670996166,SIDNEY BELSEY CR AT WESTON RD (PX 2153),6033,WE
3966,43.7337459993772,-79.5382280046582,SHEPPARD AVE AT WESTON RD (PX 588),39474,NO
3967,43.7030060023901,-79.5254460030556,CHURCH ST AT WESTON RD (PX 583),8314,WE
3968,43.7520890023072,-79.5423800036705,FINCH AVE AT WESTON RD (PX 589),62686,NO
3969,43.7304680042665,-79.6014430060563,HIGHWAY 27 AT HUMBER COLLEGE BLVD (PX 1162),58599,WE
3970,43.7172679984177,-79.5956219954485,HIGHWAY 27 AT REXDALE BLVD (PX 1161),107391,WE
3971,43.7191560004855,-79.6034590041865,QUEENS PLATE DR W TCS AT REXDALE BLVD (PX 622),33648,WE
3972,43.7147610013079,-79.5852379947665,REXDALE BLVD AT TIDEMORE AVE (PX 2371),15643,WE
3973,43.7133180038052,-79.5596890013933,BERGAMOT AVE AT REXDALE BLVD (PX 718),24651,WE
3974,43.6952200017459,-79.4876260004423,TODD BAYLIS BLVD AT TRETHEWEY DR (PX 823),16143,NO
3975,43.6936459956388,-79.277289999493,DANFORTH AVE AT DANFORTH RD (PX 357),61888,EA
3976,43.7233799979155,-79.3021000034533,EGLINTON SQ AT O CONNOR DR & VICTORIA PARK AVE (PX 449),67482,NO
3977,43.6912320035612,-79.2883580010287,DANFORTH AVE AT VICTORIA PARK AVE (PX 355),106748,EA
3978,43.7247229984498,-79.3026450060334,EGLINTON AVE AT VICTORIA PARK AVE (PX 451),66287,NO
3980,43.7543410000801,-79.3140180055558,CASSANDRA BLVD AT VICTORIA PARK AVE (PX 512),17339,NO
3981,43.7578689999837,-79.3152450009711,ELLESMERE RD AT PARKWOODS VILLAGE DR & VICTORIA PARK AVE (PX 517),85016,NO
3983,43.7752439996085,-79.3230170005941,SHEPPARD AVE AT VICTORIA PARK AVE (PX 748),119776,EA
3984,43.7803519978358,-79.3253949976935,HUNTINGWOOD DR & OLD SHEPPARD AVE AT VICTORIA PARK AVE (PX 1,14858,NO
3985,43.7604250033975,-79.570088000387,MILLWICK DR AT PLUNKETT RD (PX 1632),5327,NO
3988,43.7093049816026,-79.3340894944808,# 701- 703 DON MILLS RD AT DON MILLS RD & S OF OVERLEA BLVD,16837,NO
3989,43.7269959960784,-79.2914639961918,EGLINTON AVE AT LEBOVIC AVE (PX 1791),27961,EA
3990,43.7854409955546,-79.3218080027374,PHARMACY AVE AT ROSSCOWAN GT / FAIRGLEN SCHOOL (PX 1753),13982,EA
3991,43.6326860020659,-79.4249290042258,BRITISH COLUMBIA RD AT SASKATCHEWAN RD & DUFFERIN ST (PX 2134),13684,SO
3992,43.6459959967087,-79.4099460000689,NIAGARA ST AT QUEEN ST (PX 553),16140,SO
3993,43.699540537,-79.275801042,BURN HILL RD AT MACK AVE & WARDEN AVE,7558,EA
3995,43.7120449982176,-79.2810030013331,ST CLAIR AVE AT WARDEN AVE (PX 473),106345,EA
3996,43.7278459996581,-79.2876159989679,EGLINTON AVE AT WARDEN AVE (PX 456),68654,EA
3997,43.7250959988176,-79.2865210023524,# 800 WARDEN AVE AT WARDEN AVE 1553M S OF CIVIC RD (PX 1638),14416,EA
3998,43.7611930035313,-79.3007510030287,ELLESMERE RD AT WARDEN AVE (PX 694),144363,EA
3999,43.8196309971665,-79.3244360012383,STEELES AVE AT WARDEN AVE (PX 1191),80513,EA
4000,43.6524880002174,-79.3607059987526,EASTERN AVE AT TRINITY ST (PX 2239),9153,SO
4004,43.6409909982873,-79.4172440031165,KING ST AT SUDBURY ST (PX 1851),17943,SO
4005,43.6511850008423,-79.3749460039816,ADELAIDE ST AT CHURCH ST (PX 17),37836,SO
4006,43.6457329957392,-79.4006360006722,ADELAIDE ST AT PORTLAND ST (PX 1488),14288,SO
4007,43.6462319958985,-79.3981509938974,ADELAIDE ST AT BRANT ST (PX 1807),7530,SO
4008,43.648637999412,-79.3866210000334,ADELAIDE ST AT SIMCOE ST (PX 198),24571,SO
4009,43.6533780017567,-79.3691479979037,RICHMOND ST AT SHERBOURNE ST (PX 256),28677,SO
4010,43.6545590020721,-79.3640229981739,PARLIAMENT ST AT RICHMOND ST (PX 223),13820,SO
4011,43.6494570044027,-79.3891800017963,DUNCAN ST AT RICHMOND ST (PX 267),8419,SO
4012,43.6504399994829,-79.3846500033475,RICHMOND ST AT YORK ST (PX 74),31620,SO
4013,43.6568330004778,-79.358924001293,QUEEN ST AT SUMACH ST (PX 1865),18938,SO
4015,43.624973112,-79.508856888,LOMA RD AT THE QUEENSWAY,17073,WE
4016,43.6377699977746,-79.4664519992512,ELLIS AVE AT THE QUEENSWAY (PX 561),32004,SO
4017,43.6393390006925,-79.4513100015762,GLENDALE AVE AT THE QUEENSWAY (PX 1879),26206,SO
4018,43.783594001106,-79.2993480037971,BAY MILLS BLVD AT BIRCHMOUNT RD & BONIS AVE (PX 1060),33463,EA
4020,43.8006469967414,-79.3070660045927,BIRCHMOUNT RD AT L AMOREAUX DR & SILVER SPRINGS BLVD (PX 1167),13210,EA
4021,43.6619929963657,-79.4896699973536,JANE ST AT ST JOHNS RD (PX 523),10987,WE
4022,43.6789389990978,-79.4968650010086,EAST DR AT JANE ST & OUTLOOK AVE (PX 526),14640,WE
4023,43.7190769994865,-79.5081580027702,BEVERLY HILLS DR AT JANE ST (PX 1409),37690,NO
4024,43.7209150020263,-79.5086339938217,JANE ST AT WILSON AVE (PX 532),85351,NO
4025,43.7345670024801,-79.5119229950945,GILTSPUR DR AT JANE ST (PX 1008),28967,NO
4026,43.7412399967388,-79.5136850048327,CLAIR RD AT JANE ST & SPENVALLEY DR (PX 1127),28012,NO
4027,43.7470939967857,-79.5151280048406,GRANDRAVINE DR AT JANE ST (PX 962),14163,NO
4028,43.7491469980962,-79.5156840050534,EDDYSTONE AVE AT JANE ST (PX 1172),15083,NO
4029,43.7572339969224,-79.5177309991266,FINCH AVE AT JANE ST (PX 534),89745,NO
4030,43.7431219962732,-79.5141430006484,JANE ST AT RITA DR & STANLEY RD (PX 1077),12838,NO
4031,43.6620770033688,-79.3530849949957,DUNDAS ST AT MUNRO ST (PX 1117),9167,SO
4032,43.6563209983055,-79.4524529944193,BLOOR ST W AT DUNDAS ST W (PX 327),105777,SO
4033,43.659940492,-79.453683916,DUNDAS ST AT GLENLAKE AVE,18800,SO
4034,43.663046663,-79.456427569,DUNDAS ST AT HUMBERSIDE AVE,16242,SO
4036,43.653346000658,-79.3961640055043,DUNDAS ST AT HURON ST (PX 1273),13835,SO
4037,43.6552400007205,-79.3860600004801,CHESTNUT ST AT DUNDAS ST (PX 483),20295,SO
4038,43.6385239967894,-79.5380109947048,AUKLAND RD AT DUNDAS ST (PX 1350),21228,WE
4039,43.6452110014344,-79.531982005081,DUNDAS ST AT ROYALAVON CR (PX 1306),11756,WE
4040,43.6467730036529,-79.5305530021208,DUNDAS ST AT MABELLE AVE (PX 1847),19779,WE
4041,43.7081030005441,-79.5319699979315,KNOB HILL DR AT OAK ST (PX 1595),10503,WE
4042,43.7322010042452,-79.2679310030551,EGLINTON AVE AT KENNEDY RD (PX 460),58675,EA
4043,43.7374530016478,-79.2701310028799,BERTRAND AVE AT KENNEDY RD (PX 1057),13364,EA
4044,43.7494969990482,-79.2749339946496,KENNEDY RD AT LAWRENCE AVE (PX 412),136980,EA
4045,43.7532269975695,-79.2762870001521,KENNEDY RD AT WICKWARE GT & MARIGOLD PLAZA (PX 959),18323,EA
4046,43.761298362,-79.279457741,BRIGSTOCK RD AT KENNEDY RD,36807,EA
4047,43.7658020018831,-79.2810779945309,ELLESMERE RD AT KENNEDY RD (PX 696),145949,EA
4048,43.7694209974081,-79.2822569975367,GLAMORGAN AVE AT KENNEDY RD & PROGRESS AVE (PX 692),107779,EA
4049,43.7772530035375,-79.2855579940141,KENNEDY RD AT MTO DRIVEWAY & VILLAGE GREEN SQ (PX 1592),85739,EA
4050,43.7832860020415,-79.2882629959488,KENNEDY RD AT SHEPPARD AVE (PX 752),167975,EA
4051,43.808913234,-79.300469353,KENNEDY RD AT PERTHSHIRE ST,13801,EA
4052,43.8236890021031,-79.3070659963315,KENNEDY RD AT STEELES AVE (PX 1192),200842,EA
4054,43.6780899962053,-79.3149860027181,BOWMORE RD AT GERRARD ST (PX 366),10963,SO
4055,43.7648130042837,-79.5013269942794,MURRAY ROSS PKWY AT SENTINEL RD (PX 1615),15731,NO
4056,43.6710460012671,-79.3831599997752,BLOOR ST E AT CHURCH ST (PX 25),107153,SO
4058,43.6619839983533,-79.4256589977268,BLOOR ST W AT OSSINGTON AVE (PX 341),43411,SO
4059,43.6671609973633,-79.4015380020784,BLOOR ST W AT HURON ST (PX 1401),20505,SO
4060,43.6680329989976,-79.3973799986413,BEDFORD RD AT BLOOR ST (PX 510),32625,SO
4061,43.6320410036915,-79.5751589995812,BLOOR ST AT MILL RD (PX 924),25713,WE
4062,43.6327839987116,-79.5734239979359,BLOOR ST AT FORESTVIEW RD & MAPLEDAWN RD (PX 1835),22174,WE
4065,43.685150777,-79.315271762,DANFORTH AVE AT EAST LYNN AVE & WOODMOUNT AVE,22118,SO
4067,43.6907939981632,-79.2902759939336,DANFORTH AVE AT THYRA AVE (PX 1850),12407,SO
4068,43.721143003649,-79.4809030054127,HIGHWAY 401 S TCS AT KEELE ST (PX 595),61757,NO
4069,43.7244430004485,-79.4815900059447,HIGHWAY 401 N TCS AT KEELE ST (PX 596),240210,NO
4070,43.6616590025705,-79.4629580025015,HUMBERSIDE AVE AT KEELE ST (PX 1729),9681,SO
4071,43.6700329969516,-79.4665069995812,KEELE ST AT WEST TORONTO ST (PX 1757),44538,SO
4072,43.6725340044784,-79.4676229982737,ST CLAIR AVE W AT KEELE ST & WESTON RD (PX 493),150577,SO
4073,43.6849140025685,-79.4728110055541,DONALD AVE AT KEELE ST (PX 590),18859,WE
4074,43.717868998473,-79.4801239985106,KEELE ST AT RUSTIC RD (PX 1319),21248,NO
4075,43.7447770044339,-79.4864519947699,KEELE ST AT SHEPPARD AVE (PX 600),133238,NO
4076,43.7545120034179,-79.4887619977545,KEELE ST AT ST REGIS CRES (PX 1215),32394,NO
4077,43.7635019997785,-79.4910530008597,FINCH AVE AT KEELE ST (PX 601),58964,NO
4078,43.7673120024929,-79.4920470059442,KEELE ST AT MURRAY ROSS PKWY & TANGIERS RD (PX 1450),47475,NO
4079,43.7752130003641,-79.4940480001791,KEELE ST AT CANARCTIC DR & YORK BLVD (PX 956),47025,NO
4080,43.6383240008297,-79.4535050055402,LAKE SHORE BLVD AT PARKSIDE DR (PX 226),58946,SO
4081,43.6737749963123,-79.3682040061856,BLOOR ST E AT CASTLE FRANK RD (PX 295),143978,SO
4082,43.6806010009996,-79.4664529986213,KANE AVE AT LAVENDER RD & OLD WESTON RD (PX 1605),6875,WE
4083,43.676573953,-79.463889603,OLD WESTON RD AT ROCKWELL AVE,27825,SO
4085,43.654763291,-79.477800137,COLBECK ST AT RUNNYMEDE RD,9702,SO
4086,43.6445519973412,-79.5672499997767,BURNHAMTHORPE RD AT THE WEST MALL (PX 875),100555,WE
4087,43.650378297,-79.542182661,BOTFIELD AVE AT BURNHAMTHORPE RD,14707,WE
4089,43.675357653,-79.404788792,DUPONT ST AT HURON ST,21001,SO
4091,43.7719450006866,-79.2619059974406,BRIMLEY RD AT GOLDEN GATE CT & OMNI DR (PX 1826),35440,EA
4092,43.6715569977589,-79.4483029959086,DAVENPORT RD AT LANSDOWNE AVE (PX 389),58663,SO
4093,43.7572180016665,-79.4750799987151,CHESSWOOD DR AT STEEPROCK DR (PX 1513),8290,NO
4097,43.6717810003351,-79.4711239939823,GUNNS RD AT ST CLAIR AVE (PX 1404),38302,SO
4098,43.6747219990465,-79.4576469995474,LAUGHTON AVE AT ST CLAIR AVE (PX 1087),25201,SO
4099,43.6789459994473,-79.438598002125,GLENHOLME AVE AT ST CLAIR AVE (PX 1712),11927,SO
4101,43.6729899993563,-79.4409959940589,DAVENPORT RD AT DUFFERIN ST (PX 388),53376,SO
4102,43.716155924,-79.455199876,DANE AVE AT DUFFERIN ST,33232,NO
4103,43.6779610011606,-79.4430809975772,DUFFERIN ST AT ST CLAIR AVE (PX 488),65765,SO
4105,43.7182570013118,-79.455680005994,DUFFERIN ST AT SAMOR RD (PX 1792),16351,NO
4106,43.7688519967857,-79.4669269987184,DUFFERIN ST AT FINCH AVE (PX 618),113432,NO
4107,43.7872830028875,-79.4700890033715,DUFFERIN ST AT STEELES AVE (PX 619),195593,NO
4109,43.7654209967952,-79.2489580019758,BRIMORTON DR AT MCCOWAN RD (PX 951),17390,EA
4110,43.7555479956993,-79.2454219966729,LAWRENCE AVE AT MCCOWAN RD (PX 380),86493,EA
4112,43.7853810043749,-79.2564749942351,CHANNEL NINE CRT AT MCCOWAN RD & MILNER AVE (PX 1175),31193,EA
4113,43.7896199985453,-79.2588379965267,MCCOWAN RD AT SHEPPARD AVE (PX 938),98979,EA
4114,43.8250800011958,-79.2751400030519,MCCOWAN RD AT 210M S OF ALTON TOWERS CIR N PED TCS (PX 1711),22463,EA
4115,43.779684996401,-79.2512379949791,CONSILIUM PL AT CORPORATE DR (PX 1501),17354,EA
4117,43.7074729970241,-79.3436250025741,OVERLEA BLVD AT THORNCLIFFE PARK DR E (PX 679),69207,SO
4118,43.7070300019873,-79.3456599973649,OVERLEA BLVD #42 AT EAST YORK TOWN CENTRE (PX 1834),34823,SO
4119,43.7674520013201,-79.2391650051201,BELLAMY RD N AT BRIMORTON DR (PX 1017),11490,EA
4120,43.6986849981612,-79.4364610042331,EGLINTON AVE AT W R ALLEN RD W TCS (PX 772),47051,WE
4121,43.6989899961028,-79.4350329972575,EGLINTON AVE AT W R ALLEN RD E TCS (PX 1307),49607,WE
4122,43.7502509974056,-79.4633900003183,SHEPPARD AVE AT W R ALLEN RD (PX 1407),157156,NO
4123,43.761042000483,-79.4652109941606,DUFFERIN ST AT OVERBROOK PL & STEEPROCK DR (PX 1234),53272,NO
4124,43.6420420018132,-79.411969996084,KING ST AT STRACHAN AVE (PX 538),21189,SO
4125,43.6453660033522,-79.4131969964769,QUEEN ST AT STRACHAN AVE (PX 1332),9485,SO
4126,43.7256510009606,-79.2975149974673,EGLINTON AVE AT PHARMACY AVE (PX 452),29064,EA
4127,43.7355820030661,-79.2531899982373,EGLINTON AVE AT FALMOUTH AVE & GILDER DR (PX 217),31943,EA
4128,43.7402600020082,-79.2320530035391,BELLAMY RD N AT EGLINTON AVE E / GO STATION (PX 191),29093,EA
4129,43.7236979972129,-79.3247089959276,ST DENNIS DR AT WYNFORD DR & EGLINTON E/B ON RAMP S TCS (PX 1462),9644,NO
4132,43.7091909966911,-79.3862009988153,EGLINTON AVE AT FORMAN AVE (PX 220),13508,SO
4134,43.6660999980139,-79.5876750061717,EGLINTON AVE W AT RENFORTH DR (PX 926),73432,WE
4135,43.6767299995446,-79.4157860019466,BATHURST ST AT DAVENPORT RD (PX 384),85306,SO
4136,43.6464709991518,-79.4037599994809,BATHURST ST AT RICHMOND ST (PX 298),24407,SO
4137,43.6356739959498,-79.3983650045536,BATHURST ST AT QUEENS QUAY (PX 1593),22781,SO
4138,43.6364840035827,-79.3996490015435,BATHURST ST AT LAKE SHORE BLVD W (PX 216),71896,SO
4139,43.643926004216,-79.402705002212,BATHURST ST AT KING ST (PX 201),119527,SO
4140,43.6451919999774,-79.4032330021891,ADELAIDE ST AT BATHURST ST (PX 1883),102232,SO
4141,43.6488310018909,-79.4046489955711,BATHURST ST AT CARR ST & ROBINSON ST (PX 1808),9551,SO
4142,43.6731500016819,-79.4143909954901,BATHURST ST AT DUPONT ST (PX 305),63999,SO
4143,43.683166999191,-79.4183009950728,BATHURST ST AT ST CLAIR AVE (PX 480),86273,SO
4144,43.6979450039679,-79.4243409979221,AVA RD AT BATHURST ST (PX 505),32624,SO
4145,43.7009920012768,-79.4255610025978,BATHURST ST AT EGLINTON AVE (PX 100),49267,SO
4146,43.7176290038528,-79.4294130023228,BATHURST ST AT CARIBOU RD & DELLPARK AVE (PX 2133),38961,NO
4147,43.7192580018085,-79.429816002816,BATHURST ST AT LAWRENCE AVE (PX 423),115332,NO
4148,43.7624440030504,-79.4401710060418,# 4600 BATHURST ST AT YMHA 335M S OF ELLERSLIE (PX 673),50551,NO
4149,43.756790757,-79.438791142,BATHURST ST AT COCKSFIELD AVE,15621,NO
4150,43.773858996676,-79.4430079979862,BATHURST ST AT FINCH AVE W (PX 675),164179,NO
4151,43.7431820018926,-79.2189130009699,EGLINTON AVE E AT MARKHAM RD (PX 463),106279,EA
4152,43.8425160016741,-79.2258639974125,NINTH LINE AT STEELES AVE (PX 1979),23580,EA
4153,43.7598219974576,-79.2253240008177,LAWRENCE AVE AT MARKHAM RD (PX 420),85907,EA
4154,43.7817459980458,-79.2338900025899,MARKHAM RD AT PROGRESS AVE & PROGRESS CRT (PX 878),109074,EA
4155,43.7938689980114,-79.2387529992647,MARKHAM RD AT SHEPPARD AVE (PX 701),132167,EA
4156,43.8129710006548,-79.2430759998232,FINCH AVE AT MARKHAM RD (PX 1257),121270,EA
4157,43.8202380008992,-79.2461869972857,MARKHAM RD AT NASHDENE RD (PX 1620),20341,EA
4158,43.8365979968062,-79.2511890037329,MARKHAM RD AT STEELES AVE (PX 1583),93607,EA
4159,43.6444529993708,-79.4000970046864,KING ST AT PORTLAND ST (PX 1225),17411,SO
4160,43.648067003628,-79.3996759945446,AUGUSTA AVE AT QUEEN ST (PX 552),15902,SO
4161,43.6384933184739,-79.3922415927836,LAKE SHORE BLVD W AT LOWER SPADINA AVE (PX 215),57119,SO
4162,43.6427380003057,-79.393928003032,FRONT ST AT SPADINA AVE (PX 272),142268,SO
4163,43.6467399997327,-79.3955699992994,ADELAIDE ST AT SPADINA AVE (PX 274),130667,SO
4165,43.6478069983399,-79.3959690008641,RICHMOND ST AT SPADINA AVE (PX 275),104373,SO
4166,43.6509019962358,-79.3972390021374,SPADINA AVE AT SULLIVAN ST (PX 1335),8014,SO
4167,43.652944004499,-79.3980490041488,DUNDAS ST AT SPADINA AVE (PX 277),24450,SO
4168,43.6544029962107,-79.3986440027187,SPADINA AVE AT ST ANDREWS ST (PX 1146),7795,SO
4169,43.6558509957541,-79.3992310023226,NASSAU ST AT SPADINA AVE (PX 278),5817,SO
4170,43.6579480015013,-79.40004800215,COLLEGE ST AT SPADINA AVE (PX 279),60850,SO
4172,43.6613019966444,-79.4014100005626,SPADINA AVE AT WILLCOCKS ST (PX 1761),8760,SO
4173,43.663051999186,-79.4021090034347,HARBORD ST AT SPADINA AVE (PX 280),16359,SO
4174,43.6646560003837,-79.4027399984052,SPADINA AVE AT SUSSEX AVE (PX 1760),9922,SO
4175,43.6666569991983,-79.4038699943789,BLOOR ST AT SPADINA AVE & SPADINA RD (PX 281),82064,SO
4176,43.637653003792,-79.391888999842,LOWER SPADINA AVE AT QUEENS QUAY (PX 2410),22206,SO
4177,43.6454700030013,-79.3950459963437,KING ST AT SPADINA AVE (PX 273),239486,SO
4178,43.6774159982579,-79.4081299990149,DAVENPORT RD AT SPADINA RD (PX 1023),9283,SO
4179,43.6487650006283,-79.3963809968113,QUEEN ST AT SPADINA AVE (PX 276),116570,SO
4180,43.674856999541,-79.4071219955227,DUPONT ST AT SPADINA RD (PX 840),39370,SO
4184,43.6447479957399,-79.3917939962738,BLUE JAYS WAY AT WELLINGTON ST (PX 1682),26435,SO
4185,43.6434209988582,-79.391285005068,BLUE JAYS WAY AT FRONT ST W (PX 1580),28868,SO
4186,43.8044929961069,-79.2242289988277,TAPSCOTT RD AT WASHBURN WAY & MALVERN TOWN CENTRE (PX 1708),5779,EA
4187,43.6466030020961,-79.3897729942852,JOHN ST AT KING ST (PX 1320),27284,SO
4188,43.6473949971511,-79.3861099975775,KING ST AT SIMCOE ST (PX 199),7759,SO
4189,43.6687199975198,-79.3941410047002,AVENUE RD AT BLOOR ST W & QUEENS PARK (PX 86),171214,SO
4190,43.67669127,-79.397423563,AVENUE RD AT ROXBOROUGH ST,18590,SO
4191,43.678164139,-79.397996957,AVENUE RD AT MACPHERSON AVE (NORTH INTERSECTION),21023,SO
4192,43.6866400031138,-79.4014949949487,AVENUE RD AT ST CLAIR AVE W (PX 112),145522,SO
4193,43.6887209992919,-79.4023379941579,AVENUE RD AT HEATH ST (PX 603),41736,SO
4194,43.7139749997728,-79.4118860038116,AVENUE RD AT LYTTON BLVD (PX 1769),36891,SO
4196,43.7398709966229,-79.4216469952154,AVENUE RD AT WILSON AVE (PX 123),63216,NO
4197,43.6659682513284,-79.392978316603,QUEENS PARK CRES AT QUEENS PARK RD (PX 227),32054,SO
4198,43.648869002318,-79.3855560013834,ADELAIDE ST AT UNIVERSITY AVE (PX 78),203032,SO
4199,43.653106998411,-79.3875819973083,ARMOURY ST AT UNIVERSITY AVE (PX 166),67562,SO
4200,43.6547899971341,-79.3883140021518,DUNDAS ST W AT UNIVERSITY AVE (PX 81),123909,SO
4201,43.6575289991005,-79.3894889938849,GERRARD ST AT UNIVERSITY AVE (PX 1608),80388,SO
4202,43.6452919970234,-79.3824709945498,FRONT ST W AT UNIVERSITY AVE & YORK ST (PX 75),97012,SO
4203,43.762634000369,-79.4138189982251,BEECROFT RD AT ELMHURST AVE (PX 1783),18713,NO
4204,43.6429119965406,-79.3814749973358,BREMNER BLVD AT YORK ST (PX 1755),49870,SO
4205,43.6479240041335,-79.3835779986546,KING ST AT YORK ST (PX 72),11677,WE
4206,43.6581730029893,-79.3864150051833,ELIZABETH ST AT GERRARD ST (PX 1358),17442,SO
4207,43.6411520012208,-79.3768409985475,BAY ST AT HARBOUR SQ & QUEENS QUAY (PX 2416),10279,SO
4208,43.6459869966748,-79.3791339961899,BAY ST AT FRONT ST W (PX 59),24963,SO
4209,43.6486500031974,-79.3802779942645,BAY ST AT KING ST (PX 61),21605,SO
4210,43.6573070037759,-79.3844149971193,BAY ST AT ELM ST (PX 913),32605,SO
4211,43.6624689979815,-79.3863830008235,BAY ST AT GROSVENOR ST (PX 193),24821,SO
4212,43.6713559999187,-79.3901989976741,BAY ST AT YORKVILLE AVE (PX 895),29080,SO
4213,43.7432420025419,-79.3046449988977,LAWRENCE AVE AT PHARMACY AVE (PX 408),85828,EA
4214,43.7475179991836,-79.2848360046077,BIRCHMOUNT RD AT LAWRENCE AVE (PX 410),54377,EA
4215,43.7587599977244,-79.2304299956737,LAWRENCE AVE AT CEDARBRAE MALL W TCS 245M E OF GREENBRAE(PX 1006),16923,EA
4217,43.7581840043566,-79.2330769989999,GREENBRAE CRCT AT GREENCEDAR CRCT & LAWRENCE AVE (PX 419),17464,EA
4218,43.7786450039637,-79.1408209974942,BRIDGEPORT DR AT CHARLOTTETOWN BLVD & LAWRENCE AVE (PX 1827),6040,EA
4219,43.7036139995688,-79.5000519998911,BLACKSTONE ST AT DUCKWORTH ST & LAWRENCE AVE (PX 2000),8906,NO
4220,43.8122189998248,-79.2257449965017,CROW TRL AT NEILSON RD (PX 1728),16866,EA
4221,43.7855409986652,-79.206292004696,LIVONIA PL AT NEILSON RD & PURPLEDUSK TRL (PX 1778),16126,EA
4222,43.7526879957776,-79.4081850057908,HIGHWAY 401 S TCS AT LORD SEATON RD & YONGE ST (PX 1259),85664,NO
4223,43.7473020010599,-79.4074499974863,WILLIAM CARSON CRES AT YONGE ST (PX 508),23981,NO
4225,43.6755879989725,-79.3889869984761,YONGE ST AT AYLMER AVE & BELMONT ST (PX 42),67427,SO
4226,43.690199001807,-79.3949360029505,HEATH ST W AT YONGE ST (PX 1291),49370,SO
4227,43.7067309998852,-79.3983660053511,EGLINTON AVE AT YONGE ST (PX 49),76375,SO
4228,43.7251010003066,-79.4021949941736,LAWRENCE AVE AT YONGE ST (PX 55),81426,SO
4229,43.7599470002509,-79.4105590035613,POYNTZ AVE AT YONGE ST (PX 945),62798,NO
4230,43.7615080021222,-79.4109369995849,SHEPPARD AVE AT YONGE ST (PX 125),223968,NO
4231,43.7632620005318,-79.4113779967333,ELMHURST AVE AT GREENFIELD AVE & YONGE ST (PX 1100),51734,NO
4232,43.7666869988071,-79.4122469987925,ELMWOOD AVE AT NORTH YORK BLVD & YONGE ST (PX 1099),25151,NO
4233,43.7816370012459,-79.4160010015757,BISHOP AVE AT HENDON AVE & YONGE ST (PX 1151),101907,NO
4236,43.7979989978168,-79.4200839983631,STEELES AVE AT YONGE ST (PX 131),332416,NO
4237,43.6922239964703,-79.5677279980466,DIXON RD AT RAMP HIGHWAY 401 E/B (PX 794),39781,WE
4238,43.686558002076,-79.5994189958282,DIXON RD AT HIGHWAY 427 N/B OFF RAMP (PX 1250),42506,WE
4239,43.6879480009482,-79.5868230050745,ATTWELL DR AT DIXON RD & SKYWAY AVE (PX 953),22393,WE
4240,43.6456310039051,-79.3698550005375,LAKE SHORE BLVD AT LOWER JARVIS ST (PX 210),44316,SO
4241,43.6494499970874,-79.3714639959891,FRONT ST E AT LOWER JARVIS ST & JARVIS ST (PX 2),63082,SO
4242,43.6504630011365,-79.3719129962965,JARVIS ST AT KING ST E (PX 3),161140,SO
4243,43.6699730000565,-79.3799049943774,CHARLES ST E AT JARVIS ST & MOUNT PLEASANT RD (PX 13),86017,SO
4245,43.7060840034044,-79.3892919949504,MOUNT PLEASANT RD AT SOUDAN AVE (PX 1009),33840,SO
4246,43.7178899959747,-79.3941559976145,BLYTHWOOD RD AT MOUNT PLEASANT RD (PX 140),35637,SO
4248,43.6490460030166,-79.36730099862,LOWER SHERBOURNE ST AT THE ESPLANADE (PX 1441),9618,SO
4249,43.6696559956365,-79.3757899946474,ISABELLA ST AT SHERBOURNE ST (PX 1391),8303,SO
4250,43.6712719982172,-79.3764490036737,HOWARD ST AT SHERBOURNE ST (PX 1458),8229,SO
4251,43.7642589959731,-79.2877170019534,ELLESMERE RD AT MONDEO DR & STATTON PUBLIC SCHOOL (PX 1607),39056,EA
4252,43.7651679986333,-79.2838370004834,DUNDALK DR AT ELLESMERE RD & WYE VALLEY RD (PX 2066),40400,EA
4253,43.7679239978028,-79.2711099948025,ELLESMERE RD AT MIDLAND AVE (PX 697),53756,EA
4254,43.7743339999201,-79.2417589942758,BELLAMY RD N AT ELLESMERE RD (PX 700),38021,EA
4255,43.7901100023015,-79.1734009966278,ELLESMERE RD AT MORRISH RD (PX 1614),5769,EA
4257,43.6515680014606,-79.3627399965426,FRONT ST E AT PARLIAMENT ST (PX 244),39427,SO
4258,43.6556150040245,-79.3644619956306,PARLIAMENT ST AT QUEEN ST (PX 246),18089,SO
4259,43.6642849960948,-79.3679809972324,CARLTON ST AT PARLIAMENT ST (PX 250),26786,SO
4260,43.6658750041194,-79.3686319955853,PARLIAMENT ST AT WINCHESTER ST (PX 922),8447,SO
4261,43.7784439993296,-79.2591729963176,PROGRESS AVE AT RAMP HIGHWAY 401 E/B & SCAR TOWN CENTRE (PX 1526),12312,EA
4262,43.7784849955906,-79.2554450059152,CORPORATE DR AT PROGRESS AVE & SCARBOROUGH TOWN CENTRE (PX 1385),14107,EA
4263,43.6422479959746,-79.5660010008574,CIVIC CENTRE CRT AT THE WEST MALL (PX 1525),14482,WE
4267,43.735146531,-79.444615874,CHAMPLAIN BLVD AT WILSON AVE,26702,NO
4268,43.7190959960114,-79.5168459975735,BEVERLY HILLS DR AT WILSON AVE (PX 2238),28618,NO
4269,43.7187610041526,-79.5184290048461,JETHRO RD AT WILSON AVE (PX 1371),32660,NO
4271,43.7497439989407,-79.3787570030832,HARRISON RD AT YORK MILLS RD (PX 1297),13004,NO
4272,43.7570529999057,-79.3413600050377,SILVERDALE CRES AT VALENTINE DR & YORK MILLS RD (PX 978),17913,NO
4274,43.6701969974788,-79.3601519991226,BAYVIEW AVE AT ROSEDALE VALLEY RD (PX 282),39283,SO
4275,43.698730978,-79.372503776,BAYVIEW AVE AT SUTHERLAND DR,56863,SO
4276,43.7042689964237,-79.3746150032191,BAYVIEW AVE AT MILLWOOD RD (PX 171),17364,SO
4277,43.717255314,-79.378204085,# 1929 BAYVIEW AVE AT BAYVIEW AVE,19695,NO
4278,43.7209750042435,-79.3789389950521,BAYVIEW AVE AT BLYTHWOOD RD & WELLNESS WAY (PX 200),24005,NO
4279,43.7369440032702,-79.484559001656,KEELE ST AT WHITBURN CRES (PX 1255),36382,NO
4280,43.7330399968726,-79.3812399946962,# 2365 BAYVIEW AVE AT CRESCENT SCHOOL (PX 1766),25728,NO
4281,43.7480590001619,-79.384154996538,BAYVIEW AVE AT YORK MILLS RD (PX 644),124023,NO
4282,43.766588995603,-79.3880560011968,BAYVIEW AVE AT SHEPPARD AVE (PX 648),192325,NO
4284,43.7922969999153,-79.3935960040456,BAYVIEW AVE AT CUMMER AVE (PX 651),25133,NO
4285,43.8032699961068,-79.3962299959798,BAYVIEW AVE AT STEELES AVE (PX 652),109297,NO
4286,43.5922950040153,-79.5428339959882,BROWNS LINE AT LAKE SHORE BLVD (PX 242),63501,WE
4287,43.7727009969719,-79.1877780038679,MORNINGSIDE AVE AT TEFFT RD (PX 1739),17520,EA
4288,43.7853440023858,-79.1933420001643,ELLESMERE RD AT MORNINGSIDE AVE (PX 719),70872,EA
4289,43.8187680018925,-79.2150760056783,MORNINGSIDE AVE AT OLD FINCH AVE & FINCH AVE (PX 1787),19816,EA
4290,43.7519600012273,-79.297389997306,MANHATTAN DR AT WARDEN AVE (PX 914),35183,EA
4292,43.6762019988253,-79.3588719975307,BROADVIEW AVE AT DANFORTH AVE (PX 294),113104,SO
4293,43.6859790036305,-79.3562970053072,BROADVIEW AVE AT HILLSIDE DR (PX 1812),17046,SO
4294,43.8105479978716,-79.2139319970689,MCLEVIN AVE AT SEWELLS RD (PX 1700),10335,EA
4296,43.6724219970166,-79.5622470030458,MARTIN GROVE RD AT NOTTINGHILL GT & WINTERTON DR (PX 1785),7920,WE
4297,43.683336003284,-79.5671629987155,MARTIN GROVE RD AT REDGRAVE AVE & THE WESTWAY (PX 787),20457,WE
4298,43.7509009992157,-79.5985979941832,MARTIN GROVE RD AT SILVERSTONE DR (PX 1519),9864,WE
4299,43.7705099977291,-79.3308999987993,CONSUMERS RD AT PARKWAY PL & 90M S OF YORKLAND (PX 1280),16514,NO
4302,43.655810419,-79.337899492,CARLAW AVE AT LANEWAY 75M N OF LAKE SHORE BLVD E,8042,SO
4303,43.711793532,-79.364086002,LAIRD DR AT VANDERHOOF AVE,21454,SO
4304,43.6789510012098,-79.3448420042793,DANFORTH AVE AT PAPE AVE (PX 345),66868,SO
4305,43.7955940028267,-79.2303209972918,GATEFORTH DR AT SHEPPARD AVE (PX 1789),9905,EA
4306,43.8030770020205,-79.1948800057969,GRAND MARSHALL DR AT SHEPPARD AVE & WATER TOWER GT (PX 1786),15875,EA
4307,43.803094377,-79.155669231,SHEPPARD AVE AT VANDORF ST,5977,EA
4308,43.7981219999097,-79.2176649956686,NEILSON RD AT SHEPPARD AVE E (PX 1222),85823,EA
4309,43.8062879969645,-79.1803929942472,DEAN PARK RD AT ROUGE RIVER DR & SHEPPARD AVE (PX 1989),18119,EA
4310,43.7750990007443,-79.331235997518,SHEPPARD AVE E AT BRIAN DR & CONSUMERS RD (PX 906),67986,NO
4311,43.7737289975791,-79.3533229963672,SHAUGHNESSY BLVD AT SHEPPARD AVE E (PX 745),56318,NO
4312,43.7356960003888,-79.5293270061268,ARROW RD AT SHEPPARD AVE (PX 861),23227,NO
4315,43.6858419965568,-79.3395269946075,DONLANDS AVE AT SAMMON AVE (PX 659),13682,SO
4316,43.6911719996209,-79.3416900010339,COSBURN AVE AT DONLANDS AVE (PX 668),11794,SO
4317,43.7397239969432,-79.580402002839,ALBION RD AT KIPLING AVE (PX 734),45786,WE
4319,43.6115419984935,-79.5225520042066,KIPLING AVE AT TORLAKE CRES (PX 946),21291,WE
4320,43.6209179956827,-79.5267410052857,KIPLING AVE AT THE QUEENSWAY (PX 568),95897,WE
4321,43.6355269973931,-79.5327399982724,KIPLING AVE AT OLIVEWOOD RD (PX 1323),36256,WE
4322,43.641794003761,-79.5353600022409,BLOOR ST AT KIPLING AVE (PX 1321),33780,WE
4323,43.6598580030827,-79.5432250015683,KIPLING AVE AT RATHBURN RD (PX 727),51119,WE
4324,43.6700810024796,-79.5477500014642,KIPLING AVE AT PRINCESS MARGARET BLVD (PX 728),27561,WE
4325,43.6789370037179,-79.5517119968769,KIPLING AVE AT WIDDICOMBE HILL BLVD (PX 1359),32331,WE
4326,43.685624998557,-79.5547030027643,KIPLING AVE AT THE WESTWAY (PX 730),46210,WE
4327,43.744497306,-79.582711626,KIPLING AVE AT STEVENSON RD,12838,WE
4328,43.660553261,-79.32905935,LESLIE ST AT MOSLEY ST,8117,SO
4329,43.7548470038053,-79.3604079964925,COLDWATER RD AT FARMSTEAD RD & LESLIE ST (PX 2112),47972,NO
4331,43.7637430030248,-79.3619190010597,HIGHWAY 401 S TCS AT LESLIE ST & LESMILL RD (PX 754),38156,NO
4334,43.7983180005643,-79.1657470011824,HIGHWAY 401 E/B OFF/ON RAMP AT MEADOWVALE RD (PX 1695),8113,EA
4335,43.8083759964357,-79.17081100203,MEADOWVALE RD AT SHEPPARD AVE E (PX 1220),38058,EA
4336,43.8229069988491,-79.1774550018825,MEADOWVALE RD AT ZOO RD & NORTH ACCESS (PX 1798),6938,EA
4337,43.6955739984296,-79.3396480045099,DON MILLS RD AT O CONNOR DR (PX 444),116769,SO
4339,43.7205000044364,-79.3388729983062,DON MILLS RD AT EGLINTON AVE (PX 454),355680,NO
4340,43.7447349985301,-79.3454449965527,CHIPPING RD AT DON MILLS RD (PX 1045),15380,NO
4342,43.7482140000792,-79.3463520017443,DON MILLS RD AT MALLARD RD (PX 1044),22416,NO
4343,43.755810996537,-79.347045002326,DON MILLS RD AT YORK MILLS RD (PX 626),142897,NO
4344,43.7751070040083,-79.347040002097,DON MILLS RD AT SHEPPARD AVE (PX 627),107712,NO
4345,43.8070289991495,-79.3568519953602,CLIFFWOOD RD N AT DON MILLS RD (PX 1107),14644,NO
4346,43.6868840027768,-79.3346680014332,GREENWOOD AVE AT SAMMON AVE (PX 658),12597,SO
4347,43.8201199964002,-79.2620949976793,MCNICOLL AVE AT MIDDLEFIELD RD (PX 1582),47156,EA
4348,43.6753370043167,-79.320300000353,COXWELL AVE AT FAIRFORD AVE & GERRARD ST E (PX 367),50329,SO
4349,43.6905869983688,-79.3265740019427,COXWELL AVE AT MORTIMER AVE (PX 661),22070,SO
4350,43.737235996563,-79.5653049945633,ALBION RD AT ISLINGTON AVE (PX 717),101083,WE
4351,43.7136570012364,-79.554966994179,ISLINGTON AVE AT REXDALE BLVD (PX 714),39802,WE
4352,43.7600270034649,-79.5718190033856,ISLINGTON AVE AT MILLWICK DR & MUIR AVE (PX 1199),28616,NO
4353,43.636866361,-79.520190197,ISLINGTON AVE AT SIX POINT RD,15667,WE
4355,43.705109000217,-79.5504400060772,ISLINGTON AVE AT MONOGRAM PL (PX 1609),37870,WE
4357,43.635885002538,-79.5198060029065,ADVANCE RD AT ISLINGTON AVE (PX 2257),16998,WE
4358,43.656814468,-79.528763269,FINCHLEY RD AT ISLINGTON AVE & ORRELL AVE,30799,WE
4359,43.7584779977631,-79.5706929967661,ISLINGTON AVE AT SATTERLY RD (PX 1715),23477,NO
4360,43.7643430030563,-79.5748710055469,ISLINGTON AVE AT STEELES AVE (PX 1208),81918,EA
4361,43.7540289956679,-79.5327659994544,FINCH AVE AT HIGHWAY 400 W TCS (PX 1095),67802,NO
4362,43.754956004101,-79.5285280032922,FINCH AVE AT HIGHWAY 400 E TCS (PX 809),65053,NO
4363,43.7936299990283,-79.3504410015978,AU LARGE BLVD AT FINCH AVE & SENECA HILL DR (PX 1183),23234,NO
4364,43.7989979995184,-79.3059809951566,BIRCHMOUNT RD AT FINCH AVE E (PX 1138),76086,EA
4365,43.804644002819,-79.2821509991523,ALEXMUIR BLVD AT CHARTLAND BLVD & FINCH AVE (PX 1179),15141,EA
4366,43.7862540001162,-79.3866459945267,FINCH AVE AT HEATHVIEW AVE & TOLLERTON AVE (PX 1070),34440,NO
4367,43.7935280023585,-79.3369829953634,CHEROKEE BLVD AT FINCH AVE (PX 1144),19706,NO
4368,43.7340970037127,-79.6099130003582,FINCH AVE AT HUMBER COLLEGE BLVD (PX 1496),29479,WE
4369,43.7610630019833,-79.5000039990403,FINCH AVE AT SENTINEL RD (PX 808),41015,NO
4370,43.7678260005072,-79.4714800031421,FINCH AVE W AT ALNESS ST & CHAMPAGNE DR (PX 1000),22823,NO
4371,43.7702530013406,-79.4607239952869,FINCH AVE W AT WILMINGTON AVE (PX 890),35624,NO
4372,43.776493002491,-79.4302550050593,FINCH AVE W AT SENLAC RD (PX 812),32987,NO
4373,43.7804750011691,-79.4123150039668,FINCH AVE AT KENNETH AVE (PX 1205),51057,NO
4374,43.7360170027527,-79.5949559965062,FINCH AVE AT JOHN GARLAND BLVD & SILVERSTONE DR (PX 1224),13190,WE
4375,43.791993342,-79.141864121,PORT UNION RD AT ROZELL RD,32912,EA
4376,43.7989240015282,-79.1462229994315,KINGSTON RD AT PORT UNION RD & SHEPPARD AVE (PX 1201),97597,EA
4377,43.7861359996337,-79.1394060032625,CONFERENCE BLVD AT PORT UNION RD (PX 1901),7250,EA
4378,43.6618200032578,-79.5177699971018,HUMBERTOWN PLAZA AT ROYAL YORK & 45M N OF STRATH HUMBER (PX 1370),24713,WE
4379,43.6701120011126,-79.5213820005995,EDENBRIDGE DR AT ROYAL YORK RD (PX 1765),22606,WE
4380,43.7001559973995,-79.3190310047967,OCONNOR DR AT WOODBINE AVE (PX 446),200842,SO
4381,43.673927996521,-79.3079260023247,KINGSTON RD AT WOODBINE AVE (PX 162),120907,SO
4382,43.678184203,-79.309671628,BURGESS AVE AT WOODBINE AVE,8397,SO
4383,43.6856840012281,-79.3127780056078,DANFORTH AVE AT WOODBINE AVE (PX 351),98650,SO
4385,43.8034109996864,-79.3418550011574,HAROLD EVANS CRES AT MCNICOLL AVE & PLACER CRT (PX 1819),19819,NO
4386,43.6655240019982,-79.499207004161,DUNDAS ST AT SCARLETT RD (PX 496),66888,SO
4387,43.666905903,-79.499552403,BERNICE CR AT SCARLETT RD,9546,WE
4388,43.6660730029271,-79.4992650031001,SCARLETT RD AT ST CLAIR AVE (PX 2010),52755,WE
4389,43.668004006,-79.500458691,EILEEN AVE AT SCARLETT RD,19566,WE
4390,43.6768380021495,-79.506036001599,EAST DR AT SCARLETT RD (PX 782),36209,WE
4391,43.6839620012535,-79.5114570043453,EGLINTON AVE AT SCARLETT RD (PX 784),78300,WE
4392,43.685512721,-79.512485159,RICHVIEW RD AT SCARLETT RD,23593,WE
4393,43.6868479981105,-79.5131469986756,LA ROSE AVE AT SCARLETT RD (PX 1891),10424,WE
4394,43.6981749961318,-79.5232939942172,LAWRENCE AVE AT SCARLETT RD (PX 432),48564,WE
4395,43.8372410025097,-79.2484900028956,STEELES AVE AT TAPSCOTT RD (PX 2062),13740,EA
4396,43.8040339967673,-79.3927340034043,OLD ENGLISH LANE AT STEELES AVE & BAYVIEW GATES (PX 1859),19608,NO
4397,43.85316882,-79.180023276,BEARE RD AT STEELES AVE,18914,EA
4398,43.7696679977234,-79.5496000032866,IRONDALE DR AT PEARCE RD & STEELES AVE (PX 1611),16046,NO
4399,43.7714919965798,-79.540660003426,DIRECTOR CRT AT ROSSDEAN DR & STEELES AVE (PX 1612),20610,NO
4400,43.7934490014975,-79.4410559975358,EMERALD LANE AT STEELES AVE & VILLAGE GT (PX 1600),20626,NO
4401,43.7970300035377,-79.4248400048056,STEELES AVE W AT CENTREPOINT MALL 385M WEST OF YONGE ST (PX 1400),45377,NO
4402,43.8055680006866,-79.3857830024125,LAURELEAF RD AT STEELES AVE (PX 935),20483,NO
4403,43.7763620041829,-79.5170100057249,MURRAY ROSS PKWY AT STEELES AVE W (PX 1735),70082,NO
4404,43.824797979,-79.302300007,PACIFIC MALL DRIVEWAY AT STEELES AVE E,38325,EA
4405,43.6324539955056,-79.4108949939769,LAKE SHORE BLVD AT NEWFOUNDLAND RD & ONTARIO PLACE BLVD (PX 1345),21085,SO
4406,43.6403399958115,-79.3831869970678,LAKE SHORE BLVD AT LOWER SIMCOE ST (PX 1747),21421,SO
4407,43.5933960003354,-79.5381799940711,LAKE SHORE BLVD AT THIRTY-SEVENTH ST (PX 241),25312,WE
4408,43.5964180001343,-79.5249949991571,LAKE SHORE BLVD AT TWENTY SEVENTH ST (PX 766),10019,WE
4409,43.6012590038253,-79.5030300005897,FIFTH ST AT LAKE SHORE BLVD (PX 1324),8023,WE
4410,43.6036509985654,-79.4931650045066,LAKE SHORE BLVD AT ROYAL YORK RD (PX 233),38540,WE
4411,43.6229680022022,-79.481210997272,LAKE SHORE BLVD AT MARINE PARADE DR & PARK LAWN RD (PX 230),106287,WE
4412,43.7579560029742,-79.3372459996718,DON VALLEY PKWY W TCS AT YORK MILLS RD (PX 1495),18242,NO
4413,43.7588999984883,-79.3340630025389,DON VALLEY PKWY E TCS AT YORK MILLS RD (PX 756),19739,NO
4414,43.7189059978876,-79.3044680026554,O CONNOR DR AT SUNRISE AVE (PX 520),12380,NO
4419,43.720183395,-79.238098388,GRADWELL DR AT KINGSTON RD,15376,EA
4420,43.7620140026786,-79.1947410036774,GALLOWAY RD AT KINGSTON RD (PX 145),49781,EA
4421,43.765982000992,-79.1910729949555,KINGSTON RD AT POPLAR RD (PX 1373),20080,EA
4422,43.678126485,-79.301181388,KINGSTON RD AT LEE AVE,12123,SO
4423,43.6676849998083,-79.5905820017391,HIGHWAY 401 S TCS AT RENFORTH DR (PX 925),28275,WE
4424,43.6768389976582,-79.4103660040617,DAVENPORT RD AT KENDAL AVE & WALMER RD (PX 383),45671,SO
4425,43.672928572,-79.389460381,DAVENPORT RD AT MCMURRICH ST,17536,SO
4426,43.7170229995413,-79.5372900010037,ALBION RD AT WALSH AVE & WESTON RD (PX 587),48186,NO
4427,43.737915133,-79.539211329,VEROBEACH BLVD AT WESTON RD,12392,NO
4429,43.6903790028559,-79.4986920022212,ERNEST DOCKRAY AVE AT WESTON RD (PX 1126),13217,WE
4430,43.6788989988379,-79.4740749982882,NORTHLAND AVE AT WESTON RD (PX 1434),15793,WE
4431,43.6869929977948,-79.4895320044771,EGLINTON AVE AT WESTON RD (PX 468),37680,WE
4432,43.7315689973838,-79.5374950058229,MAINSHEP RD AT WESTON RD (PX 2422),34409,NO
4433,43.7574660031374,-79.543761993849,FENMAR DR AT WESTON RD (PX 1149),9685,NO
4434,43.7702810010402,-79.5465260053289,STEELES AVE AT WESTON RD (PX 1289),71932,NO
4435,43.6962370011043,-79.5081989966071,DENISON RD AT WESTON RD (PX 580),22387,WE
4436,43.6992709972481,-79.5869999955004,BELFIELD RD AT HIGHWAY 27 (PX 1160),23469,WE
4437,43.7113602,-79.592773135,HIGHWAY 27 AT VICE REGENT BLVD,47935,WE
4438,43.73912599952,-79.605448001438,CARRIER DR AT HIGHWAY 27 (PX 1159),15505,WE
4439,43.7419239960473,-79.5942100026002,ALBION RD AT MARTIN GROVE RD (PX 791),64061,WE
4440,43.7498700019795,-79.6392639994335,ALBION RD AT STEELES AVE & HIGHWAY 50 (PX 2312),26065,WE
4442,43.640856368,-79.387622745,BREMNER BLVD AT REES ST,22686,SO
4443,43.7645149977524,-79.3181639989003,FARM GRWY AT TERRAVIEW BLVD & VICTORIA PARK AVE (PX 1914),57638,EA
4445,43.800430516,-79.33469482,NAVAHO DR AT VICTORIA PARK AVE,22673,NO
4448,43.70642000053,-79.289419997168,BOLSTER AVE AT NANCY AVE & PHARMACY AVE (PX 2170),11608,EA
4449,43.7550149982352,-79.3093779964537,DEWEY DR AT PHARMACY AVE (PX 1882),23069,EA
4451,43.6526820023275,-79.3780909975752,QUEEN ST AT VICTORIA ST (PX 28),15065,SO
4452,43.647460738,-79.37576351,FRONT ST E AT SCOTT ST,8863,SO
4454,43.6877589966203,-79.2709180037336,KINGSTON RD AT WARDEN AVE (PX 156),36648,EA
4456,43.7544019992868,-79.2983880014004,TOWER DR AT WARDEN AVE (PX 1469),18219,EA
4457,43.7378719989255,-79.2916900023064,WARDEN AVE AT WAYNE AVE (PX 1286),15113,EA
4458,43.703670996606,-79.2775089942584,FIRVALLEY CRT AT WARDEN AVE (PX 689),7937,EA
4459,43.7330800019134,-79.2897299967373,BERTRAND AVE AT WARDEN AVE (PX 1031),34931,EA
4460,43.7584909995712,-79.3000340010923,CANADIAN RD AT WARDEN AVE (PX 1692),45922,EA
4461,43.7655799973,-79.3021699946534,LUPIN DR AT WARDEN AVE (PX 2258),46280,EA
4462,43.7672070001458,-79.3028079972683,METROPOLITAN RD AT WARDEN AVE (PX 958),23432,EA
4463,43.7730889965145,-79.3053559975575,ARKONA DR AT CLOVERLEAF GT & WARDEN AVE (PX 927),22950,EA
4464,43.775939109,-79.306563099,CASS AVE AT PALMDALE DR & WARDEN AVE,35512,EA
4465,43.7854770033652,-79.3109519999502,HUNTINGWOOD DR AT WARDEN AVE (PX 871),41470,EA
4466,43.7967720021072,-79.315766003199,FINCH AVE AT WARDEN AVE (PX 1035),50693,EA
4469,43.6516040019282,-79.3710780023346,ADELAIDE ST AT GEORGE ST (PX 1963),18661,SO
4470,43.6535639991237,-79.3635979983947,ADELAIDE ST AT PARLIAMENT ST (PX 214),20578,SO
4471,43.6498919999844,-79.3808100001703,ADELAIDE ST AT BAY ST (PX 62),62418,SO
4472,43.665291701,-79.321291115,QUEEN ST AT WOODFIELD RD,4955,SO
4475,43.6290499997715,-79.4903640008909,PARK LAWN RD AT THE QUEENSWAY (PX 564),67313,WE
4476,43.8162039971033,-79.3145399998999,BIRCHMOUNT RD AT SANWOOD BLVD & WINTERMUTE BLVD (PX 1504),11084,EA
4477,43.7237190009284,-79.2753309982737,BIRCHMOUNT RD AT COMSTOCK RD (PX 885),22698,EA
4478,43.7352399957028,-79.2798700005255,BERTRAND AVE AT BIRCHMOUNT RD (PX 886),33750,EA
4479,43.755850998346,-79.2882509973104,BIRCHMOUNT RD AT LAURA SECORD WALK (PX 1268),15638,EA
4480,43.7904399964523,-79.3022949978243,BIRCHMOUNT RD AT HUNTINGWOOD DR (PX 987),54397,EA
4481,43.793341301,-79.303529279,BIRCHMOUNT RD AT CHALDEAN ST AND GLENDOWER CRCT,12571,EA
4482,43.6657339991971,-79.4911860014992,DUNDAS ST AT JANE ST (PX 185),71311,SO
4483,43.6493299997338,-79.4844830003943,BLOOR ST W AT JANE ST (PX 333),49133,SO
4484,43.6582679989517,-79.4881210007632,ANNETTE ST AT BABY POINT RD & JANE ST (PX 522),23842,SO
4485,43.671671996307,-79.4937550024216,FOXWELL ST AT JANE ST & WOOLNER AVE (PX 524),12988,WE
4486,43.6739889964183,-79.4947459943588,HANEY AVE AT JANE ST (PX 1076),12111,WE
4487,43.6762010035113,-79.4957080000076,ALLIANCE AVE AT JANE ST (PX 525),25787,WE
4488,43.7154560012368,-79.5072239973269,FALSTAFF AVE AT GORDON MACKAY RD & JANE ST (PX 531),61567,NO
4490,43.7248929983424,-79.5096070006574,CHALKFARM DR AT HEATHROW DR & JANE ST (PX 973),17150,NO
4491,43.7754699981848,-79.5217349954709,JANE ST AT STEELES AVE (PX 535),107929,NO
4492,43.65760295,-79.362026156,SACKVILLE ST AT SHUTER ST,7150,SO
4494,43.6594409960161,-79.3660159985948,DUNDAS ST E AT PARLIAMENT ST (PX 248),23902,SO
4495,43.6648439985178,-79.341607001221,CARLAW AVE AT DUNDAS ST (PX 289),40232,SO
4496,43.6648839997577,-79.5015020051825,DUNDAS ST AT HUMBER HILL AVE (PX 2017),18504,SO
4497,43.6655239984928,-79.473638000163,CLENDENAN AVE AT DUNDAS ST (PX 1920),21247,SO
4498,43.6501679995284,-79.4397310002995,DUNDAS ST AT LANSDOWNE AVE (PX 181),39700,SO
4499,43.6502970004476,-79.4159859951612,DUNDAS ST AT MONTROSE AVE (PX 1781),11190,SO
4500,43.6507050013676,-79.4139360054555,DUNDAS ST AT GRACE ST (PX 1274),8927,SO
4501,43.6543330043073,-79.3914599978486,DUNDAS ST AT MCCAUL ST (PX 265),19598,SO
4502,43.7731870021528,-79.2838680047475,HIGHWAY 401 S TCS AT KENNEDY RD & WILLIAM KITCHEN RD (PX 920),72797,EA
4503,43.77631499702,-79.285171999125,HIGHWAY 401 N TCS AT KENNEDY RD (PX 919),74259,EA
4504,43.805277648,-79.298837129,DANCY AVE AT KENNEDY RD,14615,EA
4505,43.8253180009504,-79.3000749951745,OLD KENNEDY RD AT SILVER STAR BLVD & STEELES AVE (PX 1264),74578,EA
4506,43.7951499958451,-79.2934509984101,HUNTINGWOOD DR AT KENNEDY RD (PX 1111),76419,EA
4508,43.6590359979529,-79.4218839959348,HARBORD ST AT SHAW ST (PX 1743),13778,SO
4509,43.6595229988957,-79.4195749999941,HARBORD ST AT MONTROSE AVE (PX 1697),7318,SO
4511,43.648101496,-79.490844359,BLOOR ST W AT RIVERSIDE DR W,13629,SO
4512,43.6496049995176,-79.4954430000278,BLOOR ST AT OLD MILL TRAIL (PX 335),29848,WE
4513,43.6625089969361,-79.4232680000393,BLOOR ST W AT SHAW ST (PX 323),129725,SO
4514,43.6369290009577,-79.5567089997178,BLOOR ST AT THE EAST MALL (PX 792),109099,WE
4515,43.6969930007821,-79.2639990061678,BIRCHMOUNT RD AT DANFORTH AVE (PX 359),37758,EA
4517,43.6902230028639,-79.2926850011088,DANFORTH AVE AT SIBLEY AVE (PX 178),10141,SO
4518,43.6636529984627,-79.4638030026078,ANNETTE ST AT KEELE ST (PX 576),31266,SO
4519,43.6966149965596,-79.4753120060467,CANON JACKSON DR AT KEELE ST (PX 1075),10004,NO
4520,43.7029300002244,-79.4767299969227,DENSLEY AVE AT FLAMBOROUGH DR & KEELE ST (PX 593),26856,NO
4521,43.7147199992209,-79.4794649990216,KEELE ST AT MAPLE LEAF DR (PX 594),35346,NO
4522,43.7335800034031,-79.483727999214,CALVINGTON DR AT KEELE ST (PX 599),18771,NO
4523,43.7496070021962,-79.4875920038224,DOVEHOUSE AVE AT KEELE ST (PX 1869),27600,NO
4524,43.7520229955491,-79.4881730042854,GRANDRAVINE DR AT KEELE ST (PX 633),27913,NO
4525,43.7815790029302,-79.4945059992452,KEELE ST AT STEELES AVE (PX 602),138091,EA
4526,43.8145779986898,-79.2922179957132,MCNICOLL AVE AT MIDLAND AVE (PX 1540),66824,EA
4527,43.6671800022199,-79.4317179989659,DOVERCOURT RD AT HALLAM ST (PX 849),6741,SO
4528,43.6697020011229,-79.4327599958462,DOVERCOURT RD AT DUPONT ST (PX 843),63994,SO
4531,43.671097000423,-79.4510999973025,CALEDONIA PARK RD AT DAVENPORT RD (PX 390),41796,SO
4534,43.6433400037064,-79.5724849957743,BURNHAMTHORPE RD AT RENFORTH DR (PX 874),36841,WE
4535,43.6459100017593,-79.5616720059805,BURNHAMTHORPE RD AT HIGHWAY 427 E TCS (PX 949),73580,WE
4536,43.6425590022239,-79.5758930002872,BURNHAMTHORPE RD AT OLD BURNHAMTHORPE RD & SATURN RD (PX 975),34602,WE
4537,43.6392049999158,-79.584367996003,BURNHAMTHORPE RD AT MILL RD (PX 1300),21882,WE
4538,43.7652009983138,-79.2595449952834,BRIMLEY RD AT BRIMORTON DR & WATERFIELD DR (PX 1028),13404,EA
4540,43.7488509967747,-79.2534279976247,BRIMLEY RD AT FRASERTON CR & SHEDIAC RD (PX 2065),11784,EA
4541,43.7454900025694,-79.2520390041492,BRIMLEY RD AT DEERFIELD RD (PX 1599),10301,EA
4542,43.7589579996205,-79.257145994909,BRIMLEY RD AT DORCOT AVE (PX 1282),12233,EA
4543,43.773339003969,-79.2624260009485,BRIMLEY RD AT TRITON RD (PX 1171),33620,EA
4544,43.7834649978262,-79.2663909960262,BRIMLEY RD AT PITFIELD RD (PX 1551),28106,EA
4545,43.7098510039928,-79.2909299986112,PHARMACY AVE AT ST CLAIR AVE E (PX 472),90378,EA
4546,43.7187630012551,-79.25129899808,MIDLAND AVE AT ST CLAIR AVE (PX 476),52104,EA
4548,43.6827720020648,-79.4202230003037,ST CLAIR AVE W AT VAUGHAN RD (PX 484),20637,SO
4549,43.675352998329,-79.4547740020348,CALEDONIA RD AT CALEDONIA PARK RD AND ST CLAIR AVE (PX 490),83975,SO
4550,43.6741949969864,-79.4600170022377,HOUNSLOW HEATH RD AT SILVERTHORN AVE / ST CLAIR AVE (PX 491),19523,SO
4551,43.6795919994966,-79.4356890044837,OAKWOOD AVE AT ST CLAIR AVE (PX 487),41272,SO
4552,43.6802759997915,-79.4325029992434,ST CLAIR AVE AT WINONA DR (PX 486),7673,SO
4553,43.6817089962954,-79.4257189991231,CHRISTIE ST AT ST CLAIR AVE (PX 485),17177,SO
4554,43.684163000037,-79.4133939956545,ST CLAIR AVE AT TWEEDSMUIR AVE (PX 2002),9170,SO
4555,43.6889919992315,-79.3898860056894,AVOCA AVE AT ST CLAIR AVE (PX 498),24286,SO
4556,43.6422079992217,-79.4286440008356,DUFFERIN ST AT QUEEN ST W (PX 1329),55654,SO
4557,43.6629669997807,-79.436678003344,DUFFERIN ST AT SHANLY ST (PX 1093),21204,SO
4559,43.6956910033226,-79.4502780013068,DUFFERIN ST AT EGLINTON AVE (PX 105),89446,WE
4560,43.7795880023548,-79.2542180043278,CONSILIUM PL AT HIGHWAY 401 S TCS & MCCOWAN RD (PX 940),108149,EA
4561,43.8116359974079,-79.2692030030434,MCCOWAN RD AT SANDHURST CRCL N (PX 1372),14932,EA
4562,43.75838562,-79.246221927,BENLEIGH DR AT MCCOWAN RD,27691,EA
4563,43.7388529994232,-79.2383609967035,EGLINTON AVE AT MCCOWAN RD (PX 192),52378,EA
4564,43.768637751,-79.250211097,HURONIA GT AT MCCOWAN RD,27639,EA
4565,43.8310449973802,-79.2751949975067,MCCOWAN RD AT STEELES AVE (PX 1492),79872,EA
4566,43.6865069993739,-79.4416189965432,GLENHOLME AVE AT ROGERS RD (PX 1613),6146,WE
4567,43.7080170015494,-79.3413869954389,OVERLEA BLVD AT WILLIAM MORGAN DR (PX 1800),43585,SO
4568,43.6769059962736,-79.4893700020232,ALLIANCE AVE AT ROCKCLIFFE BLVD (PX 2529),8345,WE
4569,43.7801540016886,-79.2438419976067,BELLAMY RD N AT CORPORATE DR & PROGRESS AVE (PX 1277),31054,EA
4570,43.7019170015531,-79.3528419975688,MILLWOOD RD AT OVERLEA BLVD (PX 687),97556,SO
4571,43.7024590042223,-79.361574995678,LEASIDE GDNS ARENA AT MILLWOOD RD & SOUTHVALE DR (PX 685),28326,SO
4572,43.6362549997625,-79.4096310013018,FLEET ST AT MANITOBA DR & STRACHAN AVE (PX 571),22031,SO
4574,43.731434004006,-79.2712099954538,EGLINTON AVE AT IONVIEW RD (PX 459),17851,EA
4575,43.7345300038362,-79.2581039999648,EGLINTON AVE AT MIDLAND AVE (PX 461),67639,EA
4576,43.7015079996657,-79.423140003583,EGLINTON AVE AT OLD FOREST HILL RD (PX 1748),45571,SO
4577,43.743947001158,-79.2155710024608,CEDAR DR AT EGLINTON AVE (PX 1562),31320,EA
4578,43.7073280010204,-79.3954919961215,DUNFIELD AVE AT EGLINTON AVE (PX 1378),10867,SO
4579,43.7261340037071,-79.3182940040594,EGLINTON AVE AT CREDIT UNION DR & SWIFT DR (PX 1386),62866,NO
4580,43.6917159990295,-79.467696005834,EGLINTON AVE AT GABIAN WAY (PX 1563),26175,WE
4581,43.6962579983634,-79.4476850020085,EGLINTON AVE AT NORTHCLIFFE BLVD (PX 104),26469,WE
4582,43.68438156,-79.504218431,EGLINTON AVE AT EMMETT AVE,46049,WE
4584,43.6744770028432,-79.5631760034986,EGLINTON AVE W AT MARTIN GROVE RD (PX 786),122940,WE
4585,43.681051825,-79.417479762,BATHURST ST AT VAUGHAN RD,29258,SO
4586,43.7338890021241,-79.4331750022567,BATHURST ST AT JOICEY BLVD & MARQUETTE AVE (PX 318),38887,NO
4587,43.7230750027411,-79.4306619973423,BATHURST ST AT SARANAC BLVD (PX 314),16824,NO
4588,43.7654639987456,-79.4409329991648,BATHURST ST AT CARSCADDEN DR & ELLERSLIE AVE (PX 979),18125,NO
4590,43.7675880020163,-79.2283539998299,MARKHAM RD AT PAINTED POST DR (PX 877),14924,EA
4591,43.7269379989933,-79.4315210050532,BATHURST ST AT RANEE AVE (PX 316),27335,NO
4592,43.752379983,-79.437730482,BATHURST ST AT REINER RD,31847,NO
4593,43.7924069985506,-79.445754994068,BATHURST ST AT STEELES AVE (PX 678),113291,EA
4594,43.7839250037315,-79.2347219956519,HIGHWAY 401 S TCS AT MARKHAM RD (PX 970),102007,EA
4595,43.7387759998747,-79.2170349986438,KINGSTON RD AT MARKHAM RD (PX 148),63486,EA
4596,43.7622010039052,-79.2262520018846,GREENBRAE CRCT AT GREENHOLM CRCT & MARKHAM RD (PX 1419),30072,EA
4597,43.776435999693,-79.2317560025844,ELLESMERE RD AT MARKHAM RD (PX 702),91530,EA
4598,43.789554000022,-79.2370580017317,MARKHAM RD AT MILNER AVE (PX 1203),56719,EA
4599,43.808354309,-79.206531709,FAWCETT TR AT JOHN TABOR TR & MCLEVIN AVE,6628,EA
4600,43.6846250039646,-79.4111690060153,SPADINA RD AT ST CLAIR AVE (PX 479),29830,SO
4602,43.7664049963909,-79.4257410006391,PARK HOME AVE AT SENLAC RD (PX 1706),8301,NO
4603,43.655767862,-79.394663095,BALDWIN ST AT BEVERLEY ST,9345,SO
4604,43.6679540034295,-79.4281550003608,HALLAM ST AT OSSINGTON AVE (PX 850),7976,SO
4605,43.674373999544,-79.3998430054434,BEDFORD RD AT DAVENPORT RD (PX 381),59617,SO
4607,43.8019739966549,-79.1997710049145,MORNINGSIDE AVE AT SHEPPARD AVE (PX 1108),85259,EA
4608,43.7412250002,-79.4222199947395,AVENUE RD AT HIGHWAY 401 S TCS (PX 1975),21680,NO
4610,43.6605140010655,-79.3874249986587,COLLEGE ST AT ELIZABETH ST (PX 1351),22195,SO
4611,43.6608149963507,-79.3858540050762,BAY ST AT COLLEGE ST (PX 68),58345,SO
4612,43.6656439960155,-79.3877229990455,BAY ST AT ST JOSEPH ST (PX 1457),20127,SO
4613,43.7807039977112,-79.1316240019159,EAST AVE AT LAWRENCE AVE E (PX 1838),9502,EA
4614,43.7440989994768,-79.3005540016264,ELINOR AVE AT LAWRENCE AVE (PX 2178),18396,EA
4615,43.8014299999931,-79.2637810021976,KENHATCH BLVD AT MCCOWAN RD (PX 1794),14034,EA
4616,43.72303155,-79.412108748,ELM RD AT LAWRENCE AVE,25951,SO
4618,43.7283960026008,-79.3865420017176,LAWRENCE AVE E AT MILDENHALL RD (PX 1949),13526,NO
4623,43.7019780017423,-79.5083300046648,LAWRENCE AVE AT PINE ST (PX 635),26068,WE
4624,43.7174990015567,-79.4376859999727,LAWRENCE AVE AT VARNA DR (PX 424),31857,NO
4625,43.7208199989949,-79.4224760015653,LAWRENCE AVE AT LEDBURY ST (PX 422),26327,NO
4626,43.775969221,-79.152761071,GOLDBERRY SQ AT LAWRENCE AVE & PAULANDER AVE,5540,EA
4627,43.776461779,-79.150541369,BATHGATE DR AT CHERRYHILL AVE & LAWRENCE AVE,5725,EA
4628,43.6574149959887,-79.381368999101,GOULD ST AT YONGE ST (PX 909),16211,SO
4629,43.8079100026965,-79.2197499973072,# 1315 NEILSON RD AT NEILSON RD & 175M N OF TAPSCOTT RD (PX 1658),20680,EA
4630,43.6442770044145,-79.3758560061317,LAKE SHORE BLVD N TCS AT YONGE ST (PX 211),29596,SO
4632,43.7343609968669,-79.4045729941884,YONGE BLVD AT YONGE ST (PX 58),71813,SO
4633,43.646884001036,-79.3769739969209,FRONT ST AT YONGE ST (PX 29),92070,SO
4634,43.6478459973446,-79.3773699955874,WELLINGTON ST AT YONGE ST (PX 30),12811,SO
4635,43.6457830040987,-79.3765030045556,THE ESPLANADE AT YONGE ST (PX 2345),23508,SO
4636,43.6491480009993,-79.3779180025175,KING ST AT YONGE ST (PX 31),126241,SO
4637,43.6504069974751,-79.378469999902,ADELAIDE ST AT YONGE ST (PX 32),107153,SO
4638,43.6516920007186,-79.3789839966313,RICHMOND ST AT YONGE ST (PX 33),72456,SO
4639,43.6540620023981,-79.37997300565,SHUTER ST AT YONGE ST (PX 35),43626,SO
4640,43.6630209979435,-79.383787995724,ALEXANDER ST AT GROSVENOR ST & YONGE ST (PX 867),24258,SO
4641,43.6590949982578,-79.3821170061911,GERRARD ST AT YONGE ST (PX 37),21730,SO
4642,43.6665470016791,-79.3852579939213,GLOUCESTER ST AT IRWIN AVE & YONGE ST (PX 1416),26525,SO
4643,43.6686300000957,-79.3861129950821,CHARLES ST E AT YONGE ST (PX 921),21257,SO
4644,43.670226003374,-79.3867879943205,BLOOR ST AT YONGE ST (PX 40),112059,SO
4645,43.6769620013308,-79.3895309976541,CRESCENT RD AT YONGE ST (PX 43),22816,SO
4646,43.6791450037203,-79.3904320008387,YONGE ST AT MACPHERSON AVE & ROWANWOOD AVE (PX 44),15182,SO
4648,43.6862320012893,-79.3933309990995,ROSEHILL AVE AT YONGE ST (PX 507),27547,SO
4649,43.6880829989977,-79.3941409952207,ST CLAIR AVE AT YONGE ST (PX 46),104195,SO
4650,43.6961269985773,-79.3962040018271,MERTON ST AT YONGE ST (PX 1292),33929,SO
4652,43.7043500019197,-79.3978519955647,YONGE ST AT SOUDAN AVE & BERWICK AVE (PX 1375),26079,SO
4653,43.7054199978285,-79.3980899982957,YONGE ST AT 130M S OF EGLINTON AVE - (PX 1415),9873,SO
4654,43.698301207,-79.396642715,YONGE ST AT CHAPLIN CRES & DAVISVILLE AVE,60707,SO
4655,43.7095829992821,-79.398996997977,BROADWAY AVE & MONTGOMERY AVE AT YONGE ST (PX 50),32852,SO
4656,43.7118380044614,-79.3994760037376,CASTLEFIELD AVE AT YONGE ST (PX 51),14916,SO
4657,43.7136519964187,-79.399839004735,BRIAR HILL AVE AT SHERWOOD AVE & YONGE ST (PX 482),15799,SO
4658,43.716604996909,-79.400481004715,YONGE ST AT BLYTHWOOD RD & LYTTON BLVD (PX 52),19341,SO
4659,43.7195469992976,-79.4011409943589,GLENGROVE AVE AT YONGE ST (PX 53),14798,SO
4660,43.7219699963301,-79.4015949996667,YONGE ST AT CHATSWORTH DR & ST EDMUNDS DR (PX 54),33758,SO
4661,43.6728729970005,-79.3878660010327,YONGE ST AT CHURCH ST & DAVENPORT RD (PX 41),87424,SO
4662,43.7278349995802,-79.4029430045946,RANLEIGH AVE AT YONGE ST (PX 56),17749,SO
4663,43.7308669986985,-79.4037149971425,FAIRLAWN AVE AT YONGE ST (PX 57),37310,SO
4664,43.7403770041463,-79.4059129986036,MILL ST AT YONGE ST (PX 1561),20567,NO
4665,43.7441489989384,-79.4067249998778,WILSON AVE AT YONGE ST & YORK MILLS RD (PX 124),69082,NO
4666,43.7582260007434,-79.4101240034077,AVONDALE AVE AT FLORENCE AVE & YONGE ST (PX 481),121683,NO
4668,43.7797690032233,-79.4155770023701,FINCH AVE AT YONGE ST (PX 128),91460,NO
4669,43.7938100004463,-79.4190139973404,MADAWASKA AVE AT MOORE PARK AVE & YONGE ST (PX 130),72406,NO
4670,43.7954760024605,-79.4194219960239,ATHABASKA AVE AT YONGE ST (PX 1381),65976,NO
4671,43.65432099705,-79.3787690037616,SHUTER ST AT VICTORIA ST (PX 1518),7753,SO
4672,43.6915920028019,-79.5708379982085,DIXON RD AT MARTIN GROVE RD (PX 437),69991,WE
4673,43.6472569965605,-79.3733120055644,CHURCH ST AT THE ESPLANADE (PX 2014),11234,SO
4674,43.649921002538,-79.3744119964225,CHURCH ST AT KING ST (PX 16),11210,SO
4675,43.6537290001515,-79.3732539942351,JARVIS ST AT QUEEN ST (PX 6),277131,SO
4676,43.6604389968698,-79.3758989989958,GERRARD ST AT JARVIS ST (PX 9),57013,SO
4677,43.6570669965754,-79.3745660009364,DUNDAS ST E AT JARVIS ST (PX 8),110127,SO
4678,43.6624179979995,-79.3767159984433,CARLTON ST AT JARVIS ST (PX 10),94750,SO
4679,43.6662850010194,-79.3783470061507,JARVIS ST AT WELLESLEY ST (PX 11),61205,SO
4680,43.6688930027192,-79.3794520049809,ISABELLA ST AT JARVIS ST (PX 12),46433,SO
4681,43.7263419996984,-79.3964000011601,LAWRENCE AVE E AT MOUNT PLEASANT RD E (PX 142),48786,SO
4682,43.6512770023995,-79.3682609987855,KING ST AT SHERBOURNE ST (PX 254),9622,SO
4683,43.779751995614,-79.217142005877,ELLESMERE RD AT MILITARY TR W & ORTON PARK RD (PX 1082),27136,EA
4684,43.778556001967,-79.2222169956097,ELLESMERE RD AT HELICON GT & SCARBOROUGH GOLF CLUB RD (PX 889),27959,EA
4685,43.6617809966968,-79.3697169978783,GERRARD ST AT ONTARIO ST (PX 1019),7153,SO
4686,43.6569430001975,-79.3650019993992,PARLIAMENT ST AT SHUTER ST (PX 247),9511,SO
4687,43.6619499962197,-79.3670350045026,GERRARD ST AT PARLIAMENT ST (PX 249),26336,SO
4689,43.7766490015485,-79.2542149989091,BOROUGH DR E AT PROGRESS AVE (PX 1374),23051,EA
4691,43.7839100041907,-79.2318200027749,PROGRESS AVE AT CENTENNIAL COLLEGE / HOWARD JOHNSON (PX 1736),7535,EA
4694,43.653026996207,-79.5725509944484,RATHBURN RD AT THE WEST MALL (PX 937),27154,WE
4695,43.7233569969793,-79.4967699959557,HIGHVIEW AVE AT LEXFIELD AVE & WILSON AVE (PX 815),44677,NO
4696,43.7239459976328,-79.4941539979471,RIDGE RD AT WILSON AVE (PX 1795),28277,NO
4697,43.7281629983418,-79.4777489977055,DUBRAY AVE AT WILSON AVE (PX 857),16826,NO
4698,43.7333830014412,-79.4528630058558,BILLY BISHOP WAY AT TRANSIT RD & WILSON AVE (PX 1237),64636,NO
4699,43.7365700016513,-79.437869995424,HIGHWAY 401 RAMP AT WILSON AVE (PX 814),28747,NO
4701,43.7110359958347,-79.3771580035292,BAYVIEW AVE AT EGLINTON AVE (PX 90),28714,SO
4702,43.7138500000754,-79.3776219971584,BAYVIEW AVE AT BROADWAY AVE (PX 179),99269,NO
4703,43.7434179994699,-79.3832840060972,BAYVIEW AVE AT TUDOR GT (PX 1823),45638,NO
4704,43.746094234,-79.383792459,BAYVIEW AVE AT WILKET RD & YORK RD,22875,NO
4707,43.6016899966294,-79.545253993876,BROWNS LINE AT HORNER AVE (PX 763),42297,WE
4708,43.7948670038103,-79.1965079959919,HIGHWAY 401 S TCS AT MORNINGSIDE AVE (PX 1032),40499,EA
4709,43.7978289967096,-79.1977449982308,HIGHWAY 401 N TCS AT MORNINGSIDE AVE (PX 1546),39043,EA
4710,43.770612002503,-79.1868649962557,KINGSTON RD AT MORNINGSIDE AVE (PX 143),75785,EA
4711,43.7755900016363,-79.1890100055792,MORNINGSIDE AVE AT WEST HILL CI & 95M N OF BEATH ST (PX 1394),10110,EA
4712,43.8002799962404,-79.1990799938512,MILNER AVE AT MORNINGSIDE AVE (PX 1584),73871,EA
4713,43.8077989982104,-79.2155949992698,BRENYON WAY AT SEWELLS RD (PX 1788),5307,EA
4714,43.6979469986554,-79.573763997435,HIGHWAY 409 S TCS AT MARTIN GROVE RD (PX 1133),13241,WE
4715,43.700069001161,-79.5747419953276,HIGHWAY 409 N TCS AT MARTIN GROVE RD (PX 1134),11660,WE
4716,43.6570349984857,-79.555245994641,MARTIN GROVE RD AT RATHBURN RD (PX 879),48225,WE
4717,43.7901910001999,-79.2341779950202,MILNER AVE AT PROGRESS AVE (PX 1724),13973,EA
4718,43.7031410010643,-79.3605580036558,LAIRD DR AT MILLWOOD RD & SOUTHVALE DR (PX 682),75258,SO
4720,43.7103590028708,-79.3635259965726,LAIRD DR AT MCRAE DR & WICKSTEED AVE (PX 681),60775,SO
4721,43.7018850016984,-79.3581100052027,MILLWOOD RD AT REDWAY RD & VILLAGE STATION (PX 686),29058,SO
4722,43.7810540025991,-79.298105997488,BIRCHMOUNT RD AT SHEPPARD AVE (PX 751),101787,EA
4723,43.782800002496,-79.2904900011975,AGINCOURT MALL AT SHEPPARD AVE& 185M W OF KENNEDY RD (PX 1444),30163,EA
4724,43.7946620003744,-79.2349309954383,MALVERN ST AT PROGRESS AVE & SHEPPARD AVE (PX 1568),35392,EA
4725,43.6314829961288,-79.5310689942604,KIPLING AVE AT NORSEMAN ST (PX 725),34196,WE
4726,43.681378998835,-79.5528109970441,CLEMENT RD AT HUNTING RIDGE & KIPLING AVE (PX 1036),21203,WE
4727,43.7234370011677,-79.5723659951377,GENTHORN AVE AT KIPLING AVE (PX 1797),20415,WE
4728,43.7509760023456,-79.5858279991154,ANNABELLE DR AT KIPLING AVE & ROWNTREE RD (PX 1659),19470,WE
4729,43.7672339983115,-79.3636630035631,HIGHWAY 401 N TCS AT LESLIE ST (PX 753),98284,NO
4730,43.6632390042351,-79.3302240003701,LESLIE ST AT QUEEN ST (PX 547),17473,SO
4732,43.804869246,-79.371585427,FRANCINE DR AT LESLIE ST,13931,NO
4733,43.7900119961954,-79.3680670004261,FINCH AVE AT LESLIE ST (PX 868),111847,NO
4734,43.758721003941,-79.3612689960317,BANNATYNE DR AT LESLIE ST (PX 738),191269,NO
4735,43.7144030034601,-79.3363500049291,DON MILLS RD AT GATEWAY N BLVD (PX 1389),55970,NO
4736,43.7230239956484,-79.3396129975754,DON MILLS RD AT WYNFORD DR (PX 822),21964,NO
4737,43.7276560026971,-79.3408590028615,DON MILLS RD AT BARBER GREENE RD & GREEN BELT DR (PX 623),22275,NO
4738,43.7822699987957,-79.3522399962907,# 2975 DON MILLS AT 445M N OF ESTERBROOK AVE (PX 1043),8959,NO
4739,43.7873449989352,-79.3530289956332,DON MILLS RD AT VAN HORNE AVE (PX 628),36851,NO
4740,43.7926599957152,-79.354736004193,DON MILLS RD AT FINCH AVE (PX 869),30574,NO
4741,43.7996080032247,-79.3541419956016,DON MILLS RD AT MCNICOLL AVE (PX 1039),36348,NO
4742,43.8111839970382,-79.3607760036512,DON MILLS RD AT STEELES AVE (PX 1038),33217,EA
4743,43.6886600042762,-79.3355039946637,GREENWOOD AVE AT MORTIMER AVE (PX 662),19700,SO
4744,43.7697280036684,-79.4108090005276,DORIS AVE AT EMPRESS AVE (PX 1801),10982,NO
4745,43.6622729960935,-79.3148680019508,ASHBRIDGES BAY PARK RD AT COXWELL AVE & LAKE SHORE BLVD (PX 963),54253,SO
4747,43.6683800022278,-79.5338569959372,ISLINGTON AVE AT THE KINGSWAY (PX 708),17766,WE
4748,43.6235920006624,-79.514782999002,ISLINGTON AVE AT THE QUEENSWAY (PX 567),39111,WE
4751,43.7816250043539,-79.4071050000532,FINCH AVE AT WILLOWDALE AVE (PX 807),123751,NO
4752,43.7580590006003,-79.5134449951453,DRIFTWOOD AVE AT FINCH AVE (PX 961),17826,NO
4753,43.7410930018213,-79.5892319967398,ALBION RD AT FINCH AVE (PX 1001),79939,WE
4754,43.7626000025318,-79.4936419964712,FINCH AVE AT ROMFIELD LANE (PX 1061),19606,NO
4755,43.7781229996755,-79.4229849999965,FINCH AVE AT TALBOT RD (PX 1206),33011,NO
4756,43.779601998364,-79.1366749992674,LAWRENCE AVE AT PORT UNION RD (PX 1574),16262,EA
4757,43.7896599999353,-79.1409159981427,FANFARE AVE AT LAWSON RD & PORT UNION RD (PX 1433),23493,EA
4758,43.6826529959459,-79.3059899997805,GERRARD ST AT GLENMOUNT PARK RD (PX 364),15639,SO
4759,43.6704620040652,-79.298016004145,LEE AVE AT QUEEN ST E (PX 549),31444,SO
4760,43.6709800007228,-79.2957400001488,QUEEN ST AT WINEVA AVE (PX 550),9169,SO
4761,43.8100529980475,-79.3063469969078,MCNICOLL AVE AT SILVER SPRINGS BLVD (PX 1817),13823,EA
4762,43.8259499961593,-79.2973319958228,MIDLAND AVE AT STEELES AVE (PX 1260),106783,EA
4764,43.818403002032,-79.3297650003384,FERRIER ST AT STEELES AVE (PX 1710),24517,EA
4765,43.8327040020182,-79.2679619999974,MIDDLEFIELD RD AT STEELES AVE (PX 1554),116224,EA
4766,43.8343019966911,-79.2611500038099,SHADLOCK ST AT STEELES AVE (PX 2162),12907,EA
4767,43.767982524,-79.557804023,STEELES AVE AT TURBINE DR,16490,NO
4768,43.8010560004265,-79.4062520012559,HENDERSON AVE AT MAXOME AVE & STEELES AVE (PX 966),19353,NO
4771,43.7554540002572,-79.6140899949954,HIGHWAY 27 AT STEELES AVE (PX 1793),81581,WE
4772,43.7792359977684,-79.5043390055737,FOUNDERS RD AT STEELES AVE & YORK UNIVERSITY (PX 1214),39376,EA
4773,43.7665450031967,-79.564783997388,STEELES AVE W AT FENMAR DR & PINE VALLEY DR (PX 1209),26821,NO
4774,43.7482870007339,-79.4827860055431,JOHN DRURY DR AT SHEPPARD AVE (PX 1296),26263,NO
4776,43.6312619968425,-79.4755400045855,LAKE SHORE BLVD AT PALACE PIER CT (PX 2034),12112,WE
4777,43.635895998655,-79.4019850032349,LAKE SHORE BLVD AT STADIUM RD & FLEET ST (PX 221),20290,SO
4778,43.5993269998571,-79.5118490038264,LAKE SHORE BLVD AT THIRTEENTH ST (PX 1689),8010,WE
4779,43.6000169964653,-79.5086319958703,LAKE SHORE BLVD AT TENTH ST (PX 236),7379,WE
4780,43.6017589993331,-79.5007629998611,LAKE SHORE BLVD AT THIRD ST (PX 234),14319,WE
4781,43.6172800005535,-79.487347998198,BURLINGTON ST AT LAKE SHORE BLVD (PX 218),16492,WE
4782,43.7027679958783,-79.3156280044189,GLENWOOD CRES AT O CONNOR DR (PX 1836),18347,SO
4783,43.7124529984617,-79.307427005474,BERMONDSEY RD AT OCONNOR DR & YARDLEY AVE (PX 448),11678,SO
4784,43.6977669962777,-79.3294890011436,COXWELL AVE AT COXWELL BLVD & OCONNOR DR (PX 445),79095,SO
4786,43.7818830016157,-79.1729559949887,MILITARY TRL AT OLD KINGSTON RD (PX 1471),5956,EA
4787,43.7845420029928,-79.1687459980488,KINGSTON RD AT LAWSON RD & OLD KINGSTON RD (PX 1573),6996,EA
4788,43.7740470024932,-79.1831170023777,KINGSTON RD AT OLD KINGSTON RD (PX 1150),17112,EA
4790,43.6805390036131,-79.2870870024453,KINGSTON RD AT SCARBOROUGH RD (PX 1669),11487,SO
4791,43.6997459979946,-79.601473996872,CARLINGVIEW DR AT DISCO RD (PX 1207),7043,WE
4792,43.6764270032674,-79.5932399945558,RENFORTH DR AT SILVER DART RD (PX 1641),17332,WE
4793,43.6599059986809,-79.583326006066,ELMBROOK CRES AT ERINGATE DR & RENFORTH DR (PX 1349),18340,WE
4794,43.6514079992003,-79.5794999961713,RATHBURN RD AT RENFORTH DR (PX 1065),12722,WE
4797,43.7118639957593,-79.5354629948888,HIGHWAY 401 S TCS AT WESTON RD (PX 585),50131,NO
4798,43.7148010037231,-79.5366759998807,HIGHWAY 401 N TCS AT WESTON RD (PX 586),54916,NO
4799,43.7482329993619,-79.5416080046444,LANYARD RD AT WESTON RD (PX 1096),29436,NO
4800,43.6886569963828,-79.4942149953973,RAY AVE AT WESTON RD (PX 579),7469,WE
4801,43.6759180016928,-79.4703920027821,GUNNS RD AT WESTON RD (PX 1403),43368,WE
4802,43.6816089969515,-79.4767510018273,ROGERS RD AT WESTON RD (PX 395),22606,WE
4803,43.7001579982337,-79.5162009996174,LAWRENCE AVE AT WESTON RD (PX 431),30800,WE
4806,43.693966149,-79.444603942,GLENHOLME AVE AT VAUGHAN RD,4134,WE
4807,43.744280003059,-79.6075570001045,ALBION RD AT HIGHWAY 27 (PX 1164),73001,WE
4808,43.7204029966285,-79.6125940031906,HUMBERWOOD BLVD AT REXDALE BLVD (PX 1619),39800,WE
4809,43.6908519955197,-79.4754169956777,TRETHEWEY DR AT YORE RD (PX 469),46301,WE
4810,43.7248269958823,-79.2539609986833,DANFORTH RD AT MIDLAND AVE (PX 377),50324,EA
4811,43.7432300019814,-79.2450609945685,DANFORTH RD AT SAVARIN ST (PX 859),23707,EA
4812,43.7669249989411,-79.3191790000454,HIGHWAY 401 S TCS AT VICTORIA PARK AVE (PX 759),65447,NO
4813,43.7695269997841,-79.320334996277,HIGHWAY 401 N TCS AT VICTORIA PARK AVE (PX 758),62457,EA
4814,43.6808109978764,-79.2840600030907,KINGSTON RD AT VICTORIA PARK AVE (PX 158),47261,SO
4815,43.7318659962973,-79.3056100016493,ARNCLIFFE CR AT VICTORIA PARK AVE (PX 1585),13508,NO
4816,43.6869039990595,-79.2865760060056,GERRARD ST AT VICTORIA PARK AVE (PX 361),34659,SO
4817,43.6928689999311,-79.2890220061995,DENTON AVE AT VICTORIA PARK AVE (PX 1447),8632,SO
4818,43.6965500024648,-79.2904839943921,CRESCENT TOWN RD AT VICTORIA PARK AVE (PX 982),8562,SO
4819,43.7087759986933,-79.2959850055133,ST CLAIR AVE AT VICTORIA PARK AVE (PX 471),98433,EA
4820,43.7362699967276,-79.3074269942804,SURREY AVE AT VICTORIA PARK AVE (PX 515),19748,NO
4821,43.7630200000876,-79.3175309948264,VICTORIA PARK AVE AT YORK MILLS RD (PX 518),44640,NO
4822,43.7719409955572,-79.3215179978396,CONSUMERS RD AT MEADOWACRES DR & VICTORIA PARK AVE (PX 864),85840,NO
4823,43.7777429980216,-79.3241699966809,PATRICK BLVD AT VICTORIA PARK AVE (PX 1119),17374,NO
4824,43.783874001914,-79.3270570060037,CLYDESDALE DR AT VICTORIA PARK AVE & VICTORIA WOODS GT (PX 1251),14442,NO
4825,43.7892509977443,-79.329586000109,FERNCREST GT AT  VICTORIA PARK AV & VAN HORNE AV (PX 994),32043,NO
4826,43.7980510043739,-79.3336329960647,MORECAMBE GT AT PAWNEE AVE & VICTORIA PARK AVE (PX 1113),24232,EA
4827,43.8106599988287,-79.3392090051752,GORDON BAKER RD AT VICTORIA PARK AVE (PX 1252),13917,NO
4828,43.8040849996848,-79.3363159987121,MCNICOLL AVE AT VICTORIA PARK AVE (PX 569),44742,NO
4829,43.6939429958994,-79.2840800021775,DENTON AVE AT PHARMACY AVE (PX 1294),11906,EA
4830,43.6969979962656,-79.2853990039424,PHARMACY AVE AT PRAIRIE DR & TEESDALE PL (PX 1034),12216,EA
4831,43.7193170034831,-79.2949240028704,COMSTOCK RD AT PHARMACY AVE (PX 941),23802,EA
4832,43.7374139957442,-79.3022800057494,PHARMACY AVE AT SURREY AVE (PX 688),12830,EA
4833,43.7963399968045,-79.3271780062176,CHESTER LE BLVD AT HUNTINGDALE BLVD & PHARMACY AVEC (PX 1240),18662,EA
4834,43.7816760033982,-79.3201639958806,HUNTINGWOOD DR AT PHARMACY AVE (PX 1052),30485,EA
4835,43.78948500013,-79.3235589966984,COLLINGSBROOK BV AT CORINTHIAN S BLVD & PHARMACY AVE (PX 1520),17137,EA
4837,43.642909000253,-79.4077179967913,KING ST AT NIAGARA ST (PX 537),11196,SO
4838,43.7584829989595,-79.5389459986387,FENMAR DR AT SIGNET DR (PX 1235),16937,NO
4839,43.7657520017194,-79.5412129941206,ORMONT DR AT SIGNET DR (PX 1524),5756,NO
4840,43.716181001718,-79.2827659966214,FAIRFAX CR AT WARDEN AVE (PX 1285),26827,EA
4841,43.7215320000156,-79.2849930048744,COMSTOCK RD AT WARDEN AVE (PX 690),15317,EA
4842,43.7453759965048,-79.2947299976257,LAWRENCE AVE AT WARDEN AVE (PX 409),69171,EA
4843,43.7787309969643,-79.3079050027818,SHEPPARD AVE AT WARDEN AVE (PX 750),122191,EA
4844,43.8014940040655,-79.3187459969341,BRIDLETOWNE CRCL N AT WARDEN AVE (PX 1263),33552,EA
4845,43.8063490021904,-79.3209750060795,MCNICOLL AVE AT WARDEN AVE (PX 1287),96923,EA
4846,43.657224909,-79.344343663,EASTERN AVE AT MCGEE ST,9155,SO
4847,43.6555820025427,-79.3584149951435,KING ST E AT SUMACH ST (PX 1746),8998,SO
4848,43.6401789970517,-79.4212899974238,ATLANTIC AVE AT KING ST (PX 1912),20082,SO
4849,43.737841678,-79.525213074,OAKDALE RD AT TORBARRIE RD,6875,NO
4850,43.6496140023955,-79.3821299969878,ADELAIDE ST AT SHEPPARD ST (PX 1644),25889,SO
4851,43.6491309999929,-79.3907959991832,JOHN ST AT RICHMOND ST (PX 269),8003,SO
4852,43.639688417,-79.441181314,QUEEN ST W AT BEATY AVE,6902,SO
4853,43.6512159990651,-79.3849640023468,QUEEN ST AT YORK ST (PX 1691),19535,WE
4854,43.6142169956589,-79.5561540042307,NORTH QUEEN ST AT THE QUEENSWAY (PX 917),23757,WE
4855,43.6123069968059,-79.5626769977969,THE QUEENSWAY AT THE WEST MALL (PX 912),52098,WE
4856,43.7110409995922,-79.5059709971821,BLACK CREEK DR S TCS AT JANE ST (PX 235),71861,NO
4857,43.712705002157,-79.5064339953825,BLACK CREEK DR N TCS AT JANE ST (PX 1418),61106,NO
4858,43.6671839957062,-79.491767002496,JANE ST AT ST CLAIR AVE (PX 495),44488,WE
4859,43.6111970044557,-79.5465029942199,EVANS AVE AT HIGHWAY 427 E TCS (PX 865),36547,WE
4860,43.6099320021211,-79.5521479968336,EVANS AVE AT GAIR DR (PX 1310),35218,WE
4861,43.661197998563,-79.3581620060965,DUNDAS ST E AT RIVER ST (PX 293),55138,SO
4862,43.6675989998194,-79.3266380060989,DUNDAS ST AT GREENWOOD AVE (PX 285),31598,SO
4863,43.653051216,-79.450115758,DUNDAS ST AT RITCHIE AVE,6351,SO
4864,43.6521149976303,-79.4480859940262,DUNDAS ST W AT HOWARD PARK RD & LYND AVE (PX 1935),10608,SO
4865,43.6494370040741,-79.4247509957426,DOVERCOURT RD AT DUNDAS ST (PX 182),14026,SO
4866,43.6538819984684,-79.4518460020258,DUNDAS ST AT RONCESVALLES AVE (PX 1305),26844,SO
4869,43.6512009986688,-79.4453229948666,DUNDAS ST AT SORAUREN AVE (PX 640),23093,SO
4870,43.6493340023729,-79.4207820040198,DUNDAS ST AT OSSINGTON AVE (PX 180),23788,SO
4871,43.657303873,-79.37345858,DUNDAS ST E AT GEORGE ST,7847,SO
4872,43.6588710038185,-79.368567000256,DUNDAS ST E AT ONTARIO ST (PX 1987),6134,SO
4873,43.634735763,-79.541361422,DUNDAS ST AT WILMAR RD,15377,WE
4875,43.7148460003007,-79.2608709996901,DANFORTH RD AT KENNEDY RD (PX 375),31901,EA
4876,43.731219688,-79.267558406,KENNEDY RD AT TRANSWAY CR,11449,EA
4877,43.7274080008572,-79.265918005026,KENNEDY RD AT MERRIAN RD (PX 1051),8628,EA
4878,43.7421829985822,-79.2720599996697,KENNEDY RD AT RANSTONE GDNS (PX 1762),12743,EA
4879,43.7459939981825,-79.2736520045297,KENNEDY RD AT RADNOR AVE (PX 2408),24007,EA
4880,43.7593520031379,-79.2786780033669,KENNEDY RD AT MUNHAM GT (PX 1084),39029,EA
4881,43.781622091,-79.287382775,COLLINGWOOD ST AT JADE ST & KENNEDY RD,21006,EA
4882,43.7805150010867,-79.2868989954715,COWDRAY CT AT KENNEDY RD (PX 1756),25822,EA
4883,43.7972130031926,-79.2943510034384,KENNEDY RD AT NORCAP AVE (PX 1684),17821,EA
4884,43.8012679978643,-79.2965980045827,FINCH AVE AT KENNEDY RD (PX 1021),91231,EA
4885,43.8121359970682,-79.301944996827,KENNEDY RD AT MCNICOLL AVE (PX 1586),75434,EA
4886,43.6602839960866,-79.415855995147,CLINTON ST AT HARBORD ST (PX 2320),8392,SO
4887,43.6720090021432,-79.3706969994452,BLOOR ST E AT PARLIAMENT ST (PX 252),85590,SO
4888,43.6466699958177,-79.5145709997531,BLOOR ST AT MONTGOMERY RD (PX 1591),31590,WE
4889,43.6505009995231,-79.4790829988368,BLOOR ST W AT DURIE ST W (PX 1479),22185,SO
4890,43.6553949984162,-79.4568930014137,BLOOR ST AT INDIAN RD (PX 1717),22920,SO
4891,43.657078961,-79.448796343,BLOOR ST AT PERTH AVE,11569,SO
4892,43.6502050009224,-79.4804689946355,BLOOR ST W AT WINDERMERE AVE (PX 332),25732,SO
4893,43.6663579979894,-79.405354000409,BLOOR ST AT ROBERT ST & WALMER RD (PX 2083),26821,SO
4894,43.6675159985085,-79.399835995088,BLOOR ST AT ST GEORGE ST (PX 271),35009,SO
4895,43.6696689972128,-79.3895069992422,BAY ST AT BLOOR ST W (PX 70),101384,SO
4896,43.6344499969643,-79.5672290048407,BLOOR ST AT NEILSON DR (PX 2210),25012,WE
4897,43.6473619977117,-79.5113630013473,BLOOR ST AT ROYAL YORK RD (PX 338),112571,WE
4898,43.6923299956085,-79.2833779990601,DANFORTH AVE AT PHARMACY AVE (PX 356),15994,EA
4900,43.678460486,-79.347345187,CARLAW AVE AT DANFORTH AVE,9347,SO
4901,43.6814840035034,-79.3323819969191,DANFORTH AVE AT GREENWOOD AVE (PX 348),33218,SO
4902,43.6874809975389,-79.3049950050206,DANFORTH AVE AT WESTLAKE AVE (PX 1267),23643,SO
4903,43.6654040041385,-79.4645570018453,DUNDAS ST W AT KEELE ST (PX 188),113683,SO
4904,43.7303429971724,-79.4829790044332,KEELE ST AT TILBURY DR (PX 598),19104,NO
4905,43.6583070012785,-79.4614899985191,GLENLAKE AVE AT KEELE ST (PX 575),14120,SO
4906,43.6821360027129,-79.4715979979489,KEELE ST AT ROGERS RD (PX 394),29197,WE
4907,43.7266419991172,-79.4820690045095,KEELE ST AT WILSON AVE (PX 597),97165,NO
4908,43.7410820041101,-79.4855570057166,DIANA DR AT KEELE ST (PX 1548),53890,NO
4909,43.7598279958255,-79.4900820002435,KEELE ST AT TORO RD (PX 1173),29984,NO
4910,43.7706900032692,-79.4927900022927,KEELE ST AT PETRO CANADA & 160M S OF THE POND RD (PX 1545),27162,NO
4911,43.8070499960672,-79.288799994405,MIDLAND AVE AT SILVER STAR BLVD & SOUTH SHIELDS AVE (PX 1494),25990,EA
4912,43.7389359980513,-79.2599719964207,BROADBENT AVE AT MIDLAND AVE & WAINFLEET RD (PX 1719),21432,EA
4913,43.7579529993223,-79.2674470015301,DORCOT AVE AT MIDLAND AVE (PX 1081),25691,EA
4914,43.7658800006036,-79.2705569965135,MIDLAND AVE AT MIDWEST RD (PX 1029),28232,EA
4915,43.7729650001435,-79.2729859942397,MIDLAND AVE AT PROGRESS AVE (PX 691),58236,EA
4916,43.7805969986584,-79.2761379986294,MIDLAND AVE AT PITFIELD RD (PX 1242),12700,EA
4917,43.6463370014055,-79.4490590015213,FERMANAGH AVE AT HIGH PARK BLVD & RONCESVALLES AVE (PX 832),5145,SO
4919,43.6703360043937,-79.4557940031783,DAVENPORT RD AT LAUGHTON AVE (PX 1022),24797,SO
4920,43.7046500004188,-79.4647999963697,CALEDONIA RD AT GLENCAIRN AVE (PX 1301),21334,NO
4921,43.7177559987539,-79.4681570041027,CALEDONIA RD AT ORFUS RD (PX 1302),18932,NO
4922,43.7683270013345,-79.2607820007328,APPLEFIELD DR AT BRIMLEY RD & BERNADINE ST (PX 2101),26101,EA
4923,43.6667250002628,-79.4464609943321,DUPONT ST AT LANSDOWNE AVE (PX 844),53821,SO
4924,43.667213766,-79.444179688,DUPONT ST AT EMERSON AVE,21992,SO
4925,43.6705950032903,-79.426610999977,DUPONT ST AT SHAW ST (PX 900),11246,SO
4927,43.718225999384,-79.2403630061466,BRIMLEY RD AT KINGSTON RD (PX 164),20800,EA
4928,43.7208749966146,-79.2414479981107,BRIMLEY RD AT ST CLAIR AVE E (PX 497),44784,EA
4929,43.7535260020301,-79.2553669940847,BRIMLEY RD AT LAWRENCE AVE (PX 414),113603,EA
4930,43.7984070025272,-79.2733659976785,BRIMLEY RD AT HUNTINGWOOD DR (PX 1170),40045,EA
4931,43.8156699977531,-79.2818679985953,BRIMLEY RD AT MCNICOLL AVE (PX 1510),57324,EA
4932,43.8249869997844,-79.2860540051703,BRIMLEY RD AT EAGLEDANCE DR & PORT ROYAL N TRL (PX 1634),9395,EA
4933,43.633952254,-79.434781562,JAMESON AVE AT SPRINGHURST AVE,10338,SO
4934,43.6427149994479,-79.4374960023452,LANSDOWNE AVE AT SEAFORTH AVE (PX 2347),16908,SO
4935,43.6510120000765,-79.439999003129,COLLEGE ST AT LANSDOWNE AVE (PX 831),46238,SO
4936,43.6841840039252,-79.4517050040611,NAIRN AVE AT ROGERS RD (PX 1596),7900,WE
4937,43.7109199967128,-79.2860859966581,HERRON AVE AT ST CLAIR AVE (PX 641),30379,EA
4938,43.713044601,-79.276558804,SANTAMONICA BLVD AT ST CLAIR AVE,14771,EA
4939,43.6886470029763,-79.3914920054002,FERNDALE AVE AT ST CLAIR AVE & TTC BUS LOOP (PX 1930),8407,SO
4940,43.686144928,-79.403883192,POPLAR PLAINS RD AT ST. CLAIR AVE,9890,SO
4941,43.634892802,-79.425804771,DUFFERIN ST AT SPRINGHURST AVE,23113,SO
4942,43.6571220006028,-79.4343130032908,DUFFERIN ST AT DUFFERIN PARK AVE (PX 1063),11145,SO
4943,43.655209997992,-79.4335679990949,DUFFERIN MALL AT DUFFERIN ST (PX 606),24150,SO
4944,43.6801490042936,-79.4439540000871,ASCOT AVE AT DUFFERIN ST (PX 1767),24724,SO
4945,43.7023510028313,-79.4521199994951,BRIAR HILL AVE AT DUFFERIN ST (PX 1544),33059,WE
4946,43.7038250022106,-79.4524749977227,DUFFERIN ST AT WINGOLD AVE (PX 894),16102,NO
4947,43.7140860038295,-79.4547510017973,DUFFERIN ST AT LAWRENCE AVE (PX 426),116718,NO
4948,43.7320919962188,-79.4589180046136,DUFFERIN ST AT WILSON AVE (PX 617),55492,NO
4949,43.7751929997223,-79.4684679940788,DUFFERIN ST AT MARTIN ROSS AVE (PX 1197),52572,NO
4950,43.7745740003722,-79.2522389938094,BUSHBY DR AT MCCOWAN RD & TOWN CENTRE CRT (PX 1356),69783,EA
4951,43.7600790009695,-79.2468509975797,MCCOWAN RD AT ST ANDREWS RD (PX 996),14521,EA
4952,43.7721419966215,-79.2514979952033,ELLESMERE RD AT MCCOWAN RD (PX 699),96977,EA
4953,43.7986729986515,-79.2625720013197,HUNTINGWOOD DR AT MCCOWAN RD & MIDDLEFIELD RD (PX 1243),45454,EA
4954,43.8225040018327,-79.2739869964627,ALTON TOWERS S CIR AT MCCOWAN RD (PX 1572),13657,EA
4955,43.8268960015146,-79.2759079992737,ALTON TOWERS N CIR AT MCCOWAN RD (PX 1539),12926,EA
4956,43.6649370033789,-79.3845949942162,WELLESLEY ST AT YONGE ST (PX 39),34563,SO
4957,43.7050060023866,-79.3498770052398,OVERLEA BLVD AT THORNCLIFFE PARK DR W (PX 680),40951,SO
4958,43.7038510022958,-79.4417459964851,MARLEE AVE AT RIDELLE AVE (PX 1094),30969,WE
4959,43.6447250007574,-79.4163030009436,QUEEN ST AT SHAW ST (PX 554),21081,SO
4961,43.7163160040524,-79.4432180007587,LAWRENCE AVE AT W R ALLEN RD E TCS (PX 1158),69024,NO
4962,43.7035739990321,-79.3643889956283,MILLWOOD RD AT SUTHERLAND DR (PX 684),5020,SO
4964,43.6972029984175,-79.3492669961559,DONLANDS AVE AT MILLWOOD RD & PAPE AVE (PX 642),59056,SO
4965,43.6716220019706,-79.4215439971995,CHRISTIE ST AT DUPONT ST (PX 841),63825,SO
4966,43.6557139992128,-79.4114080013647,COLLEGE ST AT EUCLID AVE (PX 1143),15752,SO
4967,43.7183599979621,-79.3314060033327,DEAUVILLE LANE AT ST DENNIS DR (PX 2522),17821,NO
4968,43.7299619973947,-79.2778589957775,BIRCHMOUNT RD AT EGLINTON AVE (PX 458),37130,EA
4969,43.6930300016025,-79.4622140047522,CALEDONIA RD AT EGLINTON AVE (PX 465),68546,WE
4970,43.7130779998741,-79.3672279980294,EGLINTON AVE AT SUTHERLAND DR (PX 1648),26057,SO
4971,43.7125730006214,-79.3696590022168,EGLINTON AVE E AT RUMSEY RD (PX 89),25295,SO
4972,43.7146030015274,-79.3598239971534,BRENTCLIFFE RD AT EGLINTON AVE (PX 87),24811,SO
4973,43.6624483187301,-79.5911481287536,COMMERCE BLVD AT EGLINTON  AVE (PX 1481),47442,WE
4974,43.6558340040247,-79.598410002409,CENTENNIAL PARK BV AT EGLINTON AVE & ORBITOR DR (PX 1484),35670,WE
4975,43.6682159985361,-79.5865609998932,EGLINTON AVE AT MATHESON BLVD (PX 1730),34025,WE
4976,43.6919400020931,-79.46537899618,BLACKTHORN AVE AT EGLINTON AVE (PX 880),40249,WE
4977,43.6967640027355,-79.4453129993792,EGLINTON AVE AT GLENHOLME AVE (PX 1074),20199,WE
4979,43.7002969971256,-79.4288299950441,EGLINTON AVE AT ROSTREVOR RD (PX 438),28898,SO
4980,43.675622000971,-79.5576699991271,EGLINTON AVE AT LLOYD MANOR RD & WIDDICOMBE HILL BLVD (PX 1278),70025,WE
4981,43.6823340043866,-79.5266070032159,EGLINTON AVE AT ROYAL YORK RD (PX 781),82216,WE
4982,43.7086589982404,-79.4780619980887,KEELE ST AT LAWRENCE AVE (PX 428),87820,NO
4983,43.68914094,-79.420730495,BATHURST ST AT HEATHDALE RD,35180,WE
4985,43.7208800006556,-79.43013999948,BATHURST ST AT COVINGTON RD & DOUGLAS AVE (PX 2075),17831,NO
4987,43.740001245,-79.434661384,BATHURST ST AT DELHI AVE,35771,NO
4988,43.7554580028968,-79.4384810044369,BATHURST ST AT SHEPPARD AVE (PX 672),77901,NO
4989,43.770375369,-79.442139658,BATHURST ST AT MASCOT PL & STAFFORD RD,16888,NO
4990,43.7810380028486,-79.4448339951444,BATHURST ST AT ANTIBES DR & DREWRY AVE (PX 676),49155,NO
4991,43.67218799762,-79.4060409960654,BERNARD AVE AT SPADINA RD (PX 1003),9363,SO
4992,43.6867760030999,-79.4120450055365,HEATH ST AT SPADINA RD (PX 1376),9753,SO
4993,43.7023509956401,-79.4191079962572,EGLINTON AVE AT SPADINA RD (PX 99),39669,SO
4994,43.7698109960212,-79.2186839970261,BRIMORTON DR AT SCARBOROUGH GOLF CLUB RD (PX 977),8691,EA
4996,43.6620839980631,-79.3976220050211,ST GEORGE ST AT WILLCOCKS ST (PX 837),5779,SO
4997,43.6641089977453,-79.3984440025076,HARBORD ST AT HOSKIN AVE & ST GEORGE ST (PX 838),10098,SO
4998,43.8051820040685,-79.2266869973814,MCLEVIN AVE AT TAPSCOTT RD (PX 1555),21707,EA
4999,43.8055789957971,-79.2209240002356,BLACKWELL AVE AT TAPSCOTT RD (PX 1776),5519,EA
5000,43.6439689976897,-79.3887170017963,FRONT ST W AT JOHN ST (PX 1417),17073,SO
5001,43.6498969990836,-79.3911370012881,JOHN ST AT QUEEN ST (PX 1461),14595,SO
5002,43.674724004454,-79.3966049963071,AVENUE RD AT DAVENPORT RD (PX 108),84950,SO
5003,43.6703849972626,-79.394820003394,AVENUE RD AT YORKVILLE AVE (PX 968),41036,SO
5005,43.7120939973452,-79.4117229967727,AVENUE RD AT HILLHURST BLVD (PX 1770),16149,SO
5006,43.714889554,-79.411996177,AVENUE RD AT STRATHALLAN BLVD,20416,SO
5007,43.722255597,-79.415609513,AVENUE RD AT LAWRENCE AVE W,89013,NO
5008,43.7375609996789,-79.4205839973403,AVENUE RD AT CARMICHAEL AVE (PX 1768),19943,NO
5009,43.665020996931,-79.3938969966197,HOSKIN AVE AT QUEENS PARK CRES W (PX 1482),12191,SO
5010,43.6414600021507,-79.380867994669,LAKE SHORE BLVD AT YORK ST (PX 205),63452,SO
5012,43.6585100032441,-79.3848929965795,BAY ST AT GERRARD ST (PX 67),26750,SO
5013,43.7114869962214,-79.4012579965125,CASTLEFIELD AVE AT DUPLEX AVE (PX 854),7204,SO
5014,43.7188970013807,-79.4039819958458,DUPLEX AVE AT GLENGROVE AVE (PX 855),11476,SO
5016,43.7515209975058,-79.2650520049525,LAWRENCE AVE AT MIDLAND AVE (PX 413),79503,EA
5017,43.7628659988759,-79.2110499947508,LAWRENCE AVE AT MOSSBANK DR (PX 1288),13108,EA
5018,43.755263457,-79.246758966,LAWRENCE AVE E AT VALPARAISO AVE,18233,EA
5019,43.7654469963182,-79.199472005908,LAWRENCE AVE AT OVERTURE RD (PX 1714),12953,EA
5020,43.7691730021438,-79.1828359979755,COLLINSGROVE RD AT LAWRENCE AVE & LING RD (PX 1166),9088,EA
5021,43.7706490011496,-79.176279001725,LAWRENCE AVE AT MANSE RD (PX 983),35478,EA
5022,43.7728800044659,-79.166335999067,BENNETT RD AT LAWRENCE AVE (PX 1033),5749,EA
5023,43.7056899983752,-79.4909100036065,1630 LAWRENCE AVE W AT 55M E OF OLYMPIA DR (PX 1624),33734,NO
5024,43.7184919997752,-79.432972995107,BRUCEWOOD CRES AT GLENMOUNT AVE & LAWRENCE AVE (PX 1326),15485,NO
5025,43.6992819967453,-79.5198860015234,HICKORY TREE RD AT LAWRENCE AVE & LITTLE AVE (PX 500),23311,WE
5026,43.6961610017749,-79.53273799661,LAWRENCE AVE W AT ROYAL YORK RD & THE WESTWAY (PX 780),43535,WE
5027,43.8091730021276,-79.2216579986745,MCLEVIN AVE AT NEILSON RD (PX 1339),43928,EA
5028,43.8020740024942,-79.2177989992939,BERNER TR & WICKSON TRL AT NEILSON RD (PX 1474),27379,EA
5029,43.7900420014284,-79.2116299964419,KEELER BLVD & OAKMEADOW BLVD AT NEILSON RD (PX 1538),19784,EA
5030,43.7548389990744,-79.4088550012554,HIGHWAY 401 N TCS AT YONGE ST (PX 639),77189,NO
5031,43.6524389980752,-79.3792579946139,QUEEN ST AT YONGE ST (PX 34),95523,SO
5032,43.6563280004304,-79.3809259970283,DUNDAS ST AT YONGE ST (PX 36),57305,SO
5033,43.6613709998318,-79.3831100001541,CARLTON ST AT COLLEGE ST & YONGE ST (PX 38),24782,SO
5034,43.6839400023244,-79.3923840003868,WOODLAWN AVE AT YONGE ST (PX 1290),29964,SO
5036,43.7692739979635,-79.4129040055789,EMPRESS AVE AT PARK HOME AVE & YONGE ST (PX 126),41016,NO
5037,43.7902519981599,-79.4181339998916,PATRICIA AVE AT YONGE ST (PX 856),41485,NO
5038,43.6867570035774,-79.5955659976761,CARLINGVIEW DR AT DIXON RD (PX 536),29375,WE
5039,43.6934009955448,-79.5625159996007,CELESTINE DR AT DIXON RD (PX 436),26415,WE
5040,43.6484420013891,-79.373785998187,CHURCH ST AT FRONT ST E & WELLINGTON ST E (PX 15),36305,SO
5041,43.6636969999158,-79.3801109969872,ALEXANDER ST AT CHURCH ST (PX 1480),16664,SO
5042,43.659857001795,-79.3785350026026,CHURCH ST AT GERRARD ST (PX 22),41282,SO
5043,43.6683479970769,-79.3820559941517,CHURCH ST AT ISABELLA ST (PX 572),18084,SO
5044,43.6694100011214,-79.3824930026603,CHARLES ST E AT CHURCH ST (PX 225),10459,SO
5045,43.6721709992556,-79.3847859985408,CHURCH ST AT PARK RD (PX 165),42571,SO
5046,43.6515269992959,-79.3723650028596,ADELAIDE ST AT JARVIS ST (PX 4),201601,SO
5047,43.6527039960576,-79.3728309938696,JARVIS ST AT RICHMOND ST (PX 5),192757,SO
5048,43.6652159985635,-79.3778959967253,JARVIS ST AT MAITLAND PL & MAITLAND ST (PX 1733),41338,SO
5049,43.778536002349,-79.4058249963844,BYNG AVE AT WILLOWDALE AVE (PX 1772),18192,NO
5050,43.7834399955546,-79.4078709998725,BISHOP AVE AT WILLOWDALE AVE (PX 1640),37121,NO
5052,43.6745399957441,-79.3801900016242,ELM AVE AT MOUNT PLEASANT RD (PX 132),46297,SO
5053,43.6935730027941,-79.3846659985131,MOORE AVE AT MOUNT PLEASANT RD (PX 135),53294,SO
5054,43.7003119963354,-79.3869729976405,DAVISVILLE AVE AT MOUNT PLEASANT RD (PX 137),56501,SO
5055,43.70246899909,-79.3878310029588,BELSIZE DR AT MOUNT PLEASANT RD (PX 1366),18223,SO
5056,43.7042920043193,-79.3885709960325,MANOR RD AT MOUNT PLEASANT RD (PX 138),15779,SO
5057,43.71260600301,-79.3917790008705,ERSKINE AVE AT MOUNT PLEASANT RD (PX 1446),29890,SO
5058,43.7203930008012,-79.3949460055107,GLENGOWAN RD AT MOUNT PLEASANT RD (PX 1888),9159,SO
5060,43.7905279988184,-79.4013749945868,CUMMER AVE AT MAXOME AVE (PX 1557),21201,NO
5061,43.7590310032401,-79.310188002995,ELLESMERE RD AT PHARMACY AVEv (PX 693),83844,EA
5062,43.7625860040448,-79.2947009957313,ELLESMERE RD AT PRINCIPAL RD (PX 1775),35212,EA
5063,43.7634269958529,-79.2913619949291,BIRCHMOUNT RD AT ELLESMERE RD (PX 695),92083,EA
5064,43.7775890033364,-79.2265750030044,DORMINGTON DR AT ELLESMERE RD & GANDER DR (PX 931),13375,EA
5065,43.7826010011882,-79.2049749985848,ELLESMERE RD AT NEILSON RD (PX 901),43318,EA
5066,43.7878510032529,-79.1832569991204,CONLINS RD AT ELLESMERE RD (PX 1569),7740,EA
5067,43.7601119972049,-79.3219950025734,GISBURN RD AT PARKWOODS VILLAGE DR (PX 898),20543,NO
5068,43.7713050032546,-79.2554279944315,BOROUGH APPROACH E AT ELLESMERE RD (PX 997),30775,EA
5069,43.6501970037426,-79.3621409954549,MILL ST AT PARLIAMENT ST (PX 1894),22998,SO
5070,43.6625869961754,-79.3640369938645,GERRARD ST AT SACKVILLE ST (PX 197),8635,SO
5072,43.6094190025379,-79.5602749995222,SHERWAY DR AT THE WEST MALL (PX 929),12864,WE
5074,43.6631579996018,-79.3614980028034,GERRARD ST AT SUMACH ST (PX 1390),17662,SO
5075,43.6568679982353,-79.356158001295,KING ST AT RIVER ST (PX 2181),11778,SO
5076,43.65737499864,-79.3565299952396,QUEEN ST AT RIVER ST (PX 174),20622,SO
5077,43.6595239967857,-79.3574570046285,RIVER ST AT SHUTER ST (PX 175),5504,SO
5078,43.6637070015232,-79.3592440004066,GERRARD ST E AT RIVER ST (PX 176),43017,SO
5080,43.7443799982975,-79.4052599960644,YORK MILLS RD AT TTC BUS ACCESS & 120M N E OF YONGE ST (PX 1723),12908,NO
5081,43.752495857,-79.365494581,BANBURY RD EAST LEG AT YORK MILLS RD,13522,NO
5082,43.759519285,-79.332700992,SANDOVER DR AT VALLEY WOODS RD & YORK MILLS RD,32226,NO
5083,43.6967489966302,-79.3717380060365,BAYVIEW AVE AT MOORE AVE (PX 169),65571,SO
5085,43.7605860032119,-79.386635002929,BAYVIEW AVE AT FIFESHIRE N RD & TRUMAN RD (PX 1083),26865,NO
5086,43.7850049957481,-79.3921470048099,BAYVIEW AVE AT FINCH AVE (PX 650),107550,NO
5087,43.7892770029842,-79.19435600566,MILITARY TR AT MORNINGSIDE AVE (PX 1112),53307,EA
5088,43.8133390031957,-79.2063960038428,JOHN STONER DR AT MORNINGSIDE AVE & MORNINGVIEW TRL (PX 1630),11250,EA
5089,43.774200465,-79.188426801,MORNINGSIDE AVE AT WARNSWORTH ST,23524,EA
5090,43.8163319990114,-79.2111740055012,MORNINGSIDE AVE AT SEWELLS RD (PX 1606),22315,EA
5091,43.6812800013185,-79.3576890000161,BROADVIEW AVE AT CHESTER HILL RD (PX 439),17350,SO
5092,43.6224719967824,-79.5406689938741,NORTH QUEEN ST AT SHORNCLIFFE RD (PX 1327),22028,WE
5093,43.7019480002172,-79.5756320005595,BELFIELD RD AT MARTIN GROVE RD (PX 789),25890,WE
5094,43.7320220035084,-79.5894230008677,JOHN GARLAND BLVD AT MARTIN GROVE RD (PX 1132),20780,WE
5095,43.7442859984524,-79.5953680014265,GARFELLA DR AT LEXINGTON AVE & MARTIN GROVE RD (PX 1535),18615,WE
5096,43.6584020004026,-79.3389599974451,CARLAW AVE AT EASTERN AVE (PX 819),74167,SO
5097,43.6610610025362,-79.3400920003608,CARLAW AVE AT QUEEN ST (PX 545),45744,SO
5098,43.6676360017974,-79.3427780038775,CARLAW AVE AT GERRARD ST (PX 372),55311,SO
5099,43.7135649957759,-79.3648019945452,EGLINTON AVE AT LAIRD DR (PX 88),73277,SO
5100,43.6932409956023,-79.350290997071,OCONNOR DR AT PAPE AVE (PX 442),42456,SO
5101,43.661597996708,-79.3377040061965,PAPE AVE AT QUEEN ST (PX 876),10822,SO
5102,43.67296899,-79.342392604,BAIN AVE AT PAPE AVE,4813,SO
5103,43.6894320002087,-79.3488149971863,COSBURN AVE AT PAPE AVE (PX 669),32735,SO
5104,43.7114649980426,-79.3585219987737,BRENTCLIFFE RD AT WICKSTEED AVE (PX 1907),32086,SO
5105,43.7743999986109,-79.3371119945523,HERONS HILL WAY AT YORKLAND RD (PX 184),9668,NO
5106,43.7932909970369,-79.2415510048434,SCUNTHORPE RD AT SHEPPARD AVE (PX 1543),12284,EA
5107,43.7765139995581,-79.3177639966101,PHARMACY AVE AT SHEPPARD AVE (PX 749),51847,EA
5109,43.7639959974042,-79.3996869988638,SHEPPARD AVE AT WILLOWDALE AVE (PX 741),101902,NO
5110,43.770356996599,-79.3712670000828,SHEPPARD AVE E AT AMBROSE RD & PROVOST DR (PX 1014),72096,NO
5111,43.7346700015565,-79.5339549997718,ABRAHAM WELSH RD AT RIVALDA RD & SHEPPARD AVE (PX 1128),11583,NO
5112,43.7403239965484,-79.5068850004887,MIN AVE AT SHEPPARD AVE & YATESCASTLE DR (PX 1248),23232,NO
5113,43.7555340017438,-79.474296001618,CHESSWOOD DR AT SHEPPARD AVE (PX 1049),58086,NO
5114,43.7508400040139,-79.4607699955771,SHEPPARD AVE AT TTC SUBWAY STATION & 100M W OF BANTING (PX 1674),34391,NO
5115,43.7589500038826,-79.4225590001327,SENLAC RD AT SHEPPARD AVE (PX 740),29691,NO
5116,43.6947219960797,-79.343115999481,DONLANDS AVE AT OCONNOR DR (PX 443),36246,SO
5117,43.7117029995095,-79.5667019990685,KIPLING AVE AT REXDALE BLVD (PX 732),86162,WE
5118,43.6006819992865,-79.5180229939277,BIRMINGHAM ST AT KIPLING AVE (PX 767),9235,WE
5119,43.646966996917,-79.5376300016416,KIPLING AVE AT MATTICE AVE & MATTICE RD (PX 1867),26635,WE
5120,43.6969269964058,-79.5598640054929,KINGSVIEW BLVD AT KIPLING AVE (PX 888),25476,WE
5121,43.7025919974457,-79.5623749991519,GREENSBORO DR AT KIPLING AVE & RONSON DR (PX 1210),11838,WE
5122,43.7048329996309,-79.5634880037983,BELFIELD RD AT HIGHWAY 409 & KIPLING AVE (PX 731),32314,WE
5123,43.7091519980954,-79.5655149996103,BETHRIDGE RD AT KIPLING AVE (PX 1211),26043,WE
5124,43.7194060038146,-79.5703979951296,KIPLING AVE AT TABER RD (PX 1174),21923,WE
5125,43.7281389986547,-79.5746600007904,BROOKMERE RD AT KIPLING AVE & WESTHUMBER BLVD (PX 733),20043,WE
5126,43.735504002479,-79.5783090006893,JOHN GARLAND BLVD AT KIPLING AVE (PX 1430),18178,WE
5127,43.7562329959838,-79.5883479992434,KIDRON VALLEY DR AT KIPLING AVE (PX 1552),13417,WE
5128,43.71709800223,-79.3499790020795,EGLINTON AVE AT LESLIE ST (PX 453),95330,NO
5130,43.7345350020512,-79.3559789975746,LAWRENCE AVE AT LESLIE ST (PX 400),76005,NO
5131,43.7529540024996,-79.3599700035615,LESLIE ST AT YORK MILLS RD (PX 755),94733,NO
5133,43.7165530003692,-79.3373159951549,DON MILLS RD AT ST DENNIS DR (PX 621),23021,NO
5134,43.7371729960536,-79.343447995524,DON MILLS RD AT LAWRENCE AVE (PX 402),49703,NO
5135,43.8273789964965,-79.2652439987618,INGLETON BLVD AT MIDDLEFIELD RD & PASSMORE AVE (PX 1685),11370,EA
5136,43.671844126,-79.323990957,GERRARD ST AT WOODFIELD RD,6151,SO
5137,43.6687010011196,-79.3175769979761,COXWELL AVE AT DUNDAS ST (PX 283),21827,SO
5138,43.6729080017313,-79.3193090025802,COXWELL AVE AT EASTWOOD RD & GERRARD ST E (PX 368),50404,SO
5139,43.6941359955504,-79.3280180038387,COSBURN AVE AT COXWELL AVE (PX 666),35921,SO
5140,43.6007609987088,-79.5052739996386,ISLINGTON AVE AT LAKE SHORE BLVD & SEVENTH ST (PX 1325),24728,WE
5141,43.6513609983789,-79.5263980027481,DUNDAS ST AT ISLINGTON AVE (PX 706),110378,WE
5142,43.6342169987291,-79.5191310032807,ISLINGTON AVE AT NORSEMAN ST (PX 705),40774,WE
5143,43.6393769963967,-79.521221995033,BERING AVE AT ISLINGTON AVE (PX 1088),15954,WE
5144,43.6483820039012,-79.5250910003499,CENTRAL PARK RDWY AT CORDOVA AVE & ISLINGTON AVE (PX 1771),16927,WE
5145,43.664281343,-79.532033519,ANGLESEY BLVD AT ISLINGTON AVE,30241,WE
5146,43.6831880028893,-79.5405010029913,ISLINGTON AVE AT SUMMITCREST DR (PX 710),28858,WE
5147,43.6970490024325,-79.5467310031199,DIXON RD AT ISLINGTON AVE (PX 434),84801,WE
5148,43.7013239986636,-79.548676000623,ISLINGTON AVE AT ST ANDREWS BLVD (PX 955),19312,WE
5149,43.7270259960083,-79.5607550045687,FORDWICH CR AT ISLINGTON AVE (PX 1148),23381,WE
5150,43.7522889986634,-79.5683589949527,ISLINGTON AVE AT MILADY RD (PX 1198),22956,NO
5151,43.7424649961067,-79.5677450044375,BEAUMONDE HEIGHTS DR AT ISLINGTON AVE (PX 1500),26270,WE
5152,43.7462469990544,-79.5686209941994,FINCH AVE AT ISLINGTON AVE (PX 947),49616,NO
5153,43.7947399983059,-79.3456660053011,FINCH AVE AT HIGHWAY 404 W TCS (PX 1182),55465,NO
5154,43.8037510002619,-79.286293001785,FINCH AVE AT MIDLAND AVE (PX 1180),73259,EA
5155,43.8088250042136,-79.2627749943919,FINCH AVE AT SANDHURST E CIR(PX 1380),11681,EA
5156,43.807186003862,-79.2703919992287,FINCH AVE AT SANDHURST W CIR (PX 1177),14770,EA
5157,43.7833399959354,-79.3992960037715,FINCH AVE AT MAXOME AVE (PX 1645),16394,NO
5158,43.7891489956068,-79.373286994982,ALAMOSA DR AT FINCH AVE & PINEWAY BLVD (PX 999),35218,NO
5159,43.6048559955284,-79.4990060016926,BIRMINGHAM ST AT DWIGHT AVE & MURRIE ST (PX 770),3675,WE
5160,43.6081380018979,-79.5003679941074,DWIGHT AVE AT NEW TORONTO ST & STRUTHERS ST (PX 771),3181,WE
5161,43.7499440044301,-79.5523160037562,FINCH AVE AT MILVAN DR & RUMIKE RD (PX 811),22165,NO
5163,43.7487940005438,-79.5576329992042,ARDWICK E BLVD AT DUNCANWOODS DR & FINCH AVE (PX 960),16475,NO
5164,43.7559279968767,-79.5242870010143,FINCH AVE AT NORFINCH DR & OAKDALE RD (PX 870),62004,NO
5165,43.7728569991906,-79.4482169963563,FINCH AVE AT VIRGILWOOD DR (PX 1221),36424,NO
5166,43.7367719992734,-79.5917030015765,FINCH AVE AT MARTIN GROVE RD (PX 992),68940,WE
5167,43.6122349998227,-79.4967499947731,MIMICO AVE AT ROYAL YORK RD (PX 773),12466,WE
5168,43.6369440012806,-79.5070520031422,NORSEMAN ST AT ROYAL YORK RD (PX 1466),21741,WE
5169,43.685865995913,-79.5281669970599,RENAULT CRES AT ROYAL YORK RD & SUMMITCREST DR (PX 1135),21194,WE
5170,43.6903969992043,-79.5301770061636,ROYAL YORK RD AT TREHORNE DR (PX 1139),20619,WE
5171,43.676460001882,-79.3089610016237,WOODBINE AVE AT CORLEY AVE & EASTWOOD RD (PX 824),10039,SO
5172,43.6928050023704,-79.3158550040526,LUMSDEN AVE AT MORTIMER AVE & WOODBINE AVE (PX 660),44938,SO
5173,43.6361560037359,-79.4934270034895,BERRY RD AT PARK LAWN RD (PX 1395),6487,WE
5175,43.669372161,-79.501647229,FOXWELL ST AT SCARLETT RD,32627,WE
5176,43.680766002161,-79.5088529978744,EDENBRIDGE DR AT SCARLETT RD (PX 783),25729,WE
5177,43.810010506,-79.365912227,STEELES AVE AT WAGGONERS WELLS LANE,35786,NO
5178,43.8554569956453,-79.1702909964108,PICKERING TOWN LINE AT STEELES AVE & TAUNTON RD (PX 1690),25953,EA
5179,43.7720890013062,-79.5377950039109,HIGHWAY 400 W TCS AT STEELES AVE (PX 1487),44607,NO
5180,43.7960069972925,-79.4292670008971,HILDA AVE AT STEELES AVE (PX 1115),84237,NO
5181,43.7847000015855,-79.481056997688,ALNESS ST AT STEELES AVE (PX 1231),48228,NO
5182,43.7592919962251,-79.5970180030398,GIHON SPRING DR AT STEELES AVE (PX 2332),16163,WE
5183,43.78389448,-79.484460622,# 2501 STEELES AVE AT STEELES AVE,23309,NO
5187,43.6463660024021,-79.366098997147,LAKE SHORE BLVD AT LOWER SHERBOURNE ST & SHERBOURNE ST (PX 203),63197,SO
5188,43.6477379964,-79.3610430031431,LAKE SHORE BLVD AT PARLIAMENT ST (PX 209),42509,SO
5189,43.6273050002796,-79.4790200017639,F G GARDINER EXPY ON/OFF RAMPS AT LAKE SHORE BLVD (PX 1944),33884,WE
5190,43.5972060023721,-79.521317995092,LAKE SHORE BLVD AT 22ND ST & 23RD ST (PX 238),15395,WE
5192,43.608563142,-79.490343738,LAKE SHORE BLVD W AT SYMONS ST,6534,WE
5193,43.6137790013037,-79.4893140038908,LAKE SHORE BLVD AT MIMICO AVE (PX 232),7243,WE
5194,43.6351890029381,-79.46814699688,LAKE SHORE BLVD AT WINDERMERE AVE (PX 229),73499,SO
5195,43.6363540019529,-79.4652849938289,ELLIS AVE AT LAKE SHORE BLVD (PX 228),66502,SO
5196,43.63679726,-79.444835554,# 1491 LAKE SHORE BLVD W AT LAKE SHORE BLVD W,26551,SO
5197,43.590515809,-79.54495181,BROW DR AT FORTY FIRST ST & LAKE SHORE BLVD,21915,WE
5198,43.5953230010823,-79.5297680040575,LAKE SHORE BLVD AT THIRTIETH ST (PX 239),10559,WE
5199,43.6549600017235,-79.3374340022338,CARLAW AVE AT LAKE SHORE BLVD E (PX 207),58397,SO
5200,43.6149489970499,-79.4886640043143,LAKE SHORE BLVD W AT SUPERIOR AVE (PX 231),17224,WE
5201,43.683357998254,-79.4803060038685,BLACK CREEK DR AT HUMBER BLVD & WESTON RD (PX 577),41864,WE
5202,43.6946109977836,-79.4861059984098,BLACK CREEK DR AT TRETHEWEY DR (PX 1420),50513,WE
5203,43.6910680016337,-79.4838690046604,BLACK CREEK DR AT TODD BAYLIS BLVD & KEELESDALE PARK (PX 1421),31580,WE
5204,43.6858640024089,-79.4816850012521,BLACK CREEK DR AT PHOTOGRAPHY DR (PX 1438),26902,WE
5205,43.6060240034788,-79.5471350048376,BROWNS LINE AT VALERMO DR (PX 762),32887,WE
5207,43.7105249971081,-79.3089540054691,DOHME AVE AT O CONNOR DR (PX 1720),22344,SO
5208,43.7274640022885,-79.2297160030072,FENWOOD HTS AT KINGSTON RD (PX 1013),42152,EA
5210,43.7764950043601,-79.1735580049863,BEECHGROVE DR AT KINGSTON RD (PX 1189),17990,EA
5211,43.7970539969475,-79.1491709999831,KINGSTON RD AT RYLANDER BLVD (PX 1531),63966,EA
5212,43.6768940004328,-79.5910629997699,CARLINGVIEW DR AT INTERNATIONAL BLVD & RENFORTH DR (PX 1440),23233,WE
5213,43.6915089958457,-79.5977069949153,CARLINGVIEW DR AT FASKEN DR (PX 1577),7386,WE
5214,43.6721889956483,-79.5933009940504,CONVAIR DR AT RENFORTH DR (PX 1412),20129,WE
5216,43.6758099992938,-79.4025939989231,DAVENPORT RD AT DUPONT ST (PX 382),68050,SO
5217,43.687922829,-79.492020465,OXFORD DR AT WESTON RD,6770,WE
5218,43.6842290013814,-79.4839990028504,LAMBTON AVE AT WESTON RD (PX 578),9228,WE
5219,43.7263519956312,-79.5355859938428,STARVIEW LANE AT WESTON RD (PX 1227),18509,NO
5220,43.7676769982551,-79.5459679969487,GARYRAY DR AT WESTON RD (PX 1679),18494,NO
5221,43.7062880015169,-79.5323880040452,ST PHILLIPS RD AT WESTON RD (PX 584),49541,WE
5222,43.7648740027282,-79.5453639940284,ORMONT DR AT WESTON RD (PX 1226),9999,NO
5223,43.7176549966875,-79.5390919998526,ALBION RD AT WESTON RD W TCS (PX 1066),36143,NO
5224,43.7250959971854,-79.5505650054586,ALBION RD AT ELMHURST DR (PX 723),28853,WE
5225,43.7389979976924,-79.5761790001244,ALBION RD AT BENSTROW AVE & SANAGAN RD (PX 1953),26888,WE
5226,43.6932459991626,-79.4785040012649,CLEARVIEW HTS AT TRETHEWEY DR (PX 1660),8189,WE
5227,43.7292500033389,-79.2518199951206,DANFORTH RD AT 18M S OF WINTER AVE (PX 1509),9854,EA
5228,43.730545771,-79.250948575,DANFORTH RD AT FALMOUTH AVE & GLENSHEPHARD DR,9590,EA
5229,43.7168460027539,-79.2599200047093,DANFORTH RD AT ST CLAIR AVE (PX 392),52263,EA
5231,43.7137780016046,-79.2980589941606,BASSETT AVE AT VICTORIA PARK AVE & YARDLEY AVE (PX 513),20006,SO
5232,43.7197849977026,-79.3005920042057,HOLSWADE RD AT SUNRISE AVE & VICTORIA PARK AVE (PX 1581),11597,NO
5233,43.7266859970816,-79.3034699973418,CRAIGTON DR & JONESVILLE CR AT VICTORIA PARK AVE (PX 202),22607,NO
5234,43.7303840009631,-79.3049989965803,ELVASTON DR AT VICTORIA PARK AVE (PX 514),25688,NO
5235,43.7479620006775,-79.3118169995071,CURLEW DR AT LYNVALLEY CRES & VICTORIA PARK AVE (PX 516),16824,NO
5236,43.785729516,-79.327933597,PLEASANT VIEW DR AT VICTORIA PARK AVE,14872,NO
5237,43.7931060033943,-79.3314119958679,FINCH AVE AT VICTORIA PARK AVE (PX 1015),77057,EA
5238,43.8156499969052,-79.3413169999089,STEELES AVE AT VICTORIA PARK AVE (PX 1142),33380,EA
5239,43.7393509992595,-79.3031009971535,INNISWOOD DR AT PHARMACY AVE (PX 1411),20745,EA
5240,43.7462059987324,-79.305836997458,BRIAN AVE AT PHARMACY AVE (PX 1187),19029,EA
5241,43.8041220005354,-79.330734002608,MCNICOLL AVE AT PHARMACY AVE (PX 1241),29201,EA
5242,43.8117599956864,-79.3341749986029,GLENDINNING AVE AT GORDON BAKER RD & PHARMACY AVE (PX 1429),12548,EA
5243,43.6169930013178,-79.518846005607,EVANS AVE AT HORNER AVE (PX 774),45806,WE
5244,43.7690890033947,-79.3036299994566,HIGHWAY 401 S TCS AT WARDEN AVE (PX 761),91148,EA
5245,43.7716209990205,-79.304698006175,HIGHWAY 401 N TCS AT WARDEN AVE (PX 760),56791,EA
5246,43.7307110016848,-79.2887619943645,ASHTONBEE RD AT WARDEN AVE (PX 1377),48279,EA
5248,43.65390599768,-79.358533000079,EASTERN AVE AT CHERRY ST & SUMACH ST (PX  816),24366,SO
5249,43.6434019957811,-79.40528499847,KING ST AT TECUMSETH ST (PX 1716),18700,SO
5251,43.6506689963799,-79.377244996654,ADELAIDE ST AT VICTORIA ST (PX 26),28060,SO
5252,43.6482000032607,-79.3886829979009,ADELAIDE ST AT DUNCAN ST (PX 1266),17099,SO
5253,43.6491880030543,-79.3841099990904,ADELAIDE ST AT YORK ST (PX 73),24902,SO
5254,43.6469720005668,-79.4011270032063,PORTLAND ST AT RICHMOND ST (PX 1097),6327,SO
5255,43.6483929990199,-79.3932769981614,PETER ST AT RICHMOND ST (PX 268),16451,SO
5256,43.6511699991105,-79.3813329942442,BAY ST AT RICHMOND ST (PX 63),37354,SO
5257,43.6700719991963,-79.2998249968864,BELLEFAIR AVE AT QUEEN ST (PX 1916),8439,SO
5258,43.6715829966999,-79.2927380014983,GLEN MANOR DR AT QUEEN ST (PX 2025),16420,SO
5260,43.650232023,-79.389476678,DUNCAN ST AT MCCAUL ST & QUEEN ST,8746,SO
5261,43.61506799749,-79.5522650039241,THE QUEENSWAY AT SHERWAY GARDENS RD (PX 887),56794,WE
5262,43.658346247,-79.434780414,CROATIA ST AT DUFFERIN ST,20204,SO
5263,43.6372100042194,-79.4699139976653,THE QUEENSWAY AT WINDERMERE AVE (PX 562),36376,SO
5264,43.6395350010386,-79.4593869984998,COLBORNE LODGE DR AT THE QUEENSWAY (PX 560),13665,SO
5265,43.6387150027243,-79.4462190004923,KING ST AT QUEEN ST & RONCESVALLES AVE (PX 559),41570,SO
5267,43.6219289998539,-79.5223729996602,THE QUEENSWAY AT ZORRA ST (PX 1089),17001,WE
5268,43.622643001119,-79.5190929977354,ST LAWRENCE AVE AT THE QUEENSWAY (PX 636),14897,WE
5269,43.6243409965767,-79.5116890012567,CANMOTOR AVE AT LADY BANK RD & THE QUEENSWAY (PX 1338),34442,WE
5270,43.6253250020155,-79.5072410014352,TAYMALL AVE AT THE QUEENSWAY & WADSWORTH BLVD (PX 566),39599,WE
5271,43.6263360042642,-79.5026320022918,ROYAL YORK RD AT THE QUEENSWAY (PX 565),67230,WE
5272,43.6303809978039,-79.4842619992109,STEPHEN DR AT THE QUEENSWAY (PX 563),74794,WE
5273,43.8086369998735,-79.3111679978823,BIRCHMOUNT RD AT MCNICOLL AVE (PX 1413),60232,EA
5274,43.7393889956458,-79.5132209984919,JANE ST AT SHEPPARD AVE (PX 533),90104,NO
5276,43.7548540011727,-79.5170740000326,FIRGROVE N CR AT JANE ST & YEWTREE BLVD (PX 1007),15744,NO
5277,43.7594899964267,-79.5182199949711,JANE ST AT YORKGATE MALL N ENTRANCE 55M N OF SAN ROMANO (PX 1731),12548,NO
5278,43.7619169969071,-79.5188219994882,JANE ST AT STONG CT & YORK GATE BLVD (PX 972),13108,NO
5279,43.6089890010863,-79.5564190014934,EVANS AVE AT SHERWAY GT (PX 923),26442,WE
5280,43.6565009962648,-79.3771480059503,CHURCH ST AT DUNDAS ST E (PX 21),24051,SO
5281,43.6582939986089,-79.3710319996975,DUNDAS ST E AT SHERBOURNE ST (PX 258),20251,SO
5282,43.6280450000722,-79.55889599383,DUNDAS ST AT HIGHWAY 427 W TCS (PX 882),25795,WE
5283,43.6290049986856,-79.5549370053969,CLOVERDALE MALL AT DUNDAS ST & HIGHWAY 427 E TCS (PX 881),18712,WE
5285,43.6655629970045,-79.4789569968389,DUNDAS ST AT GILMOUR AVE (PX 2084),10312,SO
5288,43.6487700014157,-79.5287490009275,BURNHAMTHORPE RD AT CORDOVA AVE & DUNDAS ST (PX 777),69695,WE
5289,43.6506859967898,-79.4430229978562,DUNDAS ST W AT STERLING RD (PX 2366),38233,SO
5290,43.6513079956027,-79.4109190051228,DUNDAS ST W AT MANNING AVE (PX 1878),17285,SO
5291,43.653822998859,-79.3938590046275,BEVERLEY ST AT DUNDAS ST (PX 266),10975,SO
5292,43.655714996924,-79.3837659965355,BAY ST AT DUNDAS ST W (PX 66),57427,SO
5293,43.6562910039148,-79.3795760031552,DUNDAS ST E AT VICTORIA ST (PX 1905),8540,SO
5294,43.6273420016154,-79.5623720043877,DUNDAS ST AT NEILSON DR & WEST MALL CRES (PX 883),112619,WE
5295,43.6361089996753,-79.5400880057141,DUNDAS ST AT POPLAR AVE & SUBWAY CRES (PX 779),44630,WE
5296,43.6606290021569,-79.510457003821,DUNDAS ST W AT PRINCE EDWARD DR N (PX 776),37163,WE
5297,43.656988895,-79.385884671,ELIZABETH ST AT ELM ST,5969,SO
5299,43.652147432,-79.434584538,COLLEGE ST AT SHERIDAN AVE,7293,SO
5300,43.6582600029405,-79.3981979999728,COLLEGE ST AT HURON ST (PX 1725),9595,SO
5301,43.7554069962173,-79.2771529964622,FORBES RD AT KENNEDY RD (PX 1722),18273,EA
5302,43.7717319996014,-79.2832500040623,ANTRIM CR AT KENNEDY RD & LANSCO RD (PX 1703),86020,EA
5303,43.6449399989929,-79.4783949987533,MORNINGSIDE AVE AT WINDERMERE AVE (PX 2525),6118,SO
5304,43.6496870031299,-79.4829680055117,ARMADALE AVE AT BLOOR ST W (PX 2404),33179,SO
5305,43.6516079990898,-79.4740889966292,BLOOR ST AT GLENDONWYNNE RD (PX 1688),22286,SO
5306,43.6525240026726,-79.4700310056927,BLOOR ST W AT CLENDENAN AVE (PX 330),23291,SO
5307,43.6535369994997,-79.4652970033174,BLOOR ST W AT COLBORNE LODGE DR & HIGH PARK (PX 329),31152,SO
5309,43.6486909978685,-79.5054530027766,BLOOR ST AT PRINCE EDWARD DR (PX 337),54546,WE
5310,43.6769439963627,-79.3550599997251,DANFORTH AVE AT PLAYTER BLVD (PX 477),9540,SO
5311,43.6780120005213,-79.3496230051069,DANFORTH AVE AT LOGAN AVE (PX 343),35376,SO
5313,43.6887435311385,-79.2992134965182,DANFORTH AVE AT 2681 DANFORTH AVE (CANADIAN TIRE STORE),12192,SO
5315,43.6547070009503,-79.4600479973423,BLOOR ST W AT KEELE ST & PARKSIDE DR (PX 328),66203,SO
5316,43.690165002583,-79.4750620044833,EGLINTON AVE W AT KEELE ST & TRETHEWEY DR (PX 467),99745,WE
5317,43.694355997299,-79.4748190036293,BEECHBOROUGH AVE AT KEELE ST (PX 591),22061,WE
5318,43.699309998705,-79.475940995624,KEELE ST AT GULLIVER RD & INGRAM DR (PX 592),47619,NO
5319,43.705594366,-79.477383581,GEORGE ANDERSON DR AT KEELE ST,13362,NO
5322,43.8207069968362,-79.2949339976414,COPTHORNE AVE AT MIDLAND AVE & PASSMORE AVE (PX 1565),26303,EA
5323,43.7463769996048,-79.2630810041088,MARCOS BLVD AT MIDLAND AVE & ROMULUS DR (PX 1098),22280,EA
5324,43.7889329981816,-79.2800380059487,LOCKIE AVE AT MIDLAND AVE (PX 1814),9513,EA
5325,43.6710199974191,-79.4623289941322,DAVENPORT RD AT OLD WESTON RD (PX 391),31671,SO
5326,43.6735359955188,-79.4630499954062,OLD WESTON RD AT ST CLAIR AVE (PX 492),95610,SO
5327,43.674011187,-79.463174211,OLD WESTON RD AT TOWNSLEY ST,19692,SO
5328,43.6818950037131,-79.4676749938059,OLD WESTON RD AT ROGERS RD (PX 1470),25018,WE
5330,43.6451350019236,-79.5649549965236,BURNHAMTHORPE RD AT HIGHWAY 427 W TCS (PX 950),46437,WE
5331,43.6463030043403,-79.5599919958505,BURNHAMTHORPE RD AT THE EAST MALL (PX 948),71822,WE
5332,43.6488059964487,-79.5489809979942,BURNHAMTHORPE RD AT MARTIN GROVE RD (PX 785),43690,WE
5333,43.675594773,-79.403600319,DUPONT ST AT ST GEORGE ST,23908,SO
5334,43.7366959982975,-79.2480839991062,BRIMLEY RD AT EGLINTON AVE E (PX 462),69569,EA
5335,43.7700649968149,-79.2613309987182,BRIMLEY RD AT ELLESMERE RD (PX 698),81498,EA
5336,43.7875780025516,-79.2683120020511,BRIMLEY RD AT SHEPPARD AVE (PX 1109),103826,EA
5337,43.6371759958703,-79.4360370034674,JAMESON AVE AT KING ST (PX 540),34127,SO
5338,43.6405179998608,-79.4369749956253,LANSDOWNE AVE & QUEEN ST W (PX 1981),20619,SO
5341,43.7076700042626,-79.3026450035633,PLAXTON DR AT ST CLAIR AVE (PX 1681),24561,SO
5342,43.678434997127,-79.4408559942487,NORTHCLIFFE BLVD AT ST CLAIR AVE (PX 769),14374,SO
5343,43.6800230035419,-79.4336470057349,ALBERTA AVE AT ST CLAIR AVE (PX 2198),16407,SO
5346,43.6859000044568,-79.4053499987944,# 230 ST CLAIR AVE AT TIMOTHY EATON CHURCH (PX 1991),8885,SO
5348,43.6873150017348,-79.3979750058163,DEER PARK CR AT GRANITE PL & ST CLAIR AVE (PX 860),10795,SO
5349,43.6496509960043,-79.4314530031919,DUFFERIN ST AT DUNDAS ST W (PX 190),42792,SO
5350,43.6684640022915,-79.4390349972615,DUFFERIN ST AT DUPONT ST (PX 608),66409,SO
5351,43.669414553,-79.439465635,DUFFERIN ST AT GEARY AVE,23613,SO
5352,43.6755439966585,-79.4420829959342,AUBURN AVE AT DUFFERIN ST (PX 1652),22432,SO
5355,43.6823679996393,-79.444844005053,DUFFERIN ST AT HOPE ST (PX 609),23038,SO
5356,43.6855659974183,-79.4461170036016,DUFFERIN ST AT ROGERS RD (PX 610),51101,WE
5357,43.7007559985864,-79.4517670014921,CASTLEFIELD AVE AT DUFFERIN ST (PX 612),63062,WE
5358,43.7107100003829,-79.4540099958066,DUFFERIN ST AT PLAYFAIR AVE & WENDERLY DR (PX 873),33945,NO
5359,43.7873919989948,-79.2572810039347,INVERGORDON AVE AT MCCOWAN RD & PITFIELD RD (PX 1020),26840,EA
5360,43.8179409992585,-79.2719800058063,MCCOWAN RD AT MCNICOLL AVE (PX 1493),87261,EA
5363,43.674406997119,-79.4337819957504,DAVENPORT RD AT OAKWOOD AVE (PX 387),52596,SO
5364,43.6926540021562,-79.4408439950543,OAKWOOD AVE AT VAUGHAN RD (PX 803),24929,WE
5366,43.6747219989894,-79.4309830018957,DAVENPORT RD AT OSSINGTON AVE (PX 386),34040,SO
5367,43.6442040003892,-79.4188609943574,OSSINGTON AVE AT QUEEN ST (PX 555),29433,SO
5368,43.656978943,-79.423702764,DEWSON ST AT OSSINGTON AVE,7897,SO
5369,43.6585469968699,-79.4243150052402,HARBORD ST AT OSSINGTON AVE (PX 836),10791,SO
5370,43.6700319965012,-79.4290190008019,DUPONT ST AT OSSINGTON AVE (PX 842),49815,SO
5371,43.674730008,-79.428328185,DAVENPORT RD AT SHAW ST,17919,SO
5372,43.6414370035653,-79.415017995039,KING ST W AT SHAW ST (PX 1628),23288,SO
5373,43.7256130035819,-79.4485719964188,HIGHWAY 401 ACCESS RD AT YORKDALE RD (PX 1346),20086,NO
5375,43.7594729966785,-79.4649530033092,KENNARD AVE AT W R ALLEN RD (PX 1699),51405,NO
5376,43.7047839967242,-79.3681290048752,MCRAE DR AT MILLWOOD RD (PX 683),7789,SO
5377,43.7169860013499,-79.3133449950765,BERMONDSEY RD AT SUNRISE AVE (PX 884),7565,SO
5378,43.7196829977293,-79.3145150058951,BARTLEY DR AT BERMONDSEY RD (PX 1124),10504,NO
5379,43.7120209981776,-79.3302750006739,GATEWAY BLVD AT GRENOBLE DR S TCS (PX 2526),11491,NO
5380,43.7225880022243,-79.33202400232,DON VALLEY PKWY W TCS AT EGLINTON AVE (PX 1105),33358,NO
5382,43.7308450017866,-79.2738890048659,EGLINTON AVE AT ROSEMOUNT DR (PX 1742),18421,EA
5383,43.7417920017241,-79.2251619991317,EGLINTON AVE AT MASON RD (PX 638),30083,EA
5384,43.7260230034615,-79.3135230030425,EGLINTON AVE AT BERMONDSEY RD & SLOANE AVE (PX 455),80005,NO
5386,43.6739970042902,-79.5673590040194,EGLINTON AVE AT HIGHWAY 401/427 TCS (PX 954),62269,WE
5387,43.6973020004568,-79.442792994847,EGLINTON AVE AT OAKWOOD AVE (PX 103),31077,WE
5389,43.6980399994294,-79.4393899966955,EGLINTON AVE AT MARLEE AVE (PX 102),41576,WE
5391,43.7051049992592,-79.4061320032709,EGLINTON AVE AT ORIOLE PKWY (PX 95),26416,SO
5392,43.703939002768,-79.4116449968133,CASTLE KNOCK RD AT EGLINTON AVE (PX 720),9991,SO
5393,43.6718319972762,-79.5712909992966,EGLINTON AVE AT THE EAST MALL & HWY 427 NB OFF RAMP (PX 907),31374,WE
5394,43.6785359976268,-79.5448889984707,BEMERSYDE DR AT EGLINTON AVE W & WINCOTT DR (PX 974),44208,WE
5395,43.7475060039221,-79.1992410010807,GUILDWOOD PKWY AT LIVINGSTON RD (PX 1058),6586,EA
5396,43.6407490036246,-79.401420994799,BATHURST ST AT FRONT ST (PX 297),103930,SO
5397,43.6471879971447,-79.4040099955383,BATHURST ST AT QUEEN ST (PX 296),107695,SO
5398,43.6638300014638,-79.4107160019523,BATHURST ST AT LENNOX ST (PX 1683),15233,SO
5399,43.6651149958112,-79.4112120026582,BATHURST ST AT BLOOR ST (PX 321),81650,SO
5400,43.6700969985521,-79.4131789966801,BATHURST ST AT WELLS ST (PX 1064),23850,SO
5401,43.7373540023486,-79.4340050046302,BATHURST ST AT WILSON AVE (PX 320),53189,NO
5402,43.78708100044,-79.2360000025067,HIGHWAY 401 N TCS AT MARKHAM RD (PX 971),107355,EA
5403,43.7578399960736,-79.2247090027255,GREENCEDAR CRCT AT GREENCREST CRCT & MARKHAM RD (PX 704),15271,EA
5404,43.7556790002988,-79.2240559981589,EASTPARK BLVD AT MARKHAM RD & STEVENWOOD RD (PX 1397),13722,EA
5405,43.8305490044034,-79.2507160000298,MARKHAM RD AT PASSMORE AVE (PX 1732),43549,EA
5406,43.7273460002866,-79.3277929950361,CONCORDE PL AT WYNFORD DR & WYNFORD HEIGHTS CRES (PX 1455),9674,NO
5407,43.673973317,-79.410516002,BRUNSWICK AVE AT DUPONT ST,11510,SO
5408,43.6954939980192,-79.4024030010761,KILBARRY RD AT ORIOLE PKWY (PX 1740),31815,SO
5409,43.69792731,-79.403321421,CHAPLIN CRES AT ORIOLE PKWY,41061,SO
5410,43.6587000003812,-79.3959020037935,BEVERLEY ST AT COLLEGE ST & ST GEORGE ST (PX 827),22250,SO
5411,43.6591990038958,-79.3934839939824,COLLEGE ST AT MCCAUL ST (PX 825),21268,SO
5412,43.7432199966168,-79.4242209939197,AVENUE RD AT HIGHWAY 401 N TCS (PX 396),26555,NO
5414,43.7018390025167,-79.4074449984671,AVENUE RD AT COLLEGE VIEW AVE (PX 1497),40398,SO
5415,43.69877858,-79.406156571,AVENUE RD AT CHAPLIN CRES,18571,SO
5416,43.71598347,-79.412330426,AVENUE RD AT GLENCAIRN AVE,40951,SO
5417,43.7254199973311,-79.4168930045074,AVENUE RD AT WOBURN AVE (PX 504),19064,NO
5418,43.7298860033975,-79.418664995021,AVENUE RD AT MELROSE AVE (PX 1529),40732,NO
5419,43.704598461,-79.408516109,AVENUE RD AT EGLINTON AVE W,48611,SO
5420,43.7332440002536,-79.419499996661,AVENUE RD AT BROOKE AVE (PX 121),21467,NO
5421,43.6529700007257,-79.3826409992979,ALBERT ST AT BAY ST (PX 65),16629,SO
5422,43.656435737,-79.384060503,BAY ST AT EDWARD ST,22165,SO
5423,43.6681960039993,-79.3888689945891,BAY ST AT CHARLES ST (PX 984),45176,SO
5425,43.7520649990572,-79.2624589996997,BROCKLEY DR AT LAWRENCE AVE (PX 1443),18733,EA
5426,43.7542830021248,-79.2515610056385,BARRYMORE RD AT LAWRENCE AVE (PX 415),15756,EA
5427,43.7566609976918,-79.2401879995519,BURNVIEW CRES AT LAWRENCE AVE (PX 398),16583,EA
5428,43.7156150035191,-79.4465200053405,LAWRENCE AVE AT MARLEE AVE (PX 425),43398,NO
5429,43.7577210000907,-79.2352670055645,BELLAMY RD N AT LAWRENCE AVE (PX 416),25880,EA
5430,43.7610060005931,-79.2197679988106,FORTUNE GT AT LAWRENCE AVE (PX 1468),15797,EA
5431,43.7603120043448,-79.2229820032572,GREENCREST CRCT AT GREENHOLM CRCT & LAWRENCE AVE (PX 1005),18618,EA
5434,43.7365070021795,-79.346545993992,LAWRENCE AVE AT THE DONWAY WEST (PX 401),40071,NO
5435,43.777357998687,-79.1465630016409,CENTENNIAL RD AT LAWRENCE AVE (PX 1452),7301,EA
5436,43.7376950042721,-79.3409769972693,LAWRENCE AVE E AT THE DONWAY EAST (PX 403),45677,NO
5437,43.738508605,-79.337082593,LAWRENCE AVE AT WOODCLIFF PL,21952,NO
5438,43.7010910001658,-79.5121240025563,LAWRENCE AVE AT RALPH ST  (PX 1779),12287,WE
5439,43.7063739982784,-79.4876669980579,CULFORD RD AT LAWRENCE AVE (PX 429),20001,NO
5440,43.716693999091,-79.4413389983071,LAWRENCE AVE AT SHERMOUNT AVE (PX 1004),35571,NO
5441,43.7231880029725,-79.4113449984162,CHATSWORTH DR AT LAWRENCE AVE (PX 501),41219,SO
5442,43.7879720042868,-79.2083430021465,MILITARY TR AT NEILSON RD (PX 1423),10268,EA
5443,43.806536000024,-79.2186539999057,NEILSON RD AT SEWELLS RD & TAPSCOTT RD (PX 1382),44379,EA
5445,43.685881356,-79.393185671,BALMORAL AVE AT YONGE ST,39996,SO
5448,43.6957959988533,-79.5521559993003,DIXON RD AT CHETTA PL & WINCOTT DR (PX 985),29762,WE
5450,43.6985679975314,-79.539886005517,DIXON RD AT GOLFWOOD HTS (PX 1354),11987,WE
5451,43.6618750013235,-79.3793739983682,CARLTON ST AT CHURCH ST (PX 23),74062,SO
5452,43.6657219989483,-79.3809590002959,CHURCH ST AT WELLESLEY ST (PX 24),29042,SO
5453,43.690372039,-79.383328235,MOUNT PLEASANT RD AT ST CLAIR AVE E,39865,SO
5454,43.6981739980866,-79.3864780038994,MERTON ST AT MOUNT PLEASANT RD (PX 136),57725,SO
5455,43.7149809956573,-79.3926680009164,MOUNT PLEASANT RD AT SHERWOOD AVE (PX 1626),14071,SO
5456,43.656161997879,-79.3701219939342,SHERBOURNE ST AT SHUTER ST (PX 319),9720,SO
5457,43.6631900033139,-79.3730609990376,CARLTON ST AT SHERBOURNE ST (PX 260),29399,SO
5458,43.6670939985363,-79.3746829987505,SHERBOURNE ST AT WELLESLEY ST (PX 261),12402,SO
5460,43.7689410022893,-79.2664990042122,BIRKDALE RD AT ELLESMERE RD (PX 1758),34254,EA
5461,43.7792449958248,-79.2533949975621,CORPORATE DR AT RAMP HIGHWAY 401 E/B (PX 1502),14238,EA
5462,43.6083500024861,-79.5586650020876,EVANS AVE AT THE WEST MALL (PX 735),47180,WE
5463,43.6271609983216,-79.5588989969483,THE WEST MALL AT WEST MALL CRES (PX 1340),11605,WE
5464,43.7167969997027,-79.5270790059964,WENDELL AVE AT WILSON AVE (PX 1130),30505,NO
5465,43.726280902,-79.483701897,PLEASANT HOME BLVD AT WILSON AVE,29543,NO
5467,43.7645150003871,-79.3874899976149,BAYVIEW AVE AT HIGHWAY 401 N TCS (PX 647),70440,NO
5468,43.7618420016786,-79.3868439994829,BAYVIEW AVE AT HIGHWAY 401 S TCS (PX 646),68561,NO
5469,43.7009410003025,-79.3733750021197,BAYVIEW AVE AT MCRAE DR & MERTON ST (PX 170),34561,SO
5471,43.7237079969724,-79.3794909985781,# 2130 BAYVIEW AT VAUGHAN EST & 70M S OF VALLEYANNA DR (PX 1650),49745,NO
5472,43.7340759991418,-79.3814190026702,# 2395 BAYVIEW AVE AT GRANITE CLUB & BOB RUMBLE CENTRE (PX 189),27030,NO
5473,43.6879160021102,-79.3635839990151,BAYVIEW AVE AT POTTERY RD (PX 1379),38974,SO
5474,43.7548189990607,-79.3855289951032,BAYVIEW AVE AT FIFE RD & FIFESHIRE S RD (PX 645),42670,NO
5475,43.7743330040093,-79.3897830019111,BAYVIEW AVE AT CITATION DR & EMPRESS AVE (PX 649),61744,NO
5476,43.799153002946,-79.395177995297,BAYVIEW AVE AT GARNIER CRT & NEWTON DR (PX 872),36212,NO
5477,43.6106140035007,-79.5491420007473,BROWNS LINE AT EVANS AVE & HIGHWAY 427 W TCS (PX 866),24892,WE
5478,43.7619120017684,-79.1836099937901,CORONATION DR AT MORNINGSIDE AVE (PX 1184),6734,EA
5480,43.6118289974132,-79.5438060059213,EVANS AVE AT THE EAST MALL (PX 892),12725,WE
5481,43.6204750002984,-79.549415000337,NORTH QUEEN ST AT THE EAST MALL (PX 1056),33520,WE
5482,43.6314350009769,-79.552338000448,EAST MALL CRES AT THE EAST MALL (PX 904),43772,WE
5483,43.6839309983075,-79.3569489946872,BROADVIEW AVE AT MORTIMER AVE & POTTERY RD (PX 440),27214,SO
5484,43.6885469983906,-79.3552659977565,BROADVIEW AVE AT COSBURN AVE (PX 441),9568,SO
5485,43.7221769968271,-79.5850110047813,MARTIN GROVE RD AT PORTERFIELD RD (PX 1886),9321,WE
5486,43.6578780006218,-79.3413970026849,EASTERN AVE AT LOGAN AVE (PX 818),10201,SO
5487,43.7052709980611,-79.3614820052609,ESANDAR DR AT LAIRD DR (PX 2324),11851,SO
5488,43.6681730023705,-79.3404000029766,GERRARD ST AT PAPE AVE (PX 371),18735,SO
5489,43.6626710024215,-79.3328139949688,JONES AVE AT QUEEN ST (PX 546),15073,SO
5490,43.669249998649,-79.3356080037498,GERRARD ST AT JONES AVE (PX 370),10638,SO
5491,43.7762139969734,-79.3411689963173,SHEPPARD AVE E AT FAIRVIEW MALL DR (PX 746),93450,NO
5492,43.7758320037535,-79.3377519995262,SHEPPARD AVE E AT HWY 404 N & YORKLAND RD (PX 747),100752,NO
5493,43.7853479969598,-79.2785700015019,MIDLAND AVE AT SHEPPARD AVE (PX 862),106319,EA
5495,43.7621010013147,-79.4082639945691,DORIS AVE AT SHEPPARD AVE (PX 1200),40804,NO
5496,43.7691989981557,-79.3766480023001,BESSARION RD AT BURBANK DR & SHEPPARD AVE (PX 743),82589,NO
5497,43.7725720034996,-79.3586649945074,BUCHAN CT AT SHEPPARD AVE (PX 1517),16863,NO
5498,43.7678030042422,-79.3831389986233,HAWKSBURY DR AT REAN DR & SHEPPARD AVE (PX 742),64783,NO
5499,43.7545010043171,-79.4434650019534,BRYANT ST AT SHEPPARD AVE & YEOMANS RD (PX 2243),31813,NO
5500,43.7610269971434,-79.4131599982588,BEECROFT RD AT SHEPPARD AVE (PX 1169),68468,NO
5501,43.5981979995018,-79.5169499986352,KIPLING AVE AT LAKE SHORE BLVD (PX 237),59249,WE
5502,43.6158729990512,-79.5246280022224,EVANS AVE AT KIPLING AVE (PX 765),119593,WE
5503,43.6252069969846,-79.5285519977352,KIPLING AVE AT NORTH QUEEN ST (PX 724),61479,WE
5504,43.6942490044885,-79.5586490059244,DIXON RD AT KIPLING AVE (PX 435),68650,WE
5505,43.7217010007229,-79.5715110047683,KIPLING AVE AT SNARESBROOK DR (PX 2139),20662,WE
5506,43.7432630020136,-79.5821159958991,FINCH AVE AT KIPLING AVE (PX 1570),71356,WE
5507,43.7596069986726,-79.5899109991513,KIPLING AVE AT STEELES AVE (PX 1256),57332,WE
5508,43.6615449997833,-79.3294760029645,EASTERN AVE AT LESLIE ST (PX 302),36080,SO
5509,43.756435847,-79.360768691,KIRKWOOD RD AT LESLIE ST,23942,NO
5510,43.749499664,-79.35923429,BALLYRONAN RD AT LESLIE ST & LONGWOOD DR,16617,NO
5511,43.8013029958838,-79.3707209993593,CUMMER AVE AT LESLIE ST & MCNICOLL AVE (PX 952),35342,NO
5512,43.7924869971032,-79.1635649993759,ELLESMERE RD AT MEADOWVALE RD (PX 1687),16985,EA
5513,43.7787080033522,-79.3415979956866,FAIRVIEW MALL DR AT HIGHWAY 404 & DVP S/B RAMP (PX 1515),32423,NO
5514,43.7797280038166,-79.3426459984437,FAIRVIEW MALL DR AT FAIRVIEW MALL DR EXT & SUNLIFE BLDG (PX 1514),4586,NO
5515,43.7964390039404,-79.3551970017464,AU LARGE BLVD AT DON MILLS RD (PX 1782),15572,NO
5516,43.7099960039181,-79.3343940057242,DON MILLS RD AT GATEWAY BLVD S & OVERLEA BLVD (PX 620),107521,NO
5517,43.7586209991213,-79.3471539980962,DON MILLS RD AT MOATFIELD DR (PX 1353),21157,NO
5519,43.732222002302,-79.3421100027739,DON MILLS RD AT THE DONWAY SOUTH (PX 625),42582,NO
5520,43.7408430006891,-79.3444570006991,DON MILLS RD AT THE DONWAY NORTH (PX 624),44785,NO
5521,43.6625159957953,-79.3252700034876,EASTERN AVE AT KNOX AVE (PX 1265),17068,SO
5522,43.6643970005814,-79.3253079954654,GREENWOOD AVE AT QUEEN ST (PX 1393),7545,SO
5523,43.6920279983993,-79.3377630042364,COSBURN AVE AT GREENWOOD AVE (PX 667),7769,SO
5524,43.6887809967097,-79.3258579982486,COXWELL AVE AT SAMMON AVE (PX 657),16610,SO
5525,43.7231119999756,-79.5589219980545,ELMHURST DR AT ISLINGTON AVE (PX 716),15417,WE
5526,43.6032670006157,-79.5063080021039,BIRMINGHAM ST AT ISLINGTON AVE (PX 1312),14512,WE
5527,43.6183930020764,-79.5113279944798,EVANS AVE AT ISLINGTON AVE (PX 775),68020,WE
5528,43.6289439986629,-79.5169859979999,ISLINGTON AVE AT JUTLAND RD (PX 908),17286,WE
5529,43.6308760028703,-79.5177620053191,ISLINGTON AVE AT TITAN RD (PX 1885),49380,WE
5530,43.6624110022495,-79.5311890040594,ISLINGTON AVE AT RATHBURN RD (PX 707),31505,WE
5531,43.6798350002772,-79.5390140059305,EGLINTON AVE AT ISLINGTON AVE (PX 709),58877,WE
5532,43.7114099957521,-79.5533570037469,ALLENBY AVE AT HIGHWAY 401 N TCS & ISLINGTON AVE (PX 713),49537,WE
5533,43.7169469991893,-79.5559830017392,BERGAMOT AVE AT ISLINGTON AVE (PX 715),33480,WE
5534,43.7931610039488,-79.3522890013317,FINCH AVE AT SKYMARK DR (PX 1454),17474,NO
5535,43.7943310002037,-79.3259690042952,FINCH AVE AT PHARMACY AVE (PX 1092),71098,EA
5537,43.800517003037,-79.299647997958,ADIRONDACK GT AT FINCH AVE & WAYSIDE AVE (PX 1598),30379,EA
5538,43.8018130001298,-79.2942960031975,FINCH AVE AT MILLIKEN BLVD (PX 1566),36511,EA
5540,43.8142170010598,-79.2371370013516,FINCH AVE AT TAPSCOTT RD (PX 1258),33787,EA
5541,43.8162650011277,-79.2276000011759,FINCH AVE AT NEILSON RD (PX 1587),36197,EA
5542,43.8253149981777,-79.1966089971493,OLD FINCH AVE AT ROUGE RIVER BRIDGE (PX 2519),780,EA
5543,43.7919620019442,-79.3580740029748,FINCH AVE E AT BRAHMS AVE & LINUS RD (PX 1059),18108,NO
5544,43.7958509969542,-79.3193119986712,BRIDLETOWNE CIR W TCS  AT FINCH AVE (PX 1186),18611,EA
5545,43.7951470000125,-79.3412610045643,FINCH AVE AT GORDON BAKER RD & HIGHWAY 404 E TCS (PX 1181),54907,NO
5546,43.7796340032586,-79.3457350056228,FAIRVIEW MALL DR AT GODSTONE RD (PX 1228),8696,NO
5547,43.7341690007891,-79.6030869960416,FINCH AVE AT HIGHWAY 27 (PX 1163),24300,WE
5548,43.7477650042781,-79.5623589980437,ARDWICK W BLVD AT FINCH AVE & PEARLDALE AVE (PX 1223),19623,NO
5550,43.7567319959636,-79.5207019980623,ELANA DR AT FINCH AVE & YORK GATE BLVD (PX 1590),51256,NO
5551,43.7592830030502,-79.5079299985196,FINCH AVE AT TOBERMORY DR (PX 1002),15443,NO
5552,43.76469306,-79.485519442,ALEXDON RD AT FINCH AVE,15260,NO
5553,43.76408699672,-79.4882779987806,FINCH AVE AT TANGIERS RD (PX 1616),54026,NO
5554,43.7664909999261,-79.477532999428,CHESSWOOD DR AT FINCH AVE (PX 1253),15214,NO
5555,43.776188846,-79.431722396,FINCH AVE W AT GRANTBROOK ST,16706,NO
5557,43.621012000734,-79.5003960008387,EVANS AVE AT ROYAL YORK RD (PX 1334),21527,WE
5558,43.684153995698,-79.5274130057507,LA ROSE AVE AT ROYAL YORK RD (PX 1439),36421,WE
5559,43.627105658,-79.487754381,PARK LAWN RD AT PARK LAWN GARDINER W RAMP,41715,WE
5560,43.6948330040119,-79.3047689947717,LUMSDEN AVE AT MAIN ST (PX 656),8159,SO
5561,43.698246554,-79.297071758,DAWES RD AT PARK VISTA,5668,SO
5562,43.688989584,-79.514284457,CHAPMAN RD AT SCARLETT RD,16670,WE
5563,43.8124829978412,-79.3551179940694,HIGHWAY 404 AT STEELES AVE (PX 1261),64206,NO
5564,43.8272519962679,-79.2917460028481,ASHCOTT ST AT FENTON RD & STEELES AVE (PX 1578),17801,EA
5565,43.8298419995237,-79.2804009970207,HILLCROFT DR AT STEELES AVE & STRAWBERRY HILLS DR (PX 1547),16245,EA
5566,43.8168579992985,-79.3364650024925,ESNA PARK DR AT PHARMACY AVE & STEELES AVE (PX 1190),95607,EA
5567,43.8178780040029,-79.3320829989145,FIREBRACE RD AT IBM ACCESS RD & STEELES AVE (PX 1618,27266,EA
5568,43.8213920039946,-79.3169249962472,BIRCHMOUNT RD AT STEELES AVE (PX 1363),86090,EA
5569,43.80609056,-79.383395224,BESTVIEW DR AT STEELES AVE,19372,NO
5571,43.810719003,-79.362781888,EDGAR WOODS RD AT STEELES AVE E,20694,NO
5572,43.8119170024036,-79.3575550034934,STEELES AVE AT TOWNSEND RD (PX 1185),48688,EA
5573,43.813968996653,-79.3485549997284,STEELES AVE AT WOODBINE AVE (PX 1262),164390,NO
5576,43.7861830010419,-79.4747569942409,FUTURITY GT AT GERRY FITZGERALD DR & STEELES AVE (PX 1764),46042,NO
5577,43.7898470010958,-79.4576350009166,BLACK HAWKWAY AT NEW WESTMINSTER DR & STEELES AV (PX 1414),47671,NO
5578,43.7886470020893,-79.4631879998597,CONLEY ST AT HIDDEN TR & STEELES AVE (PX 1230),23046,EA
5579,43.7825740020507,-79.490127004273,PETROLIA RD AT STEELES AVE & TANDEM RD (PX 1383),74081,NO
5580,43.7908109983345,-79.45303400062,STEELES AVE AT THURMAN RD & TORRESDALE AVE (PX 1229),21317,NO
5581,43.799252004023,-79.4144689974431,STEELES AVE AT WILLOWDALE AVE (PX 986),41539,NO
5582,43.7685660032006,-79.5549880009693,BARMAC DR AT SCHOLES RD & STEELES AVE (PX 1542),18024,EA
5583,43.6508930018463,-79.3469619945682,DON RDWY AT LAKE SHORE BLVD (PX 208),37854,SO
5585,43.6379699968623,-79.458965999768,COLBORNE LODGE DR AT LAKE SHORE BLVD (PX 1456),35611,SO
5586,43.681458575,-79.281345509,BLANTYRE AVE AT KINGSTON RD,22670,EA
5588,43.6822569984156,-79.2792409970884,FALLINGBROOK RD AT KINGSTON RD (PX 157),12531,EA
5589,43.6699739993523,-79.3111819956902,DIXON AVE AT DUNDAS ST & KINGSTON RD (PX 163),59575,SO
5590,43.7437219995003,-79.2116629943251,EGLINTON AVE E AT KINGSTON RD (PX 147),50381,EA
5591,43.7496559982511,-79.2059570033938,CROMWELL RD AT GUILDWOOD PKWY & KINGSTON RD (PX 146),92000,EA
5593,43.7935790026154,-79.1545960003856,ELLESMERE RD AT KINGSTON RD (PX 1670),15658,EA
5594,43.6756999998255,-79.305903006114,ELMER AVE AT KINGSTON RD (PX 1971),23870,SO
5596,43.677228003839,-79.4719059993713,MCCORMACK ST AT WESTON RD (PX 721),30454,SO
5599,43.7165310032397,-79.5926150038854,QUEENS PLATE DR E TCS AT REXDALE BLVD (PX 1668),34515,WE
5600,43.7273889988092,-79.2526300050357,DANFORTH RD AT GORDONRIDGE PL & WOLFE AVE (PX 988),22533,EA
5601,43.7370970034789,-79.2461640045306,DANFORTH RD AT EGLINTON AVE (PX 379),75615,EA
5603,43.7285229978796,-79.2986150013605,ASHTONBEE RD AT PHARMACY AVE (PX 1295),21877,EA
5605,43.6971769995776,-79.2748349975566,DANFORTH RD AT WARDEN AVE (PX 418),41418,EA
5606,43.7422409993512,-79.293480003696,SHERWOOD AVE AT WARDEN AVE (PX 1657),26228,EA
5607,43.639977093,-79.422281328,JEFFERSON AVE AT KING ST,7518,SO
5608,43.6164190042903,-79.546287004236,THE EAST MALL AT THE QUEENSWAY (PX 911),26537,WE
5609,43.7013700006954,-79.5206780009644,KING STREET CRES AT KING ST & WESTON RD (PX 1694),8698,WE
5610,43.6913010007532,-79.5008909997596,JANE ST AT WESTON RD (PX 528),59683,WE
5611,43.7047199966554,-79.5042700003664,JANE ST AT 35M N OF MACDONALD AVE & MARSHLYNN AVE (PX 1675),14125,NO
5612,43.7092449972599,-79.5055659982582,CHURCH ST AT JANE ST & MAPLE LEAF DR (PX 530),45640,NO
5613,43.773207001362,-79.5214269948832,HULLMAR DR AT JANE ST (PX 2401),24072,NO
5614,43.6644859997219,-79.4587770041248,ANNETTE ST AT DUNDAS ST & DUPONT ST & OLD WESTON RD (PX 1549),59570,SO
5616,43.6498249994487,-79.4182880016924,DUNDAS ST AT SHAW ST (PX 1275),29651,SO
5617,43.651794017,-79.408489014,DUNDAS ST W AT PALMERSTON AVE,16933,SO
5620,43.8038809961078,-79.2982080047977,KENNEDY RD AT TROJAN GT (PX 1671),31532,EA
5621,43.7165249998306,-79.2613339983195,KENNEDY RD AT ST CLAIR AVE (PX 475),70416,EA
5622,43.7225499961763,-79.5475419986358,ALBION RD AT SHENDALE DR (PX 2064),33352,WE
5623,43.7857610029718,-79.2894619949056,BONIS AVE AT CARDWELL AVE & KENNEDY RD (PX 1576),43581,EA
5624,43.8184469981437,-79.3047529960951,KENNEDY RD AT PASSMORE AVE & PURCELL BLVD (PX 1396),41188,EA
5625,43.6441000014292,-79.4819869994938,MORNINGSIDE AVE AT SOUTH KINGSWAY (PX 2334),9703,SO
5626,43.7832179988821,-79.4873050057488,CAPSTAN GT AT SHALE GT & STEELES AVE (PX 1672),23264,NO
5627,43.6687960043349,-79.3375830044738,GERRARD ST AT MARJORY AVE (PX 1698),15579,SO
5628,43.670804428,-79.38420956,BLOOR ST AT PARK RD,9752,SO
5630,43.6640879995819,-79.4159910058356,BLOOR ST AT MANNING AVE (PX 1269),19737,SO
5631,43.6292910016054,-79.5798270038994,BLOOR ST AT MARKLAND W TCS DR (PX 1114),24296,WE
5632,43.6335560026381,-79.5707839949715,BLOOR ST AT MARKLAND E TCS DR (PX 1016),25583,WE
5633,43.6356250029797,-79.5623179959557,BLOOR ST AT THE WEST MALL (PX 793),60248,WE
5634,43.6441880021751,-79.5256340023489,BLOOR ST AT GREEN LANES (PX 1676),13207,WE
5635,43.6930559982485,-79.2800519972139,BYNG AVE AT DANFORTH AVE (PX 1664),11245,EA
5636,43.6775559993124,-79.3519649984709,CHESTER AVE AT DANFORTH AVE (PX 342),22811,SO
5637,43.6798739956652,-79.3401769977702,DANFORTH AVE AT JONES AVE (PX 346),12634,SO
5638,43.6804210006826,-79.3373150046609,DANFORTH AVE AT DONLANDS AVE (PX 347),40905,SO
5640,43.682588313,-79.327170717,DANFORTH AVE AT MONARCH PARK AVE,10925,SO
5641,43.6833650032497,-79.3236390056427,COXWELL AVE AT DANFORTH AVE (PX 349),54811,SO
5642,43.6839439971525,-79.3208909981756,DANFORTH AVE AT WOODINGTON AVE (PX 1475),10034,SO
5643,43.6846259999073,-79.317668995329,DANFORTH AVE AT GLEBEMOUNT AVE (PX 350),10178,SO
5644,43.6881450007715,-79.3018310047411,DANFORTH AVE AT MAIN ST (PX 353),67562,SO
5645,43.6893049981428,-79.2967709999932,DANFORTH AVE AT DAWES RD (PX 354),13087,SO
5646,43.7045580042896,-79.4771169964239,KEELE ST AT MILFORD AVE (PX 1673),25653,NO
5647,43.7496929987572,-79.2644619961567,MIDLAND AVE AT PRUDENTIAL DR (PX 1701),21468,EA
5649,43.6536000026488,-79.4264039994074,COLLEGE ST AT DOVERCOURT RD (PX 830),34327,SO
5650,43.6589649973802,-79.4285610024898,DOVERCOURT RD AT HEPBOURNE ST (PX 1929),6391,SO
5651,43.677779775,-79.45579594,CALEDONIA RD AT NORMAN AVE,8983,SO
5652,43.7019239969361,-79.4643560003764,CALEDONIA RD AT RAITHERM RD & HOME DEPOT (PX 1868),29010,NO
5653,43.6611169986502,-79.4752189972383,ANNETTE ST AT EVELYN AVE (PX 1831),7222,SO
5654,43.663770718,-79.461153676,ANNETTE ST AT INDIAN ROAD CRES,6286,SO
5655,43.7351730038106,-79.2473840010046,BRIMLEY RD AT DANFORTH RD (PX 378),28892,EA
5656,43.7403369997824,-79.249875004849,BRIMLEY RD AT CHILLERY AVE (PX 1704),20392,EA
5658,43.8282939976019,-79.2872019971675,BRIMLEY RD AT STEELES AVE E (PX 1491),69162,EA
5659,43.7093810010896,-79.2928819945171,ST CLAIR AVE AT WESTBOURNE AVE (PX 1718),13479,EA
5660,43.7141580012179,-79.2711169991538,BIRCHMOUNT RD AT ST CLAIR AVE E (PX 474),78735,EA
5661,43.6821430021033,-79.4234519978196,ST CLAIR AVE AT WYCHWOOD AVE (PX 1653),14922,SO
5662,43.6763039979644,-79.4506009959378,LANSDOWNE AVE AT ST CLAIR AVE (PX 489),16211,SO
5663,43.6770069999182,-79.4474300014676,EARLSCOURT AVE AT ST CLAIR AVE (PX 194),14003,SO
5664,43.6836329993903,-79.4159209946872,ST CLAIR AVE AT WELLS HILL AVE (PX 1336),9997,SO
5665,43.6853479973503,-79.4079040045442,RUSSELL HILL RD AT ST CLAIR AVE (PX 478),21650,SO
5666,43.6598829986992,-79.4353649944978,BLOOR ST W AT DUFFERIN ST (PX 325),79709,SO
5667,43.7252799989157,-79.4572600003648,DUFFERIN ST AT PONTIAC BUICK PLAZA / YORKDALE MALL (PX 1137),45718,NO
5670,43.7069820040039,-79.4531799947809,DUFFERIN ST AT GLENCAIRN AVE (PX 613),56495,NO
5671,43.726994998698,-79.4576529968688,DUFFERIN ST AT BRIDGELAND AVE & YORKDALE RD (PX 616),114551,NO
5672,43.6525689963445,-79.4325620052437,COLLEGE ST AT DUFFERIN ST (PX 605),57887,SO
5673,43.7920609994419,-79.2598129997469,MCCOWAN RD AT NUGGET AVE (PX 1244),23604,EA
5674,43.7961239994132,-79.2615140000867,COMMANDER BLVD AT MCCOWAN RD (PX 1507),17813,EA
5675,43.8080259993086,-79.2665060046934,FINCH AVE AT MCCOWAN RD (PX 1176),66533,EA
5677,43.746308396,-79.45391903,JOEL SWIRSKY BLVD AT WILSON HEIGHTS BLVD,14612,NO
5679,43.770919999532,-79.5434480009653,SIGNET DR AT STEELES AVE W (PX 1232),17721,NO
5681,43.7235670027146,-79.3284949990762,DON VALLEY PKWY E TCS AT EGLINTON AVE (PX 1106),31943,NO
5682,43.7293639987892,-79.2807250057608,EGLINTON AVE AT SINNOTT RD (PX 457),18841,EA
5683,43.7249670012154,-79.3005380019902,EGLINTON AVE AT EGLINTON SQ (PX 450),27249,EA
5685,43.694977997824,-79.4534969973545,EGLINTON AVE AT ENNERDALE RD (PX 106),9043,WE
5686,43.7063509974808,-79.4002819954725,DUPLEX AVE AT EGLINTON AVE (PX 94),29669,SO
5689,43.6919350003913,-79.4218730031384,BATHURST ST AT BURTON RD & STRATHEARN RD (PX 308),37248,SO
5690,43.7415019996815,-79.4350280036814,BATHURST ST AT INVERMAY AVE (PX 670),31179,NO
5691,43.7442550012398,-79.4357570059584,BATHURST ST AT LAURELCREST AVE & RAEBURN AVE (PX 1129),32595,NO
5692,43.798554997946,-79.2410409984096,MARKHAM RD AT MCLEVIN AVE & NUGGET AVE (PX 1239),49356,EA
5693,43.745070002748,-79.2196999995003,COUGAR CRT AT LUELLA ST & MARKHAM RD (PX 990),23362,EA
5694,43.7234849982134,-79.3364899990338,GERVAIS DR AT WYNFORD DR (PX 1343),19968,NO
5695,43.6937269968296,-79.4018949968651,GORMLEY AVE AT ORIOLE PKWY (PX 114),32341,SO
5696,43.702334869,-79.405054377,COLLEGE VIEW AVE AT ORIOLE PKWY,14675,SO
5697,43.6405620021071,-79.393004001533,BREMNER BLVD AT SPADINA AVE AND FORT YORK BLVD (PX 1579),86865,SO
5698,43.6721359973499,-79.3956240042724,AVENUE RD AT 30M N OF ELGIN AVE & HAZELTON LANES (PX 107),28511,SO
5699,43.7169380032865,-79.413471999991,AVENUE RD AT GLENGROVE AVE (PX 118),42645,SO
5700,43.6463829956997,-79.3840990047007,UNIVERSITY AVE AT WELLINGTON ST (PX 76),109019,SO
5701,43.6476620032649,-79.3848060051813,KING ST AT UNIVERSITY AVE (PX 77),270808,SO
5702,43.6563470030638,-79.3889669959922,ELM ST AT UNIVERSITY AVE (PX 82),42467,SO
5703,43.6500869989414,-79.3862909946803,RICHMOND ST AT UNIVERSITY AVE (PX 79),160695,SO
5704,43.6508519992253,-79.3866280046579,QUEEN ST W AT UNIVERSITY AVE (PX 80),175749,SO
5705,43.6598580027243,-79.3904939972728,COLLEGE ST AT UNIVERSITY AVE (PX 83),79696,SO
5706,43.6430059966817,-79.3778230005045,BAY ST AT LAKE SHORE BLVD W (PX 212),27215,SO
5707,43.6473340035763,-79.3797290019026,BAY ST AT WELLINGTON ST (PX 60),25721,SO
5708,43.7468219971762,-79.2879609942304,HOWDEN RD AT LAWRENCE AVE & UNDERWRITERS RD (PX 1284),19088,EA
5709,43.7661499974871,-79.1964340027541,GALLOWAY RD AT LAWRENCE AVE (PX 502),17281,EA
5710,43.7075369986142,-79.4824360061738,LAWRENCE AVE AT PIMLICO RD (PX 1656),16804,NO
5711,43.7127539977002,-79.4608739950044,DUFFLAW RD AT LAWRENCE AVE (PX 1123),15449,NO
5712,43.7132790021727,-79.4585909989677,APEX RD AT GOOD SHEPHERD CRT & LAWRENCE AVE(PX 1707),12978,NO
5713,43.7149700013091,-79.4494700047321,BOLINGBROKE RD AT LAWRENCE AVE (PX 1437),26385,NO
5714,43.718043455,-79.435101026,BROOKVIEW DR AT LAWRENCE AVE W,41145,NO
5715,43.771992445,-79.413575179,ELLERSLIE AVE AT NORTON AVE & YONGE ST,14370,NO
5716,43.7826590016181,-79.4162470040332,# 5697 YONGE ST AT 100M N OF BISHOP AVE & GO TERMINAL (PX 2060),63871,NO
5717,43.7870679999092,-79.4173499943364,CUMMER AVE AT DREWRY AVE & YONGE ST (PX 129),74162,NO
5718,43.6902119993379,-79.5770660024532,CITY VIEW DR AT DIXON RD & KELFIELD ST (PX 195),39379,WE
5719,43.6998209970903,-79.5342719960191,DIXON RD AT ROYAL YORK RD & ST PHILLIPS RD (PX 433),60818,WE
5720,43.6716099990184,-79.3805659977732,BLOOR ST AT TED ROGERS WAY (PX 14),78280,SO
5721,43.688320000618,-79.3835839967949,INGLEWOOD DR AT MOUNT PLEASANT RD (PX 133),36036,SO
5722,43.7084069971387,-79.3901970020829,EGLINTON AVE AT MOUNT PLEASANT RD (PX 92),113795,SO
5723,43.7309319995189,-79.4655110004672,ANCASTER RD AT WILSON AVE (PX 1667),23673,NO
5725,43.754697996791,-79.3520350052422,LESMILL RD AT YORK MILLS RD (PX 916),44093,NO
5726,43.7364070028643,-79.3819070015658,BAYVIEW AVE AT POST RD (PX 643),27637,NO
5728,43.769379996664,-79.3886620009899,BAYVIEW AVE AT BAYVIEW MEWS LANE (PX 1147),68145,NO
5729,43.596515607,-79.542907519,BROWNS LINE AT JELLICOE AVE,10405,WE
5730,43.8089340027691,-79.2027239959816,CASEBRIDGE CT AT MCLEVIN AVE & MORNINGSIDE AVE (PX 1536),26921,EA
5732,43.6566579960314,-79.3488940009465,BROADVIEW AVE AT EASTERN AVE DIVERSION (PX 817),24935,SO
5736,43.7961480019253,-79.2275419972452,LAPSLEY RD AT SHEPPARD AVE E & WASHBURN WAY (PX 1141),23232,EA
5737,43.8004799962164,-79.2068990037464,BRECKON GT AT BRENYON WAY & SHEPPARD AVE (PX 1473),9316,EA
5738,43.782117003855,-79.2934619941689,ALLANFORD RD AT SHEPPARD AVE (PX 863),43505,EA
5739,43.7758340038168,-79.343722004928,PARKWAY FOREST DR AT PLAZA ENTRANCE & SHEPPARD AVE (PX 1453),106811,NO
5740,43.8073359989388,-79.1755479939783,IDAGROVE GT AT SHEPPARD AVE (PX 1686),15025,EA
5741,43.7369649996525,-79.5237989973563,OAKDALE RD AT SHEPPARD AVE (PX 1247),36217,NO
5742,43.7396719976154,-79.5096809976897,MAGELLAN DR AT SHEPPARD AVE (PX 2262),12132,NO
5743,43.7535219976157,-79.4480740027819,GODDARD ST AT SHEPPARD AVE (PX 1665),30163,NO
5744,43.687631004496,-79.3402589985551,DONLANDS AVE AT MORTIMER AVE (PX 663),11890,SO
5745,43.650976995782,-79.5393950021044,BURNHAMTHORPE RD AT KIPLING AVE (PX 726),104742,WE
5746,43.7468140036375,-79.5838070016487,KIPLING AVE AT MOUNT OLIVE DR & PANORAMA CT (PX 1254),10787,WE
5747,43.7748430002826,-79.3645929998398,LESLIE ST AT MAROWYNE DR (PX 1120),15180,NO
5748,43.718005006,-79.337999898,DON MILLS RD AT ROCHEFORT DR,37858,NO
5749,43.7695709999844,-79.3465309947353,DON MILLS RD AT HAVENBROOK BLVD & PARKWAY (PX 0897),66175,NO
5750,43.7902729964666,-79.3541589958572,DON MILLS RD AT SENECA HILL DR (PX 1067),37662,NO
5751,43.7771279992626,-79.3478969984249,DON MILLS RD AT LEITH HILL RD (PX 1046),19690,NO
5752,43.7790850026671,-79.3487369951723,DON MILLS RD AT ESTERBROOKE AVE & FAIRVIEW MAL (PX 629),42166,NO
5754,43.7854150042859,-79.3507329952427,DEERFORD RD AT DON MILLS RD (PX 1040),7801,NO
5755,43.804909917,-79.3547095,CLIFFWOOD RD S AT DON MILLS RD,13737,NO
5756,43.6709230040115,-79.3280220005048,GERRARD ST AT GREENWOOD AVE (PX 369),11701,SO
5757,43.7685229987465,-79.4163200044516,BEECROFT RD AT PARK HOME AVE (PX 1705),13241,NO
5758,43.6654930038606,-79.3162150008697,COXWELL AVE AT EASTERN AVE (PX 301),34495,SO
5759,43.6959409992435,-79.3287809955941,COXWELL AVE AT PLAINS RD (PX 1744),18643,SO
5760,43.7081010019098,-79.5517559979131,ISLINGTON AVE AT HIGHWAY 401 S TCS / RESOURCES RD (PX 712),43740,WE
5761,43.7547089982327,-79.5688679968997,DUNCANWOODS DR AT ISLINGTON AVE & ROWNTREE MILL (PX 1204),12150,NO
5762,43.6914470018121,-79.3206599942649,GLEBEMOUNT AVE AT MORTIMER AVE (PX 2409),10240,SO
5763,43.756348339,-79.522508246,FINCH AVE AT PELICAN GT,26737,NO
5765,43.7959259974431,-79.1434969961801,ISLAND RD AT PORT UNION RD (PX 1219),14410,EA
5766,43.6687569979766,-79.3057750019542,QUEEN ST E AT WOODBINE AVE (PX 548),107481,SO
5767,43.6807930035579,-79.3107539953386,GERRARD ST E AT WOODBINE AVE (PX 365),107183,SO
5768,43.6964439987979,-79.3174320019821,COSBURN AVE AT WOODBINE AVE (PX 665),37439,SO
5769,43.7856390008851,-79.4241189985036,DREWRY AVE AT HILDA AVE (PX 1693),17748,NO
5770,43.6965239970285,-79.2973129941747,CRESCENT TOWN RD AT DAWES RD (PX 1360),6921,SO
5771,43.702255999216,-79.2969300034866,DAWES RD AT GOWER ST (PX 655),12474,SO
5773,43.82056909,-79.32045287,MOUNTCASTLE GT AT STEELES AVE,19632,EA
5776,43.6930460040882,-79.2623330042089,BIRCHMOUNT RD AT KINGSTON RD (PX 154),23490,EA
5777,43.7748579984518,-79.1779709991067,KINGSTON RD AT MANSE RD (PX 1188),18054,EA
5778,43.6802499990179,-79.2906939961598,BEECH AVE AT KINGSTON RD (PX 159),33546,SO
5779,43.7077849962789,-79.5336270045165,OAK ST AT WESTON RD (PX 942),16337,NO
5780,43.7203759963499,-79.5375009943984,GAYDON AVE AT LILAC AVE & WESTON RD (PX 795),18152,NO
5781,43.7389890035189,-79.539454001001,BRADSTOCK RD AT WESTON RD (PX 637),11860,NO
5782,43.7227579958025,-79.5980450048466,HIGHWAY 27 AT QUEENS PLATE DR (PX 1246),61273,WE
5783,43.7429520012515,-79.6000940057273,ALBION RD AT SILVERSTONE DR (PX 1156),12205,WE
5784,43.7267380039113,-79.5520879963702,ALBION RD AT ARCOT BLVD & IRWIN RD (PX 1071),26556,WE
5785,43.7477589990293,-79.6324599958242,ALBION RD AT CLAIREPORT CR & CODLIN CR (PX 2072),21026,WE
5786,43.7138439993257,-79.5811169977674,MARTIN GROVE RD AT REXDALE BLVD (PX 790),43177,WE
5787,43.7001800009333,-79.272726005293,DANFORTH RD AT MACK AVE & MYSTIC AVE (PX 376),8278,EA
5788,43.7478159998657,-79.2445490005142,DANFORTH RD AT SEMINOLE AVE (PX 969),24329,EA
5789,43.759960159,-79.316176552,PAGET RD AT VICTORIA PARK AVE,39556,NO
5790,43.7067479963544,-79.2950849964239,DAWES RD AT VICTORIA PARK AVE (PX 1131),25445,SO
5791,43.8063989982819,-79.3373570026261,TEMPO AVE AT VICTORIA PARK AVE (PX 1530),13374,NO
5794,43.6473199964199,-79.3928589985325,ADELAIDE ST AT PETER ST (PX 270),30133,SO
5795,43.6478559973168,-79.3902929973438,ADELAIDE ST AT JOHN ST (PX 1090),31417,SO
5796,43.8107630028193,-79.3121209946291,BIRCHMOUNT RD AT FUNDY BAY BLVD & IVY BUSH AVE (PX 1550),23037,EA
5797,43.6695410041439,-79.4928430059118,JANE ST AT PRITCHARD AVE (PX 1571),21721,WE
5798,43.6844760039468,-79.4988230005401,EGLINTON AVE AT JANE ST (PX 905),75148,WE
5799,43.7028779996811,-79.5038379941644,JANE ST AT LAWRENCE AVE (PX 430),47744,NO
5800,43.707366973,-79.505057472,JANE ST AT QUEENS DR,18498,NO
5801,43.7293030036679,-79.5107119992287,CHALKFARM N DR AT EXBURY RD & JANE ST (PX 521),28067,NO
5802,43.663923996474,-79.3438560059131,DUNDAS ST AT LOGAN AVE (PX 290),21376,SO
5803,43.6654160025834,-79.3392570051504,DUNDAS ST AT PAPE AVE (PX 288),18425,SO
5804,43.6667330025696,-79.3317240036223,DUNDAS ST AT LESLIE ST (PX 286),14203,SO
5805,43.6678579972099,-79.3223419997375,DUNDAS ST E AT WOODFIELD RD (PX 284),22375,SO
5806,43.6656280036984,-79.4859239988718,DUNDAS ST AT WINDERMERE AVE (PX 1367),24912,SO
5807,43.6310220002373,-79.5469239972772,DUNDAS ST W AT PAULART DR (PX 511),40269,WE
5808,43.6321199986147,-79.5447010014853,DUNDAS ST W AT SHAVER AVE & SHORNCLIFFE RD (PX 778),69942,WE
5810,43.688783734,-79.278066815,CLONMORE DR AT GERRARD ST,19654,EA
5811,43.6670939997698,-79.345194997994,GERRARD ST AT LOGAN AVE (PX 373),17431,SO
5812,43.6622380013643,-79.4722520034951,ANNETTE ST AT CLENDENAN AVE (PX 1428),8804,SO
5813,43.6723580042008,-79.3768540021916,BLOOR ST E AT SHERBOURNE ST (PX 262),71187,SO
5815,43.64566600283,-79.5189770017043,ABERFOYLE CR AT BLOOR ST & GARDENVALE RD (PX 1402),33155,WE
5816,43.6611499976592,-79.4294380049655,BLOOR ST W AT DOVERCOURT RD (PX 324),39125,SO
5817,43.6583380029122,-79.4427340015419,BLOOR ST W AT LANSDOWNE AVE (PX 326),70689,SO
5819,43.6604880041659,-79.4324349957627,BLOOR ST W AT HAVELOCK ST (PX 1270),20575,SO
5820,43.6634720021211,-79.4188700019099,BLOOR ST AT CHRISTIE ST & GRACE ST (PX 322),32771,SO
5821,43.6390290024517,-79.5477720059874,BLOOR ST AT SHAVER AVE (PX 910),39538,WE
5822,43.6406410043174,-79.5406269962589,AUKLAND RD AT BLOOR ST (PX 1516),26730,WE
5823,43.6820616,-79.32978157,DANFORTH AVE AT LINNSMORE CRES,9444,SO
5824,43.686643477,-79.308567488,DANFORTH AVE AT GLEDHILL AVE & PATRICIA DR,12464,SO
5826,43.7122240003875,-79.4788559967182,GRACEFIELD AVE AT KEELE ST (PX 2391),31434,NO
5827,43.7288900010841,-79.2557109965603,MIDLAND AVE AT VERDUN AVE (PX 1279),12775,EA
5828,43.7425399986788,-79.2614659997245,MIDLAND AVE AT STANSBURY CR (PX 1080),19743,EA
5829,43.7970590043533,-79.2834360037048,HUNTINGWOOD DR AT MIDLAND AVE (PX 1110),14584,EA
5830,43.643490999303,-79.4224099987648,DOVERCOURT RD AT QUEEN ST (PX 556),27705,SO
5831,43.6561709996174,-79.4274370007054,DEWSON ST AT DOVERCOURT RD (PX 1642),5739,SO
5832,43.6970119962347,-79.4679740009334,CASTLEFIELD AVE AT KINCORT ST (PX 798),9455,WE
5833,43.6518129967416,-79.436357004564,BROCK AVE AT COLLEGE ST (PX 1153),20553,SO
5834,43.665745997274,-79.4512500006134,DUPONT ST AT SYMINGTON AVE (PX 845),38734,SO
5835,43.683094999214,-79.4580209974054,CALEDONIA RD AT ROGERS RD (PX 800),50021,WE
5836,43.6889999998426,-79.4605500024497,CALEDONIA RD AT KITCHENER AVE (PX 796),17130,WE
5837,43.6984420020734,-79.463522997534,CALEDONIA RD AT CASTLEFIELD AVE (PX 797),53697,WE
5838,43.7752810004707,-79.2631830057711,BRIMLEY RD AT PROGRESS AVE (PX 1072),74756,EA
5839,43.8014249958599,-79.2746989969298,BRIMLEY RD AT CHARTLAND BLVD (PX 1521),27123,EA
5840,43.8110570011188,-79.2797490003249,ALEXMUIR BLVD AT BRIMLEY RD & BRIMWOOD BLVD (PX 1432),29380,EA
5841,43.8213000014623,-79.2843630006087,BRIMLEY RD AT PORT ROYAL S TR & WENLOCK GT (PX 1567),23044,EA
5842,43.6377430030384,-79.4332829989583,DUNN AVE AT KING ST (PX 1505),18186,SO
5843,43.6410249974559,-79.434516003974,DUNN AVE AT QUEEN ST (PX 1330),14179,SO
5844,43.6414739962297,-79.432368998992,BROCK AVE AT QUEEN ST (PX 1425),15576,SO
5845,43.6704399990808,-79.4596199947907,DAVENPORT RD AT OSLER ST (PX 1508),24201,SO
5846,43.7177650023644,-79.2557809945612,LINDEN AVE AT ST CLAIR AVE (PX 1283),18283,EA
5847,43.7069499979893,-79.3058490037095,GLEN EDEN CRES AT SELWYN AVE & ST CLAIR AVE (PX 470),34607,SO
5849,43.6689929996761,-79.4835640030148,RUNNYMEDE RD AT ST CLAIR AVE (PX 494),33941,SO
5850,43.6389599978972,-79.4273740058434,DUFFERIN ST AT KING ST W (PX 539),60810,SO
5851,43.67044400025,-79.4398889995793,BRANDON AVE AT DUFFERIN ST (PX 1272),12088,SO
5852,43.6886280032807,-79.4473849966307,DUFFERIN ST AT HOLMESDALE RD & MARTIN ST (PX 611),24756,WE
5853,43.6921749974111,-79.4488050028443,DUFFERIN ST AT ROWAN AVE (PX 1647),25059,WE
5855,43.7204620027242,-79.4561720029518,DUFFERIN ST AT ORFUS RD (PX 614),57728,NO
5856,43.721617998566,-79.4564109948447,BENTWORTH AVE AT DUFFERIN ST & RANEE AVE (PX 615),45206,NO
5857,43.7654669996,-79.4661389953117,# 4400 DUFFERIN ST AT DUFFERIN ST & 250M N STANSTEAD DR (PX 1625),64397,NO
5858,43.7808429961997,-79.4698189971139,DOLOMITE DR AT DUFFERIN ST (PX 1196),43434,NO
5859,43.7779429966518,-79.4691200045355,DUFFERIN ST AT SUPERTEST RD (PX 1533),43630,NO
5860,43.7827370028793,-79.2554609945902,HIGHWAY 401 N TCS AT MCCOWAN RD (PX 939),117983,EA
5861,43.8051330008647,-79.2653300034739,MCCOWAN RD AT SANDHURST S CIR (PX 1398),15260,EA
5862,43.7754380015412,-79.2525870039147,MCCOWAN RD AT TRITON RD (PX 1485),17432,EA
5863,43.7487009965419,-79.4548970058691,REINER RD AT WILSON HEIGHTS BLVD (PX 1140),34257,NO
5864,43.6543999961917,-79.4227049966372,COLLEGE ST AT OSSINGTON AVE (PX 829),36757,SO
5865,43.6899150023533,-79.4357659992558,VAUGHAN RD AT MOIR AVE AND WINONA DR (PX 802),13285,WE
5866,43.7022530030853,-79.4411090055545,MARLEE AVE AT ROSELAWN AVE (PX 805),25402,WE
5867,43.7089989991657,-79.4438100001232,GLENCAIRN AVE AT MARLEE AVE (PX 804),26222,NO
5869,43.6551569968975,-79.4190320006573,COLLEGE ST AT CRAWFORD ST (PX 1303),16980,SO
5870,43.7159390024696,-79.4449809942934,LAWRENCE AVE AT W R ALLEN RD W TCS (PX 1157),43085,NO
5871,43.6755609989393,-79.4230930009557,CHRISTIE ST AT DAVENPORT RD (PX 385),39486,SO
5872,43.6665720013922,-79.419624005229,BARTON AVE AT CHRISTIE ST (PX 1073),12937,SO
5873,43.6549510005631,-79.4156089958054,COLLEGE ST AT GRACE ST (PX 828),24853,SO
5874,43.6552129991582,-79.4138779938185,CLINTON ST AT COLLEGE ST (PX 1426),23931,SO
5875,43.7100199970797,-79.3822479983983,BANFF RD AT EGLINTON AVE (PX 91),15762,SO
5876,43.6597178975568,-79.5941232141969,EGLINTON AVE AT EXPLORER DR (PX 1483),13876,WE
5878,43.6909769999106,-79.4715150054588,EGLINTON AVE W AT RICHARDSON AVE (PX 466),25952,WE
5881,43.6998509971136,-79.4309059960951,EGLINTON AVE AT GLEN CEDAR RD & OLD PARK RD (PX 101),65560,SO
5882,43.7027190004358,-79.4173789992518,CHAPLIN CRES AT EGLINTON AVE (PX 98),34217,SO
5883,43.7034730044333,-79.413882998765,EGLINTON AVE AT HEDDINGTON AVE (PX 97),13167,SO
5884,43.7056020039536,-79.4037499983821,EGLINTON AVE AT LASCELLES BLVD (PX 1308),13104,SO
5885,43.6486230002841,-79.6063480029239,EGLINTON AVE AT RAKELY CT & SPECTRUM WAY (PX 1654),31598,WE
5886,43.6550278627292,-79.5972931708354,EGLINTON AVE W AT SATELLITE DR (PX 1938),33011,WE
5887,43.6810890004786,-79.532825996724,EDEN VALLEY DR AT EGLINTON AVE & RUSSELL RD (PX 1309),37420,WE
5888,43.6523110026546,-79.4060220056652,BATHURST ST AT DUNDAS ST (PX 196),34158,SO
5889,43.6564809958047,-79.4077219983631,BATHURST ST AT COLLEGE ST (PX 300),48990,SO
5890,43.6598060010684,-79.4090889973314,BATHURST ST AT ULSTER ST (PX 1594),22459,SO
5891,43.6615139958774,-79.4097690010776,BATHURST ST AT HARBORD ST (PX 303),38763,SO
5892,43.6798239968693,-79.4169819991952,BATHURST ST AT NINA ST (PX 306),63867,SO
5893,43.6872079970472,-79.4199629980183,BATHURST ST AT CLAXTON BLVD & LONSDALE RD (PX 307),51696,SO
5894,43.7507630037493,-79.437336001154,BAINBRIDGE AVE AT BATHURST ST / RAOUL WALLENBERG RD (PX 1194),35128,NO
5895,43.7033369988575,-79.4259109939867,BATHURST ST AT RIDGE HILL DR & VESTA DR (PX 918),15195,SO
5896,43.705191001462,-79.4263719945243,BATHURST ST AT ELM RIDGE DR & ROSELAWN AVE (PX 309),56334,SO
5897,43.7123310012084,-79.428147005718,BATHURST ST AT GLENCAIRN AVE (PX 312),33806,NO
5898,43.714203997,-79.428599293,BATHURST ST AT GLENGROVE AVE,66979,NO
5899,43.7249539970373,-79.4310530024121,BATHURST ST AT FAIRLAWN AVE & PRINCE CHARLES DR (PX 315),31894,NO
5901,43.7315019994994,-79.4326040019361,BATHURST ST AT NEPTUNE DR (PX 317),17769,NO
5902,43.675169998033,-79.4151399988307,BATHURST ST AT HILLCREST TTC YARD (PX 1537),12177,SO
5903,43.7472470003385,-79.4364760007288,BATHURST ST AT YORK DOWNS DR (PX 671),34346,NO
5904,43.753438115,-79.437985136,BATHURST ST AT MCALLISTER RD,32897,NO
5905,43.758654003266,-79.4392570024191,BATHURST ST AT CODSELL AVE (PX 1168),35744,NO
5906,43.768569997046,-79.4417009969873,BATHURST ST AT BLUE FLAG GT & HORSHAM AVE (PX 674),34939,NO
5908,43.7839320006245,-79.4455499943745,BATHURST ST AT CEDARCROFT BLVD & PATRICIA AVE (PX 899),65405,NO
5909,43.7908270037286,-79.4453809977911,BATHURST ST AT GREENWIN VILLAGE RD (PX 1399),17845,NO
5910,43.7734990035086,-79.2306810054199,BRIMORTON DR AT MARKHAM RD (PX 703),35014,EA
5911,43.7795440010004,-79.2329789988218,MARKHAM RD AT TUXEDO CRT (PX 957),71942,EA
5912,43.7510260016471,-79.2222599939396,BLAKEMANOR BLVD AT MARKHAM RD (PX 976),25762,EA
5913,43.8239969973568,-79.2478169989439,MARKHAM RD AT MCNICOLL AVE (PX 1560),50512,EA
5914,43.6569789984039,-79.4052280043057,BORDEN ST AT COLLEGE ST (PX 1154),17835,SO
5915,43.6573819997963,-79.4032000016281,AUGUSTA AVE AT COLLEGE ST (PX 826),9544,SO
5916,43.675869173,-79.407493134,MACPHERSON AVE AT SPADINA RD,6951,SO
5917,43.6989280000684,-79.4594379960122,CASTLEFIELD AVE AT RONALD AVE (PX 1629),8247,WE
5918,43.6460540044183,-79.3923279997893,BLUE JAYS WAY AT KING ST & PETER ST (PX 1152),21186,SO
5919,43.6772019966937,-79.3976259957934,AVENUE RD AT DUPONT ST (PX 109),53433,SO
5920,43.6795540019652,-79.3985619988343,AVENUE RD AT COTTINGHAM ST (PX 110),36748,SO
5921,43.682543001044,-79.3998029976779,AVENUE RD AT EDMUND AVE (PX 173),42552,SO
5922,43.6843089995847,-79.4005299939844,AVENUE RD AT BALMORAL AVE (PX 111),66610,SO
5923,43.7085729962893,-79.4104349964337,AVENUE RD AT ROSELAWN AVE (PX 1030),44256,SO
5924,43.7103290034808,-79.4111319952521,AVENUE RD AT ST CLEMENTS AVE (PX 117),36839,SO
5925,43.7279010031281,-79.4179059988095,AVENUE RD AT FAIRLAWN AVE (PX 120),20321,NO
5926,43.735922999711,-79.4201030021277,AVENUE RD AT DUNBLAINE AVE (PX 122),36651,NO
5927,43.6635840038797,-79.3906480060688,QUEENS PARK CR E AT WELLESLEY ST W (PX 84),25833,SO
5928,43.7663310004975,-79.4153720000244,BEECROFT RD AT NORTH YORK BLVD (PX 1978),11010,NO
5930,43.7460989991752,-79.2912700022042,CROCKFORD BLVD &  LAWRENCE AVE E (PX 503),21358,EA
5931,43.7414980007999,-79.3142399988482,CARNFORTH RD AT LAWRENCE AVE (PX 932),24791,NO
5932,43.7640489955129,-79.2056280050382,LAWRENCE AVE AT ORTON PARK RD (PX 858),14606,EA
5933,43.7097239956395,-79.4745600024526,DUVAL DR AT LAWRENCE AVE (PX 1442),18316,NO
5934,43.710302003331,-79.4719089949602,BENTON RD AT LAWRENCE AVE (PX 399),39587,NO
5935,43.7114820013189,-79.4666030041928,CALEDONIA RD AT LAWRENCE AVE (PX 427),100746,NO
5936,43.7243849961122,-79.4056099996486,DUPLEX AVE AT JEDBURGH RD & LAWRENCE AVE (PX 421),15682,SO
5937,43.7928040040114,-79.2151820051217,HIGHWAY 401 S TCS AT NEILSON RD (PX 1362),44465,EA
5938,43.7950869956898,-79.2163579968209,HIGHWAY 401 N TCS AT NEILSON RD (PX 1361),32796,EA
5941,43.7737780004466,-79.4140299962903,CHURCH AVE AT CHURCHILL AVE & YONGE ST (PX 127),42340,NO
5942,43.77658516,-79.414754322,BYNG AVE AT YONGE ST,36066,NO
5943,43.7714849960227,-79.4028370055239,EMPRESS AVE AT WILLOWDALE AVE (PX 1136),9775,NO
5944,43.7886630024239,-79.409916994778,CUMMER AVE AT WILLOWDALE AVE (PX 806),43213,NO
5945,43.7111280017321,-79.3912259949285,BROADWAY AVE AT MOUNT PLEASANT RD (PX 139),27545,SO
5946,43.7223229982627,-79.3957069999672,MOUNT PLEASANT RD AT ST LEONARDS AVE (PX 141),22297,SO
5947,43.7246170037984,-79.4910789966416,WILSON AVE AT JULIAN RD & PETHERHILL AVE (PX 1636),29628,NO
5948,43.7345839986291,-79.4472769977858,TIPPET RD AT WILSON AVE & WILSON HEIGHTS BLVD (PX 630),39712,NO
5949,43.7454529967421,-79.3964400054631,HIGHLAND CR AT UPPER HIGHLAND CR & YORK MILLS RD (PX 1078),25413,NO
5950,43.7470329995135,-79.3890100052317,FENN AVE AT YORK MILLS RD (PX 1054),25036,NO
5951,43.7505500044035,-79.3748749996142,SANDFIELD RD AT YORK MILLS RD (PX 1298),12900,NO
5952,43.702999783,-79.374133726,BAYVIEW AVE AT DAVISVILLE AVE,61298,SO
5953,43.7069390034066,-79.3756489967721,BAYVIEW AVE AT FLEMING CRES & MANOR RD (PX 172),27905,SO
5954,43.6876190042629,-79.4236589947139,KENWOOD AVE AT VAUGHAN RD (PX 1646),4980,SO
5955,43.750753321,-79.384714805,BAYVIEW AVE AT SCENIC MLWY,18862,NO
5956,43.7780420028675,-79.3906149954141,BAYVIEW AVE AT MCKEE AVE (PX 1118),39325,NO
5957,43.5993000008669,-79.5441629974329,BROWNS LINE AT WOODBURY RD (PX 2477),21012,WE
5958,43.6588780006536,-79.3498520045207,BROADVIEW AVE AT QUEEN ST E (PX 543),47595,SO
5959,43.6624669991295,-79.351360999706,BROADVIEW AVE AT DUNDAS ST E (PX 292),31970,SO
5960,43.6654860000397,-79.3526239947257,BROADVIEW AVE AT GERRARD ST E (PX 374),9953,SO
5961,43.6784160017369,-79.3584230038766,BROADVIEW AVE AT PRETORIA AVE (PX 1952),18124,SO
5962,43.7075449991454,-79.5782440039632,BETHRIDGE RD AT MARTIN GROVE RD (PX 1086),11382,WE
5963,43.771618754,-79.32329738,CONSUMERS RD AT HALLCROWN PL,11117,NO
5964,43.6605289990023,-79.3425060008419,LOGAN AVE AT QUEEN ST (PX 544),23726,SO
5965,43.6849000041691,-79.3519349955385,LOGAN AVE AT MORTIMER AVE (PX 1637),14281,SO
5966,43.7795620020682,-79.3043920041289,ARAGON AVE AT BAY MILLS BLVD & SHEPPARD AVE (PX 1333),31449,EA
5967,43.7859279993177,-79.2760500061882,GLEN WATFORD DR AT SHEPPARD AVE (PX 1436),29213,EA
5968,43.7991810038188,-79.212890001851,MURISON BLVD AT SHEPPARD AVE (PX 1754),8300,EA
5969,43.7651010029352,-79.3947159984746,SHEPPARD AVE AT WILFRED AVE (PX 1245),20191,NO
5970,43.7414999961834,-79.5015010016229,ARLETA AVE AT NORTHOVER ST & SHEPPARD AVE (PX 1010),48846,NO
5971,43.7436489987234,-79.4918499968333,SENTINEL RD AT SHEPPARD AVE (PX 1427),27936,NO
5972,43.7528450041655,-79.4827350035793,SHEPPARD AVE AT TUSCAN GT (PX 1216),29484,NO
5973,43.7526879990205,-79.4519179982591,FAYWOOD BLVD AT SHEPPARD AVE W & WILMINGTON AVE (PX 739),20153,NO
5975,43.6039709962177,-79.5193579955069,KIPLING AVE AT NEW TORONTO ST (PX 1322),10109,WE
5976,43.6072009967797,-79.5207509976317,HORNER AVE AT KIPLING AVE (PX 764),14708,WE
5977,43.677178001683,-79.5508909949966,EGLINTON AVE AT KIPLING AVE (PX 729),56701,WE
5978,43.7536189992639,-79.5870990044267,BEACONHILL RD AT KIPLING AVE (PX 1651),8018,WE
5980,43.7459829978756,-79.3585190003107,DENLOW BLVD AT LESLIE ST & SOUTHWELL DR (PX 737),38062,NO
5981,43.7782880003926,-79.3653200056433,LESLIE ST AT NYMARK AVE (PX 965),13756,NO
5982,43.8085070032261,-79.3725079955245,LESLIE ST AT STEELES AVE (PX 934),100864,EA
5983,43.763928001111,-79.4086269958067,DORIS AVE AT GREENFIELD AVE (PX 1751),22353,NO
5984,43.7617510008913,-79.3472290046573,DON MILLS RD AT DUNCAN MILL RD & GRAYDON HALL DR (PX 634),22892,NO
5985,43.782766996316,-79.3491250024853,DON MILLS RD AT GODSTONE RD (PX 1041),7214,NO
5987,43.6779890040026,-79.330960000433,FELSTEAD AVE AT GREENWOOD AVE (PX 2418),12800,SO
5988,43.6798250042279,-79.3221460052386,COXWELL AVE AT HANSON ST (PX 1355),17126,SO
5989,43.685792001078,-79.3246589951678,COXWELL AVE AT GLEBEHOLME BLVD (PX 1498),13874,SO
5990,43.6067659959568,-79.5065690026198,ISLINGTON AVE AT NEW TORONTO ST (PX 1313),17106,WE
5991,43.6137079977673,-79.5084290024033,ISLINGTON AVE AT JUDSON ST (PX 1314),18897,WE
5992,43.6446480024837,-79.5234379984697,BLOOR ST AT ISLINGTON AVE (PX 339),127933,WE
5993,43.675643004176,-79.5371260008535,ISLINGTON AVE AT POPLAR HEIGHTS DR & PRINCESS MARGARET  (PX 1315),15716,WE
5995,43.6886200015324,-79.5428729970172,ISLINGTON AVE AT THE WESTWAY (PX 711),20116,WE
5996,43.8098879984202,-79.2576989968394,FINCH AVE AT MIDDLEFIELD RD (PX 1431),18290,EA
5997,43.7974869960385,-79.3123130002067,BRIDLETOWNE E TCS CIR AT FINCH AVE E (PX 1218),38311,EA
5998,43.7723120031486,-79.4509459939847,FINCH AVE AT GOLDFINCH CT & TORRESDALE AVE (PX 998),36307,NO
6000,43.698218232,-79.318229304,PLAINS RD AT WOODBINE AVE,30166,SO
6001,43.691700507,-79.303403314,DONCASTER AVE AT MAIN ST,7859,SO
6002,43.6839499963998,-79.3001550044803,GERRARD ST AT MAIN ST (PX 363),13819,SO
6003,43.6851350006069,-79.2946699991882,GERRARD ST AT MALVERN AVE (PX 362),18913,SO
6004,43.6726340030049,-79.2875809975422,BEECH AVE AT QUEEN ST (PX 551),15722,SO
6005,43.8077099956102,-79.3760969973957,BLUFFWOOD DR AT FAIRWAY HEIGHTS DR & STEELES AVE E (PX 1364),42453,EA
6006,43.8022450007354,-79.4008930057405,CONACHER DR AT STEELES AVE (PX 1556),37773,NO
6007,43.7743030031948,-79.5268329957724,ADESSO DR AT PETER KAISER GT & STEELES AVE (PX 1511),20627,NO
6008,43.7920130014137,-79.447588998966,CARPENTER RD AT STEELES AVE (PX 1564),18683,EA
6009,43.7578609986671,-79.6033810035479,MARTIN GROVE RD AT STEELES AVE (PX 1486),59955,EA
6010,43.7777353461059,-79.5109954097365,NORTHWEST GT AT STEELES AVE (PX 2294),21844,EA
6012,43.6990289974867,-79.3236299972719,GLEBEMOUNT AVE AT O CONNOR DR & TAYLOR DR (PX 1924),15509,SO
6013,43.7063409964781,-79.2512919939443,KINGSTON RD AT RIDGEMOOR AVE & SHARPE ST (PX 1116),18600,EA
6014,43.6975539965665,-79.2567890050204,GLEN EVEREST RD AT KINGSTON RD (PX 891),10330,EA
6015,43.7006000039754,-79.5177899949044,JOHN ST AT WESTON RD (PX 581),6278,WE
6017,43.7468749956022,-79.6220250045696,ALBION RD AT HUMBERLINE DR (PX 1369),26630,WE
6018,43.7212709980315,-79.5457149957775,ALBION RD AT ARMEL CRT (PX 1424),34698,WE
6019,43.7436400015127,-79.6039150022781,ALBION RD AT WESTMORE DR (PX 1276),27474,WE
6020,43.735356001121,-79.5613900007887,ALBION RD AT RIVERDALE DR & THISTLE DOWN BLVD (PX 1102),28945,WE
6021,43.7454930000166,-79.6142789960784,ALBION RD AT CARRIER DR (PX 1368),24502,WE
6022,43.739921998619,-79.2455320026227,DANFORTH RD AT TRUDELLE ST (PX 1527),24063,EA
6023,43.8018070002028,-79.3296840004576,BEVERLY GLEN BLVD AT CHESTER LE BLVD & PHARMACY AVE (PX 1633),15424,EA
6024,43.7684500013823,-79.5423079982613,GARYRAY DR AT SIGNET DR (PX 1627),4541,NO
6025,43.816198999522,-79.3245550002299,BAMBURGH CIR N AT WARDEN AVE (PX 1490),34307,EA
6027,43.792179002667,-79.3138819947676,BRIDLETOWNE CIR S AT WARDEN AVE (PX 1217),32801,EA
6029,43.7742359959419,-79.2950519942489,ALLANFORD RD AT BIRCHMOUNT RD & SCARDEN AVE (PX 1357),28595,EA
6030,43.7659080020294,-79.519687995091,DRIFTWOOD AVE AT JANE ST & MILO PARK GT (PX 1213),29769,NO
6031,43.6557389960246,-79.4871110038521,ARDAGH ST AT JANE ST (PX 1316),18713,SO
6032,43.6810939974373,-79.4977399982502,JANE ST AT LAMBTON AVE (PX 527),25361,WE
6033,43.6901419955748,-79.5006009970775,BALA AVE AT EMMETT AVE & JANE ST (PX 1317),26676,WE
6034,43.7066449957138,-79.5048320023668,JANE ST AT JOHN ST (PX 943),32770,NO
6035,43.6975929993486,-79.5023790019841,DENISON RD AT JANE ST & TRETHEWEY DR (PX 529),52003,NO
6036,43.6995529993288,-79.5028930012408,HARDING AVE AT JANE ST (PX 1318),30381,NO
6037,43.7688260038113,-79.5204040035204,JANE ST AT SHOREHAM DR (PX 967),46880,NO
6038,43.6606720038083,-79.3604870022661,DUNDAS ST E AT SUMACH ST (PX 903),16638,SO
6039,43.6631829956884,-79.3482190039374,BOULTON AVE AT DUNDAS ST (PX 291),16714,SO
6040,43.666169995686,-79.3343180018094,DUNDAS ST AT JONES AVE (PX 287),11744,SO
6041,43.6654619980174,-79.4686159941743,DUNDAS ST AT PACIFIC AVE (PX 187),20891,SO
6042,43.6498890012195,-79.4356019974269,BROCK AVE AT DUNDAS ST (PX 183),20320,SO
6043,43.6638900015665,-79.5034870014856,DUNDAS ST AT HOWLAND ST (PX 1623),33157,SO
6044,43.6655789974483,-79.4821049965167,DUNDAS ST AT RUNNYMEDE RD (PX 186),66339,SO
6045,43.7910969959726,-79.2917069963706,HAVENDALE RD AT KENNEDY RD (PX 2051),38354,EA
6046,43.650065003243,-79.4992140008531,BLOOR ST AT OLD MILL RD & THE KINGSWAY (PX 336),27972,WE
6047,43.6511349991661,-79.4763039953387,BLOOR ST W AT RUNNYMEDE RD (PX 331),40118,SO
6048,43.6646160012305,-79.4136490000159,BLOOR ST AT PALMERSTON AVE (PX 1238),17425,SO
6049,43.665913995639,-79.4074729961255,BLOOR ST AT BRUNSWICK AVE (PX 509),25812,SO
6050,43.679567343,-79.341778664,DANFORTH AVE AT WOODYCREST AVE,10442,SO
6051,43.6678619976235,-79.4656139949408,JUNCTION RD AT KEELE ST (PX 1068),71711,SO
6053,43.720515279,-79.480724897,FALSTAFF AVE AT KEELE ST,37185,NO
6054,43.742867504,-79.486000128,KEELE ST AT WYCOMBE RD,34531,NO
6055,43.644884000787,-79.4562539978737,HIGH PARK BLVD AT PARKSIDE DR (PX 573),13287,SO
6056,43.6486279998915,-79.4578040026379,HOWARD PARK AVE AT PARKSIDE DR (PX 574),14161,SO
6057,43.678394000005,-79.4648210044744,OLD WESTON RD AT TURNBERRY AVE (PX 1328),23653,SO
6059,43.6827749988861,-79.4633210040872,ROGERS RD AT SILVERTHORN AVE (PX 801),19502,WE
6060,43.805705998656,-79.2774000029954,BRIMLEY RD AT FINCH AVE (PX 1178),73586,EA
6061,43.6623589959973,-79.4444159992412,LANSDOWNE AVE AT WALLACE AVE (PX 851),9917,SO
6062,43.6370740010363,-79.4266540030886,DUFFERIN ST AT LIBERTY ST (PX 1449),32786,SO
6063,43.6658510010598,-79.4379239969645,DUFFERIN ST AT HALLAM ST (PX 607),11498,SO
6064,43.6871340015524,-79.4386930016599,OAKWOOD AVE AT ROGERS RD (PX 799),23701,WE
6065,43.6895620003213,-79.4395490025473,JESMOND AVE AT OAKWOOD AVE (PX 1528),8128,WE
6066,43.7418360005091,-79.4542920048304,TRANSIT RD AT W R ALLEN RD (PX 1406),63254,NO
6067,43.6599339982686,-79.4175129999109,GRACE ST AT HARBORD ST (PX 835),9214,SO
6068,43.660524998851,-79.4146670012938,HARBORD ST AT MANNING AVE (PX 1522),8222,SO
6069,43.6610150034047,-79.4122159944398,HARBORD ST AT PALMERSTON BLVD (PX 1311),15696,SO
6071,43.7019999957812,-79.42089000284,EGLINTON AVE AT VESTA DR (PX 1121),13497,SO
6072,43.6542869977248,-79.4068350048404,BATHURST ST AT NASSAU ST (PX 2253),19650,SO
6073,43.6681130018896,-79.412382998434,BARTON AVE AT BATHURST ST (PX 304),37610,SO
6074,43.6854099965868,-79.4192350055413,BATHURST ST AT TICHESTER RD (PX 1621),31957,SO
6075,43.6952940027481,-79.4232400040876,BATHURST ST AT WARWICK AVE (PX 506),28893,SO
6076,43.7079240031163,-79.4270590031561,BATHURST ST AT BRIAR HILL AVE (PX 310),38593,SO
6077,43.7104849972621,-79.4276940018634,BATHURST ST AT VIEWMOUNT AVE (PX 311),18005,NO
6078,43.7159499989174,-79.4290049945179,BATHURST ST AT SHELBORNE AVE (PX 313),18778,NO
6079,43.7296339993255,-79.432160995378,BATHURST ST AT BAYCREST AVE (PX 981),33996,NO
6080,43.7859170013807,-79.4460530010414,BATHURST ST AT DEWLANE DR & ROCKFORD RD (PX 677),43352,NO
6081,43.7056809998997,-79.4239869982198,CHAPLIN CRES AT ROSELAWN AVE (PX 219),15060,SO
6082,43.6622599998942,-79.4060370018966,BRUNSWICK AVE AT HARBORD ST (PX 834),15528,SO
6084,43.6689619964478,-79.404772001803,LOWTHER AVE AT SPADINA RD (PX 1405),18517,SO
6085,43.69902099947,-79.4170370035704,OLD FOREST HILL RD AT SPADINA RD (PX 853),7677,SO
6088,43.6731979993868,-79.3908330013724,BAY ST AT DAVENPORT RD (PX 896),54417,SO
6089,43.6643670027138,-79.3871830033309,BAY ST AT WELLESLEY ST W (PX 69),44198,SO
6091,43.6531680014489,-79.3757730047639,CHURCH ST AT QUEEN ST (PX 19),33263,SO
6092,43.6548290018733,-79.3764609997633,CHURCH ST AT SHUTER ST (PX 20),10556,SO
6093,43.6582110020854,-79.3778549961203,CHURCH ST AT GOULD ST (PX 993),14807,SO
6095,43.6482249963251,-79.3709320014031,LOWER JARVIS ST AT THE ESPLANADE (PX 1392),49723,SO
6096,43.6553610036585,-79.3739170057168,JARVIS ST AT SHUTER ST (PX 7),47861,SO
6097,43.6527289986785,-79.3632449984261,KING ST AT PARLIAMENT ST (PX 245),9836,SO
6098,43.668174000481,-79.369561002756,PARLIAMENT ST AT WELLESLEY ST (PX 251),12178,SO
6099,43.7177029962369,-79.5230460024399,CLAYSON RD AT WILSON AVE (PX 813),62440,NO
6102,43.7514560006985,-79.3704539983018,BANBURY RD AT CHIPSTEAD RD & YORK MILLS ROAD (PX 1079),13109,NO
6103,43.7606659999518,-79.3276849988898,FENSIDE DR AT YORK MILLS RD (PX 757),45604,NO
6104,43.708704512,-79.376338418,BAYVIEW AVE AT PARKHURST BLVD & SOUDAN AVE,61073,SO
6105,43.7274820015359,-79.381635997718,BAYVIEW AVE N/B RAMP AT LAWRENCE AVE & CHEDINGTON PL  (PX 2111),7095,NO
6106,43.752150052,-79.384971438,BAYVIEW AVE AT HEATHCOTE AVE,22079,NO
6110,43.7684080037779,-79.1862249939615,LAWRENCE AVE AT MORNINGSIDE AVE (PX 499),54901,EA
6111,43.7166870029135,-79.5823989976018,MARTIN GROVE RD AT RACINE RD (PX 1212),11053,WE
6112,43.7540270043602,-79.6000520000836,CABERNET CRCL AT GIHON SPRING DR & MARTIN GROVE (PX 1553),6520,WE
6114,43.7746659974423,-79.326699003292,SETTLERS RD AT SHEPPARD AVE (PX 1249),39056,NO
6115,43.7917409957963,-79.2489749975766,SHEPPARD AVE E AT SHORTING RD (PX 1435),11730,EA
6116,43.762333623,-79.407170661,BONNINGTON PL AT SHEPPARD AVE,23062,NO
6117,43.7628879964395,-79.404757998768,KENNETH AVE AT LEONA DR & SHEPPARD AVE (PX 1631),44068,NO
6118,43.8009140006313,-79.1505959954665,ATRIUM LANE AT DURNFORD RD & SHEPPARD AVE (PX 1635),6363,EA
6119,43.7378060042369,-79.5201340025571,LAURA RD AT SHEPPARD AVE (PX 2289),11209,NO
6120,43.7516630010107,-79.4567510019211,SHEPPARD AVE AT WILSON HEIGHTS BLVD (PX 631),31123,NO
6121,43.690422505,-79.336230269,GREENWOOD AVE AT MEMORIAL PARK AVE,7649,SO
6122,43.782760273,-79.401882088,FINCH AVE AT WILFRED AVE,18585,NO
6123,43.7772069977999,-79.4270619956777,CARNEY RD AT EDITHVALE DR & FINCH AVE (PX 2150),29234,NO
6126,43.7733130030265,-79.5317749969486,HIGHWAY 400 E TCS & NORFINCH DR AT STEELES AVE W (PX 1155),71337,EA
6127,43.7944140024474,-79.4365640034563,CACTUS AVE AT STEELES AVE (PX 1467),19748,NO
6128,43.754179524,-79.619837782,STEELES AVE AT STEINWAY BLVD,14507,WE
6131,43.7240400016639,-79.2969100026366,PHARMACY AVE AT 175M SOUTH OF EGLINTON AVE E (PX 1617),20748,EA
6132,43.8116359973831,-79.3234139980005,BAMBURGH CIR S AT WARDEN AVE (PX 722),16379,EA
6133,43.652148001439,-79.368637002387,ADELAIDE ST AT SHERBOURNE ST (PX 255),35243,SO
6134,43.6519629974342,-79.3777590008235,RICHMOND ST AT VICTORIA ST (PX 27),23368,SO
6135,43.744884758,-79.514582874,COURAGE AVE AT JANE ST,12511,NO
6136,43.7507359978869,-79.5160779969669,FIRGROVE S CRES AT JANE ST & YORKWOODS GT (PX 933),13386,NO
6137,43.7252639987795,-79.2649850046933,CORVETTE AVE AT KENNEDY RD (PX 1122),8159,EA
6138,43.7574480016098,-79.4894939985633,BROADOAKS DR AT KEELE ST (PX 928),14695,NO
6139,43.674290641,-79.434650792,DAVENPORT RD AT DOVERCOURT RD,22027,SO
6140,43.6600600006277,-79.4800150018146,ANNETTE ST AT RUNNYMEDE RD (PX 847),11746,SO
6141,43.6773709970917,-79.4456630038293,ST CLAIR AVE AT VIA ITALIA (PX 1610),7761,SO
6143,43.6810479998197,-79.4288700051926,ARLINGTON AVE AT ST CLAIR AVE (PX 1024),18462,SO
6147,43.694986971,-79.441814888,CLOVELLY AVE AT OAKWOOD AVE,9664,WE
6151,43.70945634,-79.410784809,AVENUE RD AT CASTLEFIELD AVE,19282,SO
6152,43.711185151,-79.411491226,AVENUE RD AT BRIAR HILL AVE,19417,SO
6155,43.6518930001912,-79.3817180056212,BAY ST AT QUEEN ST W (PX 64),43780,SO
6156,43.773787285,-79.162282369,BEECHGROVE DR AT LAWRENCE AVE,19250,EA
6158,43.654525003875,-79.3694590004986,QUEEN ST AT SHERBOURNE ST (PX 257),27227,SO
6163,43.8154280011009,-79.2315000022066,FINCH AVE E AT FINCHDENE SQ (PX 1597),19134,EA
6165,43.6926249984751,-79.5174930002966,ALMA DR AT SCARLETT RD & SCARLETTWOOD CT (PX 2008),16629,WE
6166,43.734658561,-79.306760409,INNISMORE CRES AT RUSCICA DR AND VICTORIA PARK AVE,43497,NO
6168,43.6524659955619,-79.3754759945389,CHURCH ST AT RICHMOND ST (PX 18),9911,SO
6170,43.6573010028812,-79.4477719985356,BLOOR ST W AT SYMINGTON AVE (PX 1062),31576,SO
6171,43.6397780021299,-79.5445060012695,BLOOR ST W AT WILMAR RD (PX 2212),31082,WE
6172,43.66896436,-79.43645292,BARTLETT AVE AT DUPONT ST,11185,SO
6173,43.72258004,-79.4566336,DUFFERIN ST AT GLEN BELLE CR & MCADAM AVE,44197,NO
6176,43.719830332,-79.513800342,DALLNER RD AT WILSON AVE,13129,NO
6177,43.721487002195,-79.5581360051309,GOLFDOWN DR AT ISLINGTON AVE (PX 2082),13554,WE
6178,43.762679008,-79.573646927,ISLINGTON AVE AT THOROLD GT,13430,NO
6181,43.664780995673,-79.3552930030913,BLACKBURN ST AT GERRARD ST & ST MATTHEWS RD (PX 2274),7078,SO
6182,43.7757409972189,-79.2349949984528,DOLLY VARDEN BLVD AT ELLESMERE RD (PX 1799),28777,EA
6185,43.638829965,-79.4767513,ORMSKIRK AVE AT SOUTH KINGSWAY,9671,SO
6188,43.652964119,-79.42945101,COLLEGE ST AT HAVELOCK ST,16020,SO
6189,43.678218227,-79.424277361,CHRISTIE ST AT TYRREL AVE,18225,SO
6191,43.7409749975815,-79.5809979938118,KIPLING AVE AT PENLEA AVE (PX 2119),23215,WE
6192,43.667265066,-79.393526201,CHARLES ST AT QUEENS PARK CR,30700,SO
6193,43.660308861,-79.517117517,LAMBETH RD AT ROYAL YORK CT AND ROYAL YORK RD,28009,WE
6194,43.7908339966093,-79.3630760018579,FINCH AVE AT LISZT GT & TRUDY RD (PX 1861),49490,NO
6195,43.808948656,-79.359012383,DON MILLS RD AT FRESHMEADOW DR,37666,NO
6196,43.713048635,-79.411775897,AVENUE RD AT CORTLEIGH BLVD,19750,SO
6198,43.664847000935,-79.4554949992238,DUPONT ST AT EDWIN AVE (PX 2097),21702,SO
6203,43.694603767,-79.305881787,CHISHOLM AVE AT LUMSDEN AVE,6214,SO
6205,43.799823618,-79.41186141,STEELES AVE E AT LILLIAN ST & JEWEL ST,18337,NO
6206,43.649906415,-79.387137745,RICHMOND ST AT SIMCOE ST,15451,SO
6208,43.7229900040171,-79.5091200039311,JANE ST AT SHERIDAN MALL (PX 1472),34231,NO
6209,43.657227649,-79.466850203,GLENLAKE AVE AT HIGH PARK AVE,8536,SO
6212,43.648154719,-79.376046596,SCOTT ST AT WELLINGTON ST,4832,SO
6216,43.750085792,-79.346873385,DON MILLS RD AT KERN RD,136105,NO
6217,43.74514829,-79.25189932,BRIMLEY RD AT SEMINOLE AVE,12130,EA
6218,43.701597547,-79.265885984,BIRCHMOUNT RD AT MACK AVE,5702,EA
6219,43.676376855,-79.330271415,GREENWOOD AVE AT TORBRICK RD,6217,SO
6222,43.7318160038961,-79.5112779986468,JANE ST AT TROUTBROOKE DR (PX 2284),40353,NO
6227,43.774595243,-79.438856069,ANCONA ST AT FINCH AVE W,15662,NO
6229,43.774927515,-79.437378237,ENDELL ST AT FINCH AVE W,15208,NO
6232,43.64455264,-79.448371367,FERN AVE AT RONCESVALLES AVE,4285,SO
6236,43.670562002288,-79.3898439993891,BAY ST AT CUMBERLAND ST (PX 2374),27615,SO
6237,43.797596001343,-79.4137829939423,ABITIBI AVE AT WILLOWDALE AVE (PX 2164),7994,NO
6238,43.7959560018862,-79.4131020005625,OTONABEE AVE AT WILLOWDALE AVE (PX 2199),8388,NO
6239,43.643601009,-79.533457194,DUNBLOOR RD AT DUNDAS ST W,20744,WE
6240,43.700527002,-79.427765759,CHILTERN HILL RD AT EGLINTON AVE,17549,SO
6245,43.6723279963684,-79.5040069954817,EDINBOROUGH CT AT SCARLETT RD (PX 1943),10495,WE
6246,43.73813123,-79.241566236,BARBADOS BLVD AT EGLINTON AVE E,13828,EA
6256,43.676337233,-79.4424193,DUFFERIN ST AT ROSEMOUNT AVE,10757,SO
6258,43.658781792,-79.440747508,BLOOR ST W AT EMERSON AVE,18504,SO
6261,43.741858243,-79.406251639,MCGLASHAN RD AT YONGE ST,37528,NO
6262,43.675552722,-79.396941422,AVENUE RD AT PEARS AVE,15319,SO
6264,43.80915,-79.1671955538514,SHEPPARD AVE AT TWYN RIVERS DR,16038,EA
6265,43.652947258,-79.485974301,COLBECK ST AT JANE ST,16552,SO
6267,43.6944219995462,-79.3082379953547,LUMSDEN AVE AT WESTLAKE AVE (PX 2348),9378,SO
6268,43.783929544,-79.28535662,REIDMOUNT AVE AT SHEPPARD AVE,16972,EA
6269,43.728640162,-79.397693153,MOUNT PLEASANT RD AT RANLEIGH AVE,9550,SO
6272,43.647711892,-79.430718811,BANK ST AT DUFFERIN ST,6274,SO
6273,43.6643100034295,-79.4305169959759,DOVERCOURT RD AT SHANLY ST (PX 2367),10217,SO
6274,43.8000399965494,-79.284707997728,BAYLAWN DR AT BOARHILL DR & MIDLAND AVE (PX 1896),20888,EA
6276,43.646191773,-79.423472662,ARGYLE ST AT DOVERCOURT RD,3075,SO
6278,43.67426413,-79.35708092,BROADVIEW AVE AT WOLFREY AVE,4016,SO
6279,43.688892905,-79.314183575,MILVERTON BLVD AT WOODBINE AVE,24207,SO
6280,43.684017349,-79.38350493,MOUNT PLEASANT RD AT WHITEHALL RD,15328,SO
6281,43.751920926,-79.275778156,CORNWALLIS DR AT KENNEDY RD,19248,EA
6283,43.648832542,-79.450027955,GRENADIER RD AT RONCESVALLES AVE,4555,SO
6285,43.739529996174,-79.235255994163,EGLINTON AVE E AT TORRANCE RD (PX 1825),33596,EA
6290,43.655138026,-79.398926217,BALDWIN ST AT SPADINA AVE,4048,SO
6293,43.753493002114,-79.3574929950553,SCARSDALE RD AT YORK MILLS RD (PX 1866),59765,NO
6294,43.680441518,-79.345443054,GERTRUDE PL AT PAPE AVE,5407,SO
6296,43.749120941,-79.436948128,BATHURST ST AT DANBY AVE,45783,NO
6299,43.685400999253,-79.2743899938997,KINGSTON RD AT QUEENSBURY AVE (PX 2104),10800,EA
6301,43.672376574,-79.443766242,DAVENPORT RD AT LIGHTBOURN AVE,8896,SO
6302,43.7684090028395,-79.3803240008492,GREENBRIAR RD AT SHEPPARD AVE (PX 2109),17269,NO
6304,43.738710525,-79.426857055,CLYDE AVE AT WILSON AVE,33039,NO
6307,43.6504209964087,-79.3886429956073,QUEEN ST AT ST PATRICK ST (PX 2087),8531,SO
6309,43.6267839973852,-79.5161089991795,ATHOL AVE AT ISLINGTON AVE & NORDIN AVE (PX 2470),47279,WE
6315,43.754960008,-79.350883367,UPJOHN RD AT YORK MILLS RD,16922,NO
6316,43.668746353,-79.375393032,EARL ST AT SHERBOURNE ST,6192,SO
6317,43.778067808,-79.444081177,BATHURST ST AT KENTON DR,22152,NO
6322,43.711547249,-79.571371481,BRYDON DR AT REXDALE BLVD,14670,WE
6323,43.763869517,-79.301433063,SYLLA AVE AT WARDEN AVE,19990,EA
6368,43.6672440035406,-79.3125929952495,EASTERN AVE AT KINGSTON RD & QUEEN ST (PX 1388),62469,SO
6370,43.671503048,-79.31037211,COLUMBINE AVE AT KINGSTON RD,10354,SO
6371,43.788758172,-79.162144111,KINGSTON RD AT MEADOWVALE RD,4397,EA
6375,43.695279378,-79.269328478,DANFORTH AVE AT EASTWOOD AVE,7521,EA
6376,43.7102519967761,-79.2646159989863,DANFORTH RD AT NORTH WOODROW BLVD (PX 2225),20027,EA
6378,43.7333490004232,-79.2486559980853,DANFORTH RD AT NESTON AVE & TYNE CRT (PX 2099),20579,EA
6380,43.7166699980684,-79.2992859963682,VICTORIA PARK AT 60M N OF PARMA CRT (PX 519),10582,SO
6382,43.762021644,-79.317086552,PACHINO BLVD AT VICTORIA PARK AVE,40849,NO
6384,43.693155591,-79.321373722,BARKER AVE AT GLEBEMOUNT AVE,723,SO
6385,43.696113225,-79.337130039,ATHLONE RD AT OCONNOR DR,35242,SO
6390,43.8143669991242,-79.3245330044268,WARDEN AVE AT 200M S OF BAMBURGH CIRCLE N (PX 1649),9520,EA
6391,43.780947191,-79.308997582,BOWATER DR AT WARDEN AVE,16909,EA
6393,43.6518920007632,-79.3698549939496,ADELAIDE ST AT FREDERICK ST (PX 2346),16442,SO
6394,43.6135250029247,-79.5363519966426,EVANS AVE AT TREEVIEW DR (PX 2250),19548,WE
6395,43.708237238,-79.465811927,CALEDONIA RD AT PLAYFAIR AVE,11210,NO
6396,43.6275429959942,-79.4971280015397,MILTON ST AT THE QUEENSWAY (PX 2467),12095,WE
6399,43.6657029998531,-79.4969200006143,# 3671 DUNDAS ST AT LOBLAWS ENTRANCE 200M E OF SCARLETT (PX 1809),26910,WE
6400,43.652998995979,-79.5249029990636,CHESTNUT HILLS CR AT DUNDAS ST (PX 2124),33939,WE
6402,43.6679340029613,-79.3790450041251,EARL PL AT GLOUCESTER ST & JARVIS ST (PX 2187),40457,SO
6407,43.685031439,-79.343806909,SAMMON AVE AT WOODYCREST AVE,1085,SO
6410,43.686222994,-79.341716755,DEWHURST BLVD AT KINGS PARK BLVD,313,SO
6411,43.686613781,-79.344397126,MORTIMER AVE AT WOODYCREST AVE,11817,SO
6412,43.687080987,-79.342032597,DEWHURST BLVD AT MORTIMER AVE,9029,SO
6413,43.671297972,-79.38722015,ASQUITH AVE AT CUMBERLAND ST & YONGE ST,7250,SO
6417,43.6707190004481,-79.4532559984104,DAVENPORT RD AT SYMINGTON AVE (PX 1304),19075,SO
6419,43.649699808,-79.545113857,BURNHAMTHORPE RD AT LORRAINE GDNS,11259,WE
6423,43.7067122404754,-79.3469791099975,OVERLEA BLVD AT EAST YORK TOWN CENTRE WEST DRIVEWAY,21475,SO
6424,43.7577560032652,-79.4650170055235,RIMROCK RD AT W R ALLEN RD (PX 1997),22279,NO
6427,43.6419149994347,-79.4018949994016,BATHURST ST AT NIAGARA ST (PX 2363),51145,SO
6430,43.769363719,-79.229030819,MARKHAM RD AT PANDORA CIR,13529,EA
6432,43.8076509955721,-79.2326329950708,CROW TRL AT TAPSCOTT RD (PX 1902),6271,EA
6433,43.8184180003302,-79.2398509995228,NEWGALE GT AT TAPSCOTT RD (PX 1790),9357,EA
6434,43.6388540016748,-79.3865730033865,QUEENS QUAY AT REES ST & ROBERTSON CRES (PX 2412),24388,SO
6436,43.707714112,-79.410160325,AVENUE RD AT KELWAY BLVD,17234,SO
6439,43.727257755,-79.391994155,LAWRENCE AVE E AT WANLESS CRES (WEST INT),31076,SO
6440,43.735792306,-79.349952667,LAWRENCE AVE AT TREMONT CR,29957,NO
6441,43.691164998775,-79.5362209946812,THE WESTWAY AT TREHORNE DR (PX 2031),7644,WE
6442,43.6719230004743,-79.3875029949137,YONGE ST AT YORKVILLE AVE (PX 2377),23145,SO
6443,43.7769459968921,-79.4148490058717,KEMPFORD BLVD AT YONGE ST (PX 1101),53276,NO
6446,43.645863379,-79.474144582,MORNINGSIDE AVE AT RUNNYMEDE RD,2509,SO
6449,43.7701819955997,-79.2787899962975,PROGRESS AVE AT WILLIAM KITCHEN RD (PX 1702),12452,EA
6451,43.624072251,-79.559551461,PAXMAN RD AT THE WEST MALL,10966,WE
6452,43.7203090004699,-79.5115989965231,WILSON AVE 200 M E OF DALLNER AVE SHERIDAN MALL (PX 1342),27747,NO
6453,43.730335998232,-79.4681060006569,GARRATT BLVD AT NORTHGATE DR & WILSON AVE (PX 1236),31018,NO
6454,43.7355819971116,-79.4426700023765,ALLINGHAM GDNS AT WILSON AVE (PX 1477),32539,NO
6458,43.6768370001103,-79.5642189943952,MARTIN GROVE RD AT RICHGROVE DR (PX 1873),11716,WE
6461,43.710896147,-79.363727567,LAIRD DR AT PARKHURST BLVD,9199,SO
6464,43.7128789964934,-79.35909700122,BRENTCLIFFE RD AT VANDERHOOF AVE (PX 1849),10367,SO
6465,43.672660679,-79.337067401,BOULTBEE AVE AT JONES AVE,9352,SO
6468,43.6735909983876,-79.5493180054127,KIPLING AVE AT LONGFIELD RD & THE KINGSWAY (PX 1855),20947,WE
6469,43.698520056,-79.560605273,KIPLING AVE AT ST ANDREWS BLVD,12938,WE
6472,43.704442697,-79.550082066,ISLINGTON AVE AT LEMSFORD RD & WESTHAMPTON DR,38379,WE
6476,43.7652800011599,-79.4829599975267,FINCH AVE AT CNR SERVICE RD & 220M E OF ALEXDON RD (PX 1091),36988,NO
6477,43.65352039,-79.514042075,KINGSGROVE BLVD AT ROYAL YORK RD,10997,WE
6481,43.695129656,-79.303480729,BARRINGTON AVE AT LUMSDEN AVE,4022,SO
6582,43.7421440041813,-79.3097930041423,LAWRENCE AVE AT VICTORIA PARK AVE (PX 407),71744,EA
6585,43.7840000023252,-79.2850000007229,SHEPPARD AVE AT 150M E OF REIDMOUNT AVE & GO STATION  (PX 1820),49179,EA
6598,43.791494714,-79.397032131,CONACHER DR AT CUMMER AVE,7935,NO
6601,43.8232840013028,-79.2514440059549,MCNICOLL AVE OF DYNAMIC DR (PX 1763),6115,EA
6606,43.742644116,-79.307406112,LAWRENCE AVE AT TOWNLEY AVE,34710,EA
6610,43.68577600256,-79.3474380013034,MORTIMER AVE AT PAPE AVE (PX 664),53932,SO
6611,43.691998217,-79.302115137,BARRINGTON AVE AT DONCASTER AVE,2404,SO
6667,43.7069980024562,-79.2681300060352,BIRCHMOUNT RD AT DANFORTH RD (PX 417),35181,EA
6732,43.7866199978477,-79.3006600032401,# 2450 BIRCHMOUNT RD AT STEPHEN LEACOCK CI (PX 1026),28768,EA
6848,43.7244249976891,-79.2429609956885,ANSON AVE AT BRIMLEY RD & COMRIE TERR (PX 2169),10375,EA
6854,43.7905780015803,-79.2699610050632,BRIMLEY RD AT HEATHER RD (PX 1639),26574,EA
7239,43.709989449,-79.453849447,DUFFERIN ST AT GLEN LONG AVE,15644,NO
7248,43.68566279,-79.406336424,ST CLAIR AVE AT WARREN RD,9188,SO
7252,43.680735285,-79.382417056,MOUNT PLEASANT RD AT ROXBOROUGH DR,32709,SO
7261,43.7716430025221,-79.3641360009145,LESLIE ST AT SHEPPARD AVE (PX 744),227783,NO
7264,43.7463489,-79.345888453,BOND AVE AT DON MILLS RD & LEGATO CRT,20875,NO
7281,43.6090089976526,-79.548312998849,ALDERWOOD PLAZA AT BROWNS LINE/SERVICE RD (PX 893),30787,WE
7320,43.7865780023545,-79.1883099939827,ELLESMERE RD AT MILITARY TRL E (PX 1195),37300,EA
7323,43.6943649977153,-79.2736500036192,DANFORTH AVE AT WARDEN AVE (PX 358),30364,EA
7329,43.741286995934,-79.4152259963457,WILSON AVE AT YONGE BLVD (PX 991),15832,NO
7341,43.6568979,-79.520326606,DUNDAS ST W AT OLD OAK DR & WIMBLETON RD,35521,WE
7383,43.6493509959951,-79.3937019962645,PETER ST AT QUEEN ST (PX 1589),23867,SO
7419,43.73183621,-79.562946114,BARKER AVE AT ISLINGTON AVE,33774,WE
7639,43.6663600038397,-79.3166019957321,COXWELL AVE AT QUEEN ST (PX 168),50880,SO
8143,43.6940879985181,-79.36627800388,BAYVIEW AVE AT NESBITT DR (PX 167),32232,SO
8157,43.6590980026989,-79.4391750043358,BLOOR ST W AT BROCK AVE W (PX 1934),35820,SO
9767,43.692442974,-79.491137857,INDUSTRY ST AT RAY AVE,3007,WE
9772,43.6460530022782,-79.3855610005873,SIMCOE ST AT WELLINGTON ST (PX 264),8664,SO
9773,43.6466049957164,-79.3830289962435,WELLINGTON ST AT YORK ST (PX 71),31681,SO
9775,43.6497719970134,-79.433688994627,DUNDAS ST AT SHERIDAN AVE (PX 2122),8155,SO
9776,43.6495840036818,-79.4298290040732,DUNDAS ST W AT GLADSTONE AVE (PX 2264),16838,SO
9777,43.649501561,-79.426795521,DUNDAS ST W AT LISGAR ST & RUSHOLME RD,9294,SO
9780,43.654656296,-79.421488992,COLLEGE ST AT ROXTON RD,7180,SO
9781,43.65597112,-79.410162149,COLLEGE ST AT PALMERSTON AVE,9662,SO
9787,43.67989955,-79.390728007,MARLBOROUGH AVE AT PRICE ST & YONGE ST,13221,SO
9791,43.732378025,-79.41587385,ELM RD AT OLD ORCHARD GRV,2551,SO
9803,43.687428567,-79.332127708,LINSMORE CR AT SAMMON AVE,1759,SO
9804,43.691141164,-79.332967299,LINSMORE CRES AT MEMORIAL PARK AVE (EAST INT),650,SO
9815,43.7188090035788,-79.5833920022274,JEFFCOAT DR AT MARTIN GROVE RD (PX 1911),9909,WE
9819,43.662244347,-79.429670696,DOVERCOURT RD AT NORTHUMBERLAND ST,5762,SO
9820,43.680955704,-79.462543641,ROWNTREE AVE AT SILVERTHORN AVE,2189,SO
9823,43.694545309,-79.335264666,LINSMORE CR AT PLAINS RD,2227,SO
9825,43.76169874,-79.544674635,KENHAR DR AT WESTON RD,8174,NO
11120,43.65028126,-79.441020314,COLLEGE ST AT DUNDAS ST W & ST HELENS AVE,34429,SO
11122,43.6659229956269,-79.3918910011859,QUEENS PARK CRES E  AT 125M N OF ST JOSEPH ST (PX 85),8037,SO
11123,43.6648390011118,-79.3911799986937,QUEENS PARK CRES AT ST JOSEPH ST (PX 2318),10295,SO
11128,43.657907808,-79.381587227,ELM ST AT YONGE ST,5389,SO
11129,43.690092711,-79.345368664,COSBURN AVE AT TODMORDEN LANE,3463,SO
11132,43.740919106,-79.309348348,JANET BLVD AT VICTORIA PARK AVE,16558,NO
11135,43.6882220007625,-79.5693799953062,LAVINGTON DR AT MARTIN GROVE RD (PX 2197),9702,WE
11136,43.677853518,-79.389901584,ROXBOROUGH ST E AT YONGE ST,24824,SO
11137,43.612084808,-79.515825419,HORNER AVE AT JUDSON ST,4197,WE
11141,43.686599341,-79.324965269,COXWELL AVE AT MILVERTON BLVD,7148,SO
11149,43.648489384,-79.369766131,GEORGE ST S AT THE ESPLANADE,5186,SO
11151,43.79253403,-79.245208757,MASSIE ST AT SHEPPARD AVE E,22080,EA
11166,43.6979159982949,-79.451140003731,BOWIE AVE AT DUFFERIN ST & WHITMORE AVE (PX 1047),28787,WE
11181,43.7424869999642,-79.2221080005621,BEACHELL ST AT EGLINTON AVE (PX 1293),23955,EA
11194,43.6257019955781,-79.4859569986406,PARK LAWN RD AT F G GARDINER EXPY S TCS & ACC TO LEGION (PX 989),41829,WE
11197,43.6654809960495,-79.4703900032112,DUNDAS ST W AT HIGH PARK AVE (PX 2207),19034,SO
11209,43.7694209971476,-79.3642770045942,ESTHER SHINER BLVD AT LESLIE ST & NORTH YORK GENERAL HOS (PX 1752,86475,NO
11211,43.715772208,-79.533337975,MATHEWS GT AT WALSH AVE,24787,NO
11213,43.848189354,-79.200574846,REESOR RD AT STEELES AVE E (WEST INTERSECTION),29641,EA
11232,43.6632510003991,-79.4676520048092,ANNETTE ST AT PACIFIC AVE (PX 1880),14990,SO
11237,43.688374043,-79.42307941,CLAXTON BLVD AT KENWOOD AVE,2601,SO
11239,43.6896689965984,-79.4771809967505,BICKNELL AVE AT EGLINTON AVE & MUNICIPAL DR / CIVIC CTR (PX 1011),35002,WE
11242,43.758051019,-79.319196159,COMBERMERE DR AT PARKWOODS VILLAGE DR,30258,NO
11243,43.6341540042643,-79.5566280031307,CLOVERDALE RD AT HIGHWAY 427 NB OFF RAMP & THE EAST MALL(PX 1337),10905,WE
11244,43.7052419976275,-79.577170000134,MARTIN GROVE RD AT VULCAN ST (PX 2071),19550,WE
11245,43.7260240044708,-79.5867219968526,MARTIN GROVE RD AT MERCURY RD / WESTHUMBER BLVD (PX 902),10178,WE
11248,43.662573133,-79.333304158,BERKSHIRE AVE AT QUEEN ST,6312,SO
11250,43.607559733,-79.49479347,ROYAL YORK RD AT SYMONS ST,10500,WE
11252,43.793110256,-79.271035866,BRIMLEY RD AT DENNETT DR,61975,EA
11291,43.671268936,-79.341694289,PAPE ST AT RIVERDALE AVE,4597,SO
11296,43.666889581,-79.457863549,CARIBOO AVE AT OSLER ST,1680,SO
11297,43.6425100038784,-79.427159003324,QUEEN ST W AT GLADSTONE AVE & SUDBURY ST (PX 1331),35429,SO
11300,43.698389697,-79.326482948,MACHOCKIE RD AT O CONNOR DR,16909,SO
11301,43.729604425,-79.471466907,MURRAY RD AT WILSON AVE,30008,NO
11304,43.673211832,-79.317895194,EASTWOOD RD AT GAINSBOROUGH RD,2843,SO
11307,43.642655357,-79.402195895,BATHURST ST AT WELLINGTON ST,33330,SO
11308,43.7497149984359,-79.6104699958257,HIGHWAY 27 AT ROYALCREST RD (PX 1903),15040,WE
11309,43.658205775,-79.359659952,SHUTER ST AT SUMACH ST,7800,SO
11313,43.6268279962189,-79.5004279972345,HOLBROOKE AVE AT THE QUEENSWAY (PX 2466),14997,WE
11320,43.704220603,-79.400482996,ANDERSON AVE AT DUPLEX AVE,9999,SO
11324,43.641843846,-79.406123281,NIAGARA ST AT WELLINGTON ST W,11786,SO
11325,43.642111392,-79.404752474,TECUMSETH ST AT WELLINGTON ST,3121,SO
11327,43.664173929,-79.326216145,HILTZ AVE AT QUEEN ST,5735,SO
11342,43.8051240004069,-79.3263630022795,EAGLE POINT AT MCNICOLL AVE (PX 1815),9231,EA
11345,43.71685066,-79.304812073,NORTHLINE RD AT OCONNOR DR,9368,NO
11346,43.798753386,-79.375874486,CUMMER AVE AT PINEWAY BLVD,17579,NO
11347,43.698078784,-79.400755663,CHAPLIN CRES AT LASCELLES BLVD,8198,SO
11394,43.712678864,-79.364446633,LAIRD DR AT PARKLEA DR,8791,SO
11413,43.75192399796,-79.4672189938354,KODIAK CRES AT SHEPPARD AVE & YUKON LANE (PX 1523),36483,NO
11540,43.661924834,-79.507193364,DUNDAS ST AT OLD DUNDAS ST,32926,WE
11557,43.69379026,-79.571919269,MARTIN GROVE RD AT RONSON DR,10854,WE
11562,43.6792829995487,-79.5253020034848,ALLANHURST DR AT ROYAL YORK RD (PX 2189),20686,WE
11563,43.758414726,-79.312928432,ELLESMERE RD AT PARKWAY PLAZA,16033,EA
11573,43.6819300035077,-79.474200005761,BLACK CREEK MALL AT ROGERS RD (PX 964),19003,WE
11574,43.697215464,-79.369331067,BESSBOROUGH DR AT MOORE AVE,9215,SO
11661,43.6829139966805,-79.365966995377,# 550 BAYVIEW AT 620M S OF POTTERY RD (PX 2194),16189,SO
11665,43.7006459966184,-79.5811510007267,BELFEILD RD AT IRON ST (PX 2146),6378,WE
11666,43.6485329971966,-79.3450369983354,COMMISSIONERS ST AT DON RDWY (PX 1841),2819,SO
11668,43.7930519999748,-79.4119230046194,CENTRE AVE AT WILLOWDALE AVE (PX 2393),19428,NO
11670,43.770308579,-79.427594506,CHURCHILL AVE AT SENLAC RD,5829,NO
11675,43.648041593,-79.37174132,MARKET ST AT THE ESPLANADE,6704,SO
11676,43.6565140022468,-79.3263360022988,COMMISSIONERS ST AT LESLIE ST (PX 1844),10847,SO
11677,43.6526150037778,-79.3355389987595,CARLAW AVE AT COMMISSIONERS ST (PX 1843),8636,SO
11678,43.7719899976954,-79.4932390002337,KEELE ST AT THE POND RD (PX 1906),43944,NO
11680,43.703281341,-79.351667513,LEASIDE PARK DR AT OVERLEA BLVD,30083,SO
11683,43.667758325,-79.353384092,BROADVIEW AVE AT LANGLEY AVE,5171,SO
11685,43.690401315,-79.349168432,GAMBLE AVE AT PAPE AVE,7242,SO
11687,43.694710449,-79.506379682,CLOUSTON AVE AT WESTON RD,5982,WE
11696,43.675327455,-79.308499498,HEYWORTH CRES AT WOODBINE AVE,16700,SO
11699,43.738290811,-79.338217559,GREENLAND RD AT LAWRENCE AVE,19160,NO
11700,43.6873879957196,-79.5497750022063,THE WESTWAY AT WINCOTT DR (PX 2007),15363,WE
11701,43.6528169968647,-79.3716049971314,GEORGE ST AT RICHMOND ST (PX 1961),8582,SO
11702,43.677241527,-79.496150268,BLACK CREEK BLVD AT DALRYMPLE DR & JANE ST,29412,WE
11704,43.75955852,-79.307899054,CLAUDIUS GT AT ELLESMERE RD,15413,EA
11707,43.7766679982521,-79.2505360041731,CONSILIUM PL AT GRANGEWAY AVE & PROGRESS AVE (PX 1352),12249,EA
11716,43.649178079,-79.45266527,CONSTANCE ST AT SUNNYSIDE AVE,1514,SO
11721,43.65834378,-79.457062015,INDIAN RD AT WANDA RD,353,SO
11722,43.7199410008952,-79.4266370020135,GLEN RUSH BLVD AT LAWRENCE AVE (PX 1837),13482,NO
11724,43.6422370043926,-79.509270995081,GLENROY AVE AT ROYAL YORK RD (PX 2152),20257,WE
11726,43.8108539976501,-79.2529149940652,FINCH AVE E AT SCOTTFIELD DR & TIFFIELD RD (PX 2115),36351,EA
11731,43.6847137,-79.333758811,GREENWOOD AVE AT MILVERTON BLVD,4805,SO
11734,43.689024935,-79.340828952,DONLANDS AVE AT FLOYD AVE,6769,SO
11742,43.653497703,-79.36187481,KING ST AT TRINITY ST,8642,SO
11746,43.69798514,-79.328393503,O CONNOR DR AT TREADWAY BLVD,14168,SO
11747,43.689326828,-79.323357293,KNIGHT ST AT SAMMON AVE & WOODINGTON AVE,2127,SO
11750,43.6529879981796,-79.3647840046741,ADELAIDE ST AT BERKELEY ST (PX 1964),8948,SO
11754,43.6366619978862,-79.4385959985932,DOWLING AVE AT KING ST (PX 2327),11911,SO
11757,43.761980127,-79.247608726,MCCOWAN RD AT MELDAZY DR  - SOUTH LEG,14658,EA
11758,43.6722340006723,-79.4185559986051,DUPONT ST AT HAMMOND PLACE (PX 1721),24612,SO
11760,43.7634509961811,-79.2375289944195,BELLAMY RD N AT BENLEIGH DR (PX 2058),11054,EA
11762,43.7340249961856,-79.5583000031073,ALBION RD AT CALSTOCK DR (PX 1921),22392,WE
11763,43.663974683,-79.521801989,ANGLESEY BLVD AT THE KINGSWAY,4105,WE
11771,43.7440949990873,-79.2834570048202,BIRCHMOUNT RD AT MODERN RD (PX 2100),25791,EA
11797,43.685025923,-79.392854227,YONGE ST AT FARNHAM AVE & JACKES AVE,13897,SO
11815,43.818118035,-79.293830855,ARTILLERY ST AT MIDLAND AVE,12613,EA
11821,43.778950365,-79.29706728,BIRCHMOUNT RD AT CASS AVE,27469,EA
11826,43.786618784,-79.345354494,KINGSLAKE RD AT VAN HORNE AVE,5204,NO
11844,43.672637628,-79.416771921,DUPONT ST AT PALMERSTON AVE,22375,SO
11874,43.694915424,-79.297335427,DAWES RD AT GOODWOOD PARK CRT \ GOODWOOD PK CR,7405,SO
11876,43.704388451,-79.296423166,BETH ST AT DAWES RD,6276,SO
11879,43.683437186,-79.4602572,BRONOCO AVE AT ROGERS RD,8392,WE
11881,43.704421019,-79.3611337,KENRAE RD AT LAIRD DR,24158,SO
11884,43.707721369,-79.362469326,LAIRD DR AT MARKHAM AVE,9860,SO
11887,43.706118421,-79.361818086,LAIRD DR AT LEA AVE,10192,SO
11901,43.7933020002041,-79.2818810060596,HAVENDALE RD AT MIDLAND AVE (PX 2032),26266,EA
11904,43.708606964,-79.365439152,MCRAE DR AT SUTHERLAND DR,6049,SO
11905,43.691367996,-79.34955178,PAPE AVE AT TORRENS AVE,7593,SO
11913,43.709370893,-79.364424526,MCRAE DR AT RANDOLPH RD,6066,SO
11920,43.650760641,-79.359754933,MILL ST AT TRINITY ST,5202,SO
11921,43.70087628,-79.419121359,CHADWICK AVE AT GARDINER RD,676,SO
11930,43.656820989,-79.375666006,DUNDAS ST E AT  MUTUAL ST,9377,SO
11940,43.707683496,-79.38136447,BANFF RD AT SOUDAN AVE,1881,SO
11983,43.65754681,-79.456645438,CHELSEA AVE AT INDIAN RD,392,SO
11995,43.774999006,-79.404326778,MCKEE AVE AT WILLOWDALE AVE,17105,NO
11997,43.683589588,-79.346611669,ALDWYCH AVE AT PAPE AVENUE,7689,SO
11998,43.688027995,-79.329393766,MONARCH PARK AVE AT SAMMON AVE,1923,SO
12004,43.70447231,-79.366698648,MILLWOOD RD AT RUMSEY RD,3969,SO
12008,43.614727716,-79.531014662,BUTTERICK RD AT EVANS AVE,12467,WE
12014,43.721116091,-79.304109781,# 1800 O' CONNOR DR AT # 1801 / # 1815,10480,NO
12015,43.714278207,-79.305966813,AMSTERDAM AVE AT O CONNOR DR,9068,SO
12028,43.693172295,-79.314009584,CEDARVALE AVE AT LUMSDEN AVE,4628,SO
12039,43.6903910036825,-79.4480870054128,DUFFERIN ST AT GIBSON ST (PX 2151),15126,WE
12044,43.697331646,-79.499021649,PLATINUM DR AT TEDDER ST & TRETHEWEY DR,11484,NO
12046,43.723853699,-79.456903515,CARTWRIGHT AVE AT DUFFERIN ST,42880,NO
12047,43.6736880005021,-79.4118429942255,DUPONT ST AT HOWLAND AVE (PX 2086),35711,SO
12048,43.685302342,-79.349886355,CARLAW AVE AT MORTIMER AVE,6356,SO
12051,43.630805461,-79.491094851,LORNE AVE AT PARK LAWN RD,6502,WE
12053,43.624468318,-79.501827869,DALESFORD RD AT ROYAL YORK RD & SINCLAIR ST,16020,WE
12057,43.722605068,-79.242174479,BRIMLEY RD AT MANDARIN RD & MINERVA AVE,5209,EA
12060,43.760649996156,-79.358494999327,DUNCAN MILL RD AT LESMILL RD (PX 2465),20754,NO
12063,43.7527499994202,-79.2591899998106,LAWRENCE AVE AT 55M W OF MARCOS BLVD (PX 995),17075,EA
12074,43.733553119,-79.618221963,HUMBERLINE DR AT HUMBERWOOD BLVD,6222,WE
12085,43.6366709991584,-79.3967290001189,DAN LECKIE WAY AT QUEENS QUAY (PX 2417),5336,SO
12086,43.814218591,-79.259588993,MIDDLEFIELD RD AT RICHMOND PARK BLVD,27206,EA
12087,43.695049241,-79.263163191,BIRCHMOUNT RD AT HOLLIS AVE,4259,EA
12090,43.6519770036508,-79.421781003669,CHURCHILL AVE AT OSSINGTON AVE (PX 1937),6272,SO
12093,43.761787911,-79.322897744,NESS DR AT YORK MILLS RD,18384,NO
12100,43.695442887,-79.314997276,CEDARVALE AVE AT HOLBORNE AVE,361,SO
12104,43.697142833,-79.496627218,CHISWICK ST AT MILLENIUM DR & TRETHEWEY DR,5595,NO
12105,43.677437037,-79.356689701,ELLERBECK ST AT ERINDALE AVE & HURNDALE AVE,1866,SO
12115,43.672036961,-79.383579433,ASQUITH AVE AT CHURCH ST,9121,SO
12118,43.6659700004436,-79.3142699956561,EASTERN AVE AT 175M E OF COWELL & THEATRE ACESS (PX 1828),13625,SO
12119,43.672483882,-79.384937721,COLLIER ST AT PARK RD,6149,SO
12127,43.678212689,-79.357074185,ELLERBECK ST AT PLAYER CR & PRETORIA AVE,1303,SO
12128,43.7299289984098,-79.4583669953086,BILLY BISHOP WAY AT DUFFERIN ST (PX 1875),49869,NO
12129,43.7328399989189,-79.4553199980164,WILSON AVE AT 300M E OF DUFFERIN ST (PX 1874),32746,NO
12131,43.7666099962668,-79.185629997855,LING RD AT MORNINGSIDE AVE (PX 2171),11412,EA
12132,43.654261000196,-79.3653129946222,BEREKELY ST AT RICHMOND ST E (PX 1962),12937,SO
12133,43.652695711,-79.366208522,ADELAIDE ST AT ONTARIO ST,7981,SO
12140,43.767629161,-79.29225313,BIRCHMOUNT RD AT ROLARK DR,39400,EA
12157,43.6646859995011,-79.3957419987512,HOSKIN AVE AT TOWER RD (PX 839),6406,SO
12159,43.674558334,-79.5233815,COUNTRY CLUB DRIVE AT ROYAL YORK RD,9780,WE
12160,43.66595386,-79.519648765,ANGLESEY BLVD AT ROYAL YORK RD,30821,WE
12162,43.67834172,-79.584970224,GALAXY BLVD AT INTERNATIONAL BLVD,10440,WE
12168,43.6596659961961,-79.3331850006103,EASTERN AVE AT LARCHMOUNT AVE (PX 1857),10802,SO
12171,43.728470999665,-79.2848290024449,EGLINTON AVE AT PRUDHAM GT (PX 1872),38123,EA
12172,43.6174969995195,-79.4989199941718,NEWCASTLE ST AT ROYAL YORK RD (PX 1818),6913,WE
12173,43.647934889,-79.508909919,BLOOR ST W AT JACKSON AVE,13807,WE
12179,43.6409859988603,-79.4546540037769,PARKSIDE DR AT SPRING RD (PX 1806),26035,SO
12182,43.644085687,-79.427731044,GLADSTONE AVE AT PEEL AVE,3304,SO
12184,43.686558006,-79.413186358,HEATH ST AT WALMER RD,4445,WE
12190,43.6498189973908,-79.3703150018637,FRONT ST E AT GEORGE ST (PX 1845),7158,SO
12197,43.6601399987797,-79.3288499964458,LESLIE ST AT 50M S OF MOSLEY ST & LOBLAWS/TIM HORTONS (PX 1931),9968,SO
12200,43.7854440033442,-79.2671740043974,BRIMLEY RD AT 250M S OF SHEPPARD (PX 1749),11670,EA
12203,43.66799067,-79.309195412,LOCKWOOD RD AT QUEEN ST,5912,SO
12208,43.639738998954,-79.4409640056384,QUEEN ST W & SORAUREN AVE (PX 1745),14426,SO
12211,43.7596139989986,-79.412145999771,BEECROFT RD AT POYNTZ AVE (PX 1821),6353,NO
12212,43.6594600022959,-79.5135780034782,DUNDAS ST AT KINGSWAY MILLS PLAZA (PX 1852),34256,WE
12217,43.703656503,-79.400268448,BERWICK AVE AT DUPLEX AVE,9038,SO
12220,43.695828047,-79.376347605,LUMLEY AVE AT MOORE AVE,9687,SO
12223,43.715088251,-79.243950089,KINGSTON RD AT 2700 KINGSTON RD (RESTHAVEN MEMORIAL GARDENS),17857,EA
12224,43.7996499958194,-79.3033999955062,FINCH AVE AT 200M E OF BIRCHMOUNT RD (PX 1734),12302,EA
12225,43.6582050004151,-79.4529570055727,DUNDAS ST W AT 47M N OF CHELSEA & SHOPPERS DRUG MART (PX 1864),9236,SO
12226,43.6191919982797,-79.5260179942683,F G GARDINER EXPY W/B OFF RAMP AT KIPLING AVE (PX 1890),21851,WE
12229,43.7275869994423,-79.4494730037876,W R ALLEN RD AT HIGHWAY 401 OFF RAMP / YORKDALE RD (PX 1451),17264,NO
12230,43.7819390036536,-79.4781649983751,ALNESS ST AT FLINT RD (PX 1876),8910,NO
12234,43.722706502,-79.602284042,QUEENS PLATE DR AT TRIPLE CROWN AVE,4232,WE
12237,43.699483217,-79.32138976,O CONNOR DR AT WOODMOUNT AVE,17293,SO
12238,43.676840182,-79.402984186,DAVENPORT RD AT MACPHERSON AVE & POPLAR PLAINS RD,8431,SO
12239,43.698817867,-79.324486575,O CONNOR DR AT ROBLIN AVE,16818,SO
12257,43.7002019993318,-79.2760870003342,WARDEN AVE AT 75M N OF MACK AVE (PX 1839),5422,EA
12259,43.7000840007147,-79.2867289967291,DOLPHIN DR AT PHARMACY AVE (PX 1870),5118,EA
12260,43.670714649,-79.433176813,DOVERCOURT RD AT GEARY AVE,23237,SO
12261,43.648453372,-79.452379686,GRENADIER RD AT SUNNYSIDE AVE,1728,SO
12262,43.695882487,-79.319915217,COSBURN AVE AT WOODMOUNT AVE,5653,SO
12267,43.800915431,-79.226220793,BERNER TRAIL & MAMMOTH HALL TRAIL AT WASHBURN WAY,7036,EA
12268,43.7997709973245,-79.1967900062023,GRAND MARSHALL DR AT MILNER AVE (PX 1899),7349,EA
12270,43.742466451,-79.317089222,CURLEW DR AT RIALTO DR,5393,NO
12283,43.65908451,-79.546550454,HALIBURTON AVE & LLOYD MANOR RD & RATHBURN RD,13894,WE
12297,43.679037849,-79.310027645,CASSELS AVE AT WOODBINE AVE,8264,SO
12306,43.6708540000704,-79.475193996874,MONDOVI GT AT ST CLAIR AVE W (PX 2028),19935,SO
12374,43.695820025,-79.52058908,RAYMORE DR AT SCARLETT RD,8147,WE
12383,43.7789140022812,-79.2754560025611,EMBLEM CRT AT MIDLAND AVE (PX 2297),9922,EA
12405,43.660413026,-79.489028374,JANE ST AT ST MARKS RD,30347,SO
12411,43.8143919997269,-79.2867689940512,BRAMBLEBROOK AVE AT MCNICOLL AVE (PX 2230),24710,EA
12429,43.711124916,-79.307044536,TIAGO AVE AT WESTVIEW BLVD,1793,SO
12563,43.650100176,-79.369074034,FREDERICK ST AT FRONT ST E,8089,SO
12572,43.6507320014943,-79.3706929938249,GEORGE ST AT KING ST E (PX 1965),12425,SO
12575,43.651547585,-79.367050623,KING ST AT PRINCESS ST,3885,SO
12578,43.6521230042571,-79.3644120050482,BERKELEY ST AT KING ST E (PX 1966),4909,SO
12899,43.7301150005967,-79.5885579950476,MARTIN GROVE RD AT MILKWOOD AVE (PX 1959),9500,WE
12902,43.712659639,-79.56261167,# 71 REXDALE BLVD AT REXDALE BLVD,12546,WE
13036,43.71351685,-79.292496481,CAMILLA CRES AT PHARMACY AVE,10707,EA
13052,43.7927899991706,-79.3249799969181,CORINTHIAN BLVD N AT PHARMACY AVE & PINEMEADOW BLVD (PX 1465),15534,EA
13060,43.677520828,-79.358652346,BROADVIEW AVE AT ERINDALE AVE,5952,SO
13189,43.771500908,-79.365551495,OLD LESLIE ST AT SHEPPARD AVE E,47140,NO
13194,43.7697129961355,-79.3741989945265,BLUE RIDGE RD AT SHEPPARD AVE (PX 1956),81222,NO
13232,43.770447282,-79.383542833,BAYVIEW MEWS LANE AT HAWKSBURY DR,6520,NO
13363,43.669937347,-79.343709951,CARLAW AVE AT LANGLEY AVE,18166,SO
13448,43.683898958,-79.443054989,NORTHCLIFFE BLVD AT ROSECLIFFE AVE,1086,SO
13477,43.65687357,-79.454668675,DORVAL RD AT EDNA AVE,736,SO
13554,43.7321890022842,-79.6091540058706,HUMBER COLLEGE BLVD AT HUMBERLINE DR (PX 2009),17864,WE
13559,43.686034417,-79.443972136,NORTHCLIFFE BLVD AT ROGERS RD,6912,WE
13562,43.681748102,-79.442166492,CLOVERLAWN AVE AT NORTHCLIFFE BLVD,1434,WE
13804,43.77230323,-79.168882022,FLERIMAC RD AT LAWRENCE AVE & MORNING DEW RD,13990,EA
13868,43.7514979974856,-79.3130240052738,ROWENA DR AT VICTORIA PARK AVE (PX 2059),17016,NO
13871,43.8041629964154,-79.19015300546,CONLINS RD & SHEPPARD AVE (PX 2074),25048,EA
13904,43.63821000197,-79.4309160000355,KING ST AT SPENCER AVE (PX 1984),8207,SO
13986,43.791554999376,-79.3683880036825,LESLIE ST AT RAVEL RD (PX 1233),9906,NO
14277,43.650068729,-79.417070233,CRAWFORD ST AT DUNDAS ST,9270,SO
14542,43.6447750042429,-79.3850210041293,FRONT ST W AT LOWER SIMCOE ST & SIMCOE ST (PX 263),9587,SO
14544,43.665741036,-79.375519972,HOMEWOOD AVE AT MAITLAND PL,1542,SO
14545,43.641474184,-79.421655401,DOVERCOURT RD AT SUDBURY ST,3027,SO
14548,43.7152130019493,-79.4484079965227,BLOSSOMFIELD DR AT LAWRENCE AVE W (PX 1895),30983,NO
14661,43.7096150031789,-79.3906569979648,MOUNT PLEASANT RD AT ROEHAMPTON AVE (PX 1972),13461,SO
14746,43.7593100029256,-79.2277400026724,LAWRENCE AVE AT CEDARBRAE MALL E TCS & 245M W MARKHAM  (PX 1696),19539,EA
14863,43.697957382,-79.319406005,PLAINS RD AT REDNOR RD,545,SO
14878,43.777980494,-79.311206508,PALMDALE DR AT SHEPPARD AVE E,14543,EA
14883,43.7971150041476,-79.3051579939604,BIRCHMOUNT RD AT GLENDOWER CRCT & TIMBERBANK BLVD (PX 1165),12055,EA
14937,43.730907997879,-79.5994510042575,HUMBER COLLEGE BLVD AT WESTMORE DR (PX 2204),6526,WE
14944,43.76431897,-79.4765905,CHAMPAGNE DR AT CHESSWOOD DR,8464,NO
14947,43.674212624,-79.409447762,DUPONT ST AT KENDAL AVE,29759,SO
14966,43.646682004054,-79.40657499413,PALMERSTON AVE AT QUEEN ST W & TECUMSEH ST (PX 1969),9918,SO
14967,43.6469429956029,-79.4171359961641,LOBB AVE AT SHAW ST (PX 1970),3006,SO
14976,43.693924628,-79.310372894,LUMSDEN AVE AT OAK PARK AVE,5370,SO
14977,43.6936260028854,-79.3115700060289,GLEDHILL AVE AT LUMSDEN AVE (PX 2242),4880,SO
14978,43.6919750022645,-79.3182000007619,MORTIMER AVE AT WOODMOUNT AVE (PX 2179),5554,SO
14979,43.681008294,-79.357731144,BROADVIEW AVE AT BROWNING AVE,8811,SO
15523,43.664606662,-79.424155446,LEEDS ST AT SHAW ST,1079,SO
15856,43.673778577,-79.298171674,HAMBLY AVE AT WILLIAMSON RD,1284,SO
15994,43.6474740031553,-79.398656001358,BRANT ST AT RICHMOND ST (PX 2023),5033,SO
16007,43.6633960014903,-79.3097520034497,LAKE SHORE BLVD AT NORTHERN DANCER BLVD (PX 1811),25828,SO
16018,43.6936370011499,-79.3482519942155,O CONNOR DR AT RIVERCOURT BLVD (PX 2027),6187,SO
16021,43.684660168,-79.458703223,CALEDONIA RD AT CORBY AVE,7778,WE
16164,43.758485405,-79.4088912,AVONDALE AVE AT BALES AVE,15163,NO
16256,43.6637220040063,-79.3705199943825,CARLTON ST AT ONTARIO ST (PX 1992),4772,SO
16257,43.7711099976456,-79.5208999986981,JANE ST AT 360M N OF SHOREHAM DR (PX 1727),22639,NO
16267,43.692903996026,-79.5715310017814,MARTIN GROVE RD AT HIGHWAY 401 W/B OFF N OF REXDALE (PX 788),11757,WE
16272,43.68727147,-79.446820417,DUFFERIN ST AT EVERSFIELD RD,21794,WE
16274,43.647732818,-79.48807473,BLOOR ST W AT RIVERSIDE DR E,11315,SO
16283,43.711076641,-79.399316661,YONGE ST AT ERSKINE AVE & ROSELAWN AVE,13342,SO
16292,43.661451737,-79.492137222,BROOKSIDE AVE AT ST JOHNS RD,1071,SO
16318,43.684716613,-79.449288526,BOON AVE AT ROGERS RD,13972,SO
16322,43.6879389979642,-79.2870019956783,MUSGRAVE ST AT VICTORIA PARK AVE (PX 1846),23076,SO
16323,43.6630249967201,-79.420913996364,BLOOR ST AT MONTROSE AVE (PX 1928),31835,SO
16337,43.692612785,-79.302369515,BARRINGTON AVE AT SECORD AVE,2898,SO
16352,43.656575547,-79.541777501,BYWOOD DR AT KIPLING AVE,11925,WE
16356,43.65360287,-79.432969225,DUFFEREIN ST AT LINDSEY AVE,9100,SO
16357,43.6388389991373,-79.4006489981259,BATHURST ST AT FORT YORK BLVD (PX 1919),67306,SO
16358,43.6363920025998,-79.4068410049153,FLEET ST AT FORT YORK BLVD (PX 1918),6800,SO
16359,43.6354799958712,-79.4067140049086,FORT YORK BLVD AT LAKE SHORE BLVD (PX 1917),23934,SO
16360,43.652848804,-79.431080519,COLLEGE ST AT GLADSTONE AVE,24226,SO
16365,43.715568003582,-79.5685320049904,KIPLING AVE AT REDWATER DR (PX 2205),23678,WE
16485,43.7330130022597,-79.3467249942922,OVERLAND DR AT THE DONWAY W (PX 2193),5603,NO
16487,43.71236097,-79.490155818,CULFORD RD AT MAPLE LEAF DR,12618,NO
16654,43.660391961,-79.432916879,BARTLETT AVE AT BLOOR ST W,9346,SO
16655,43.666397711,-79.435398841,BARTLETT AVE AT HALLAM ST,2670,SO
16674,43.66666512,-79.434151817,HALLAM AVE AT SALEM AVE,3523,SO
16679,43.7337219978,-79.6067180017665,FINCH AVE W AT HALSIA DR & WOODBINE DOWNS BLVD (PX 1848),9076,WE
16751,43.6646469973458,-79.380520000509,CHURCH ST AT MAITLAND ST (PX 2016),8243,SO
16758,43.710731289,-79.444517266,GLENGROVE AVE AT MARLEE AVE,34929,NO
20249,43.739389009,-79.566341083,ISLINGTON AVE AT WARDLAW CRES,13223,WE
20266,43.711444319,-79.380556443,BRUCE PARK AVE AT ROEHAMPTON AVE,3190,SO
20279,43.736400698,-79.449222406,GOODWILL AVE AT WILSON HEIGHTS BLVD,7573,NO
20286,43.642718016,-79.415508373,ADELAIDE ST AT SHAW ST,3865,SO
20296,43.738156873,-79.565744886,BARKWIN DR AT ISLINGTON AVE,13090,WE
20301,43.665926056,-79.336431761,BERTMOUNT AVE AT DUNDAS ST E,7423,SO
20302,43.616107002455,-79.5569600030032,NORTH QUEEN ST AT NOVA RD (PX 1927),20634,WE
20350,43.6130879994157,-79.5523459974029,SHERWAY GARDENS RD AT F G GARDINER EXPY W/B OFF RAMP (PX 1871),9465,WE
20372,43.640643358,-79.414707178,DOURO ST AT SHAW ST,4339,SO
20429,43.669203866,-79.435202406,DUPONT ST AT SALEM AVE,10458,SO
20431,43.68624846,-79.446422517,BLOEM AVE AT DUFFERIN ST,11951,WE
20470,43.723731057,-79.408794976,GREER RD AT LAWRENCE AVE,37483,SO
20473,43.6406499970118,-79.5819969948518,BURNHAMTHORPE RD AT OLD BURNHAMTHORPE RD (PX 1887),30169,WE
20494,43.8001100017694,-79.144370996622,KINGSTON RD AT HIGHWAY 401 W/B OFF RAMP (PX 1387),32971,EA
20496,43.6188500025467,-79.5362500004988,THE QUEENSWAY AT 60M W OF ALGIE AVE & IKEA ENT (PX 1892),17371,WE
20497,43.8136400021925,-79.3404799975079,VICTORIA PARK AVE AT 237M S OF STEELES AVE & SPRINT ENT (PX 1830),11616,NO
20499,43.6231900027932,-79.5167700018425,THE QUEENSWAY AT 150M W OF ISLINGTON AVE & THEATRE ENT (PX 1863),15312,WE
20558,43.698142429,-79.399476544,CHAPLIN CRES AT COLIN AVE,7484,SO
20856,43.708651611,-79.401040814,DUPLEX AVE AT HELENDALE AVE,6728,SO
20861,43.707760338,-79.400839076,DUPLEX AVE AT ORCHARD VIEW BLVD,16018,SO
20868,43.709860621,-79.404285399,EDITH DR AT ROSELAWN AVE,9725,SO
20875,43.6719150002595,-79.3790679993581,BLOOR ST E AT HUNTLEY ST (PX 2026),45508,SO
20883,43.709169171,-79.401061652,DUPLEX AVE AT MONTGOMERY AVE,8255,SO
20884,43.707240471,-79.403313474,EDITH DR AT ORCHARD VIEW BLVD,2788,SO
20891,43.7099210000935,-79.2693260034955,BIRCHMOUNT RD AT NEWLANDS AVE (PX 2012),15952,EA
21008,43.673500123,-79.384069685,PARK RD AT ROSEDALE VALLEY RD,26654,SO
21173,43.732998548,-79.404221348,MELROSE AVE / TEDDINGTON PK AVE AT YONGE ST,41924,SO
21185,43.688803816,-79.428316614,HUMEWOOD DR AT VAUGHAN RD,12822,WE
21186,43.640359909,-79.379136916,QUEENS QUAY AT 100M E OF YORK ST & WATERPARK PL,6789,SO
21505,43.640758313,-79.411469512,DOURO ST AT STRACHAN AVE & WELLINGTON ST W,19607,SO
21666,43.6022610022105,-79.4984989962671,FIRST ST AT LAKE SHORE BLVD W (PX 2004),7130,WE
21928,43.647078107,-79.423816227,DOVERCOURT RD AT FOXLEY ST,3098,SO
21933,43.784389999704,-79.4166600032035,YONGE ST AT 280M S OF CUMMER AVE & # 5791 - 5800 YONGE (PX 2177),50237,NO
21959,43.7252189994811,-79.3259809953633,WYNFORD DR AT RAMP EGLINTON AVE W/B NTCS (PX 1463),9120,NO
22428,43.688271122,-79.39883331,DEER PARK CRES AT DELISLE AVE,2384,SO
22435,43.697297513,-79.403013374,FROBISHER AVE AT ORIOLE PKWY,8406,SO
22436,43.690784199,-79.39506256,LAWTON BLVD AT YONGE ST,13622,SO
22437,43.687133004,-79.393705219,PLEASANT BLVD AT YONGE ST,10773,SO
22438,43.689132066,-79.394567687,DELISLE AVE AT YONGE ST,12413,SO
22573,43.6513290038615,-79.3573920030818,CHERRY ST AT MILL ST (PX 2246),12978,SO
22620,43.7674100042081,-79.3849849941532,BARBERRY PL AT SHEPPARD AVE E (PX 1913),67573,NO
22621,43.640209229,-79.542514424,BLOOR ST W AT POPLAR AVE,14042,WE
22646,43.72255600269,-79.5004760028768,WILLIAM CRAGG DR AT WILSON AVE (PX 2372),28489,NO
22647,43.77528101,-79.250256342,BUSHBY DR AT GRANGEWAY AVE,10598,EA
22648,43.669254328,-79.314095886,DUNDAS ST AT MAUGHAN (E) CRES,4478,SO
22668,43.689087957,-79.424769925,CLAXTON BLVD AT CONNAUGHT CIR,1125,WE
22693,43.676232971,-79.380671875,MOUNT PLEASANT RD AT SOUTH DR,12290,SO
22714,43.686328439,-79.414275141,HEATH ST W AT TWEEDSMUIR AVE,4396,WE
22723,43.7278600044433,-79.3835600002368,LAWRENCE AVE AT 135M W OF BAYVIEW & TOR FRENCH SCHOOL (PX 1948),12501,NO
22724,43.674754173,-79.472781758,GLEN SCARLETT RD AT GUNNS RD,3791,SO
22728,43.8107800021234,-79.242929996556,# 2240 MARKHAM RD 250 M S OF FINCH AVE (PX 1926),19680,EA
22730,43.665124093,-79.45415891,DUPONT ST AT FRANKLIN AVE,9405,SO
22733,43.751680589,-79.49565768,GRANDRAVINE DR AT SENTINEL RD,9929,NO
22734,43.654360034,-79.540821817,KIPLING AVE AT WINGROVE HILL,11324,WE
22735,43.659779506,-79.447748066,CAMPBELL AVE AT PATON RD,298,SO
22744,43.672211339,-79.307215553,NORWAY AVE AT WOODBINE AVE,37211,SO
22750,43.6526579988339,-79.3579909938918,CHERRY ST AT FRONT ST E (PX 2245),10839,SO
22752,43.6808940012644,-79.5660670022624,LONGBOURNE DR AT MARTIN GROVE RD (PX 2055),18865,WE
22753,43.6451819956702,-79.3654219953393,LOWER SHERBOURNE ST AT QUEENS QUAY E AND DOCKSIDE DR (PX 2351),5575,SO
22758,43.700730705,-79.448245733,LOCKSLEY AVE AT ROSELAWN AVE,7181,WE
22810,43.7882400042861,-79.4653700060573,STEELES AVE AT 185M W OF HIDDEN TRAIL & AVENTIS PHARM (PX 1915),23411,EA
23149,43.68502724,-79.400841057,AVENUE RD AT FOXBAR RD,19512,SO
23204,43.6845839971188,-79.2973039942233,GERRARD ST E AT OSBORNE AVE & TED REEVE DR (PX 2241),19905,SO
23209,43.643341418,-79.41245444,ADELAIDE ST AT STRACHAN AVE,4279,SO
23213,43.637460417,-79.434725446,CLOSE AVE AT KING ST W,8156,SO
23214,43.7408600032931,-79.3574330021077,LESLIE ST AT TALWOOD DR N (PX 736),15341,NO
23230,43.694578774,-79.297328686,DAWES RD AT GOODWOOD PARK CRES,13873,SO
23247,43.706428949,-79.465308981,CALEDONIA RD AT GLENGROVE AVE,10206,NO
23331,43.701200791,-79.446098086,ROSELAWN AVE AT TIMES RD,13061,WE
23335,43.677989016,-79.435265101,OAKWOOD AVE AT ROSEMOUNT AVE,12959,SO
23344,43.675878105,-79.343610956,PAPE AVE AT STRATHCONA AVE,4793,SO
23368,43.7208919958903,-79.3496449983498,# 1101 LESLIE ST AT 430M N OF EGLINTON AVE (PX 2219),18957,NO
23369,43.7480349970601,-79.6287709990799,ALBION RD AT STEINWAY BLVD (PX 2037),23470,WE
23370,43.69973139,-79.547975883,ISLINGTON AVE AT KINGSVIEW BLVD,17945,WE
23371,43.686769737,-79.400732835,FOXBAR RD AT ST CLAIR AVE,10010,SO
23402,43.666319865,-79.559485739,MARTIN GROVE RD AT PRINCESS MARGARET BLVD,6342,WE
23506,43.683415969,-79.400168894,AVENUE RD AT CLARENDON AVE,39063,SO
23507,43.682814405,-79.405158569,CLARENDON AVE AT WARREN RD,4547,SO
23509,43.685716067,-79.40112639,AVENUE RD AT LYNWOOD AVE,21664,SO
23510,43.680766541,-79.399065448,AVENUE RD AT POPLAR PLAINS CRES,18996,SO
23511,43.659195954,-79.483910426,ANNETTE ST AT WINDERMERE AVE,4820,SO
23698,43.654826024,-79.363037515,POWER ST AT RICHMOND ST,10377,SO
23874,43.70131708,-79.40986222,COLLEGE VIEW AVE AT ELMSTHORPE AVE SOUTH INT,517,SO
23875,43.6303770042702,-79.549820004755,DUNDAS ST W AT EAST MALL CRES (PX 915),70649,WE
23945,43.774097999825,-79.4124750019453,CHURCH AVE AT DORIS AVE (PX 1977),31669,NO
23947,43.7229729999885,-79.6011030048855,JANDA CRT AT QUEENS PLATE DR (PX 2054),5639,WE
23949,43.61012618,-79.556903588,SHERWAY GT AT SHERWAY GARDENS ACCESS,6474,WE
23968,43.706903864,-79.409967224,AVENUE RD AT ELWOOD BLVD,32680,SO
23970,43.683370501,-79.30284515,GERRARD ST E AT NORWOOD RD,9233,SO
23972,43.742602208,-79.357797641,LESLIE ST AT RIPPLETON RD,55144,NO
23973,43.7990010040156,-79.2023019954081,MILNER AVE AT MURISON BLVD (PX 1942),9672,EA
23977,43.7167169978421,-79.3780919950708,BAYVIEW AVE AT KILGOR RD & CNIB ENTRANCE (PX 1995),42092,NO
23978,43.638494766,-79.419575661,EAST LIBERTY ST AT HANNA AVE & LIBERTY ST,5247,SO
23979,43.695720266,-79.329828955,LANKIN BLVD AT PLAINS RD,1740,SO
24079,43.688410515,-79.425584788,CONNAUGHT CIR AT VAUGHAN RD & WYCHWOOD AVE,6498,WE
24181,43.6404139966125,-79.3889219993672,BREMNER BLVD AT VAN DE WATER CRES EAST LEG (PX 1990),5627,SO
24187,43.731133264,-79.607764772,HUMBER COLLEGE BLVD AT WINDWOOD DR,9566,WE
24196,43.617139998254,-79.5434699988784,THE QUEENSWAY AT 240M E OF THE EAST MALL (PX 1939),23856,WE
24198,43.642412041,-79.410143273,KING ST AT STANLEY TER,21473,SO
24200,43.7530000017461,-79.6251280061767,SIGNAL HILL AVE AT STEELES AVE & 407 ETR OFFICE (PX 1980),14223,WE
24210,43.6032080024202,-79.5385390012383,BETA ST AT HORNER AVE (PX 1957),5905,WE
24215,43.638778551,-79.448422399,SUNNYSIDE AVE AT THE QUEENSWAY,13154,SO
24252,43.645491859,-79.433918932,BROCK AVE AT FLORENCE ST,2327,SO
24253,43.663518086,-79.43419779,BARTLETT AVE AT SHANLEY ST,1796,SO
24256,43.645965955,-79.430037283,DUFFERIN ST AT FLORENCE ST,21740,SO
24295,43.646970245,-79.439153252,LANSDOWNE AVE AT RIDEAU AVE,18220,SO
24296,43.680556004236,-79.3909869992178,SCRIVENER SQ AT YONGE ST (PX 1945),14835,SO
24612,43.6407459991234,-79.3914949958035,BREMNER BLVD AT NAVY WHARF CRT (PX 2096),8345,SO
24614,43.643844864,-79.442541671,GALLEY AVE AT SORAUREN AVE,3904,SO
24620,43.693859682,-79.338492219,GREENWOOD AVE AT PLAINS RD,3659,SO
24666,43.7473099961937,-79.5644150019971,FINCH AVE AT MILADY RD (PX 2333),32135,NO
24667,43.669391559,-79.346145778,LANGLEY AVE AT LOGAN AVE,3528,SO
24681,43.699911903,-79.440145317,MARLEE AVE AT WHITMORE AVE S,5909,WE
24682,43.6477090003301,-79.401412997249, PORTLAND ST AT QUEEN ST W (PX 2088),13118,SO
24761,43.638745,-79.4171,EAST LIBERTY ST AT LYNN WILLIAMS ST,4861,SO
24765,43.8068899959199,-79.3103709942756,BIRCHMOUNT RD AT STALEY TER (PX 2165),21394,EA
24766,43.659768563,-79.424790494,HEPBOURNE ST AT OSSINGTON AVE,17165,SO
24768,43.725358004481,-79.2760299983148,BIRCHMOUNT RD AT CHELWOOD RD (PX 2166),16389,EA
24770,43.693707366,-79.482245618,PAULSON RD AT TRETHEWEY DR,8325,WE
24830,43.64782083,-79.424114754,DOVERCOURT RD AT MACKENZIE CRES,2839,SO
24878,43.6392840009529,-79.4108700033671,EAST LIBERTY ST AT ORDNANCE ST & STRACHAN AVE (PX 2180),21575,SO
24918,43.6875340003992,-79.3481060020428,FLOYD AVE AT PAPE AVE (PX 2001),16869,SO
24919,43.754937951,-79.441404164,HOVE ST AT SHEPPARD AVE,16035,NO
24920,43.6692620040086,-79.3035179953529,ELMER AVE AT QUEEN ST E (PX 2056),19433,SO
25111,43.72051474,-79.59444969,HARNESS RD AT QUEENS PLATE DR,10900,WE
25113,43.676979416,-79.524316303,NORTH DR AT ROYAL YORK RD,10225,WE
25114,43.723654417,-79.619944,HULLRICK DR AT HUMBERWOOD BLVD,4631,WE
25115,43.651583679,-79.489796578,CATHERINE ST AT OLD MILL DR,1762,SO
25116,43.641644252,-79.391904424,BLUE JAYS WAY AT NAVY WHARF CRT,11035,SO
25371,43.715207887,-79.49085632,CULFORD RD AT RUSTIC RD,3627,NO
25487,43.682523241,-79.433608013,GLENHURST AVE AT WINONA DR,1589,WE
25688,43.6414290043674,-79.3988459978022,FRONT ST AT PORTLAND ST (PX 2316),11974,SO
25691,43.7560629981219,-79.3146149992435,COMBERMERE DR AT VICTORIA PARK AVE (PX 2344),19098,NO
25723,43.714891866,-79.312453789,BERMONDSEY RD AT NORTHLINE RD,13111,SO
25913,43.6975100002701,-79.5449199982634,DIXON RD AT 65M W OF MCARTHUR ST & LOBLAWS (PX 1900),26250,WE
25914,43.6682009963018,-79.4870399999592,MOULD AVE AT ST CLAIR AVE W (PX 2024),22873,WE
25916,43.7155000022199,-79.5552799951644,ISLINGTON AVE AT 170M S OF BERGAMOT AVE & REXDALE PLAZA (PX 2018),12797,WE
25918,43.7838389995032,-79.4701490019949,DUFFERIN ST AT GERRY FITZGERALD DR & ENVIRONMENT CANADA (PX 1777),18035,NO
25919,43.737340225,-79.529729439,ARROW RD AT BARTOR RD,6689,NO
25921,43.7878130035146,-79.1906189956197,MILITARY TRL AT PAN AM DR (PX 2003),14993,EA
25922,43.7732769991522,-79.251751000216,MCCOWAN RD AT 120M N OF ELLESMERE RD & PVT DRIVEWAY(PX 2021),37712,EA
25923,43.6308699997213,-79.4820700031859,THE QUEENSWAY AT 80M E OF HIGH ST & HUMBER TREATMENT PT (PX 2005),56256,WE
25971,43.7133945,-79.445598919,MARLEE AVE AT WENDERLY AVE,24138,NO
25973,43.6494059998826,-79.5687070029829,HOLIDAY DR AT THE WEST MALL (PX 2215),5679,WE
25979,43.664263892,-79.45777891,DUNDAS ST W AT DUPONT ST,10553,SO
25981,43.6694059966214,-79.5915810043781,RENFORTH DR AT HIGHWAY 401 W/B ON-RAMP (PX 2396),38120,WE
25993,43.662337707,-79.453006709,FRANKLIN AVE AT RUSKIN AVE,578,SO
25994,43.657585718,-79.438581359,BROCK AVE AT CROATIA ST,6899,SO
25999,43.729354901,-79.328399475,CONCORDE GT AT CONCORDE PL,4055,NO
26001,43.695657665,-79.339205579,GREENWOOD AVE AT OCONNOR DR,19961,SO
26007,43.719375974,-79.327779065,LINKWOOD LANE AT ST DENNIS DR,17162,NO
26008,43.668389421,-79.402020497,HURON ST AT PRINCE ARTHUR AVE,1762,SO
26148,43.637593633,-79.424139148,LIBERTY ST AT FRASER AVE,4811,SO
26150,43.638308393,-79.420575138,ATLANTIC AVE AT LIBERTY ST,11073,SO
26151,43.70234255,-79.410257794,COLLEGE VIEW AVE AT ELMSTHORPE AVE NORTH INT,746,SO
26198,43.615026271,-79.497909096,CAVELL AVE AT ROYAL YORK RD,16991,WE
26218,43.633678783,-79.431743821,DUNN AVE AT SPRINGHURST AVE,10360,SO
26226,43.641408149,-79.40446183,NIAGARA ST AT TECUMSETH ST,2515,SO
26227,43.642459162,-79.399241063,NIAGARA ST AT PORTLAND ST,3661,SO
26326,43.666160681,-79.352911071,BROADVIEW AVE AT JACK LAYTON WAY AND SIMPSON AVE,6554,SO
26328,43.691914214,-79.322678411,BINSWOOD AVE AT DUNKIRK RD,346,SO
26339,43.672146601,-79.289930248,BALSAM AVE AT QUEEN ST,7563,SO
26348,43.720200115,-79.482120227,ERIE ST AT FALSTAFF AVE,2660,NO
26351,43.733796733,-79.339933588,THE DONWAY E AT GREENLAND RD,4897,NO
26353,43.7195660028166,-79.4686309946463,BENTWORTH AVE AT CALEDONIA RD (PX 2063),20444,NO
26354,43.706317242,-79.295419563,DAWES RD AT FERRIS RD,5097,SO
26358,43.773498419,-79.346462184,DON MILLS RD AT GEORGE HENRY BLVD,38210,NO
26360,43.703091175,-79.363218605,MILLWOOD RD AT RANDOLPH RD,4276,SO
26362,43.643016998,-79.424798449,BEACONSFIELD AVE AT QUEEN ST,17384,SO
26438,43.647275271,-79.555583803,BURNHAMTHORPE RD AT LAUREL AVE,7090,WE
26568,43.716575051,-79.330378573,DEAUVILLE LANE AT GRENOBLE DR,8673,NO
26664,43.641514004,-79.522093467,ISLINGTON AVE AT VAN DUSEN BLVD,50686,WE
26672,43.752764206,-79.326441632,CASSANDRA BLVD AT UNDERHILL DR,13403,NO
26752,43.66211701,-79.335334712,CAROLINE AVE AT QUEEN ST E,5993,SO
26754,43.66011991,-79.331152069,EASTERN AVE AT RUSHBROOKE AVE,6361,SO
26814,43.633972215,-79.430381538,COWAN AVE AT SPRINGHURST AVE,2577,SO
26865,43.659320303,-79.411509175,PALMERSTON BLVD AT ULSTER ST,2057,SO
26875,43.7465899977114,-79.4601800005236,W R ALLEN RD AT 510M S OF SHEPPARD & WILSON SUBWAY PKG (PX 1985),27742,NO
26876,43.73880839,-79.589906608,FINCH AVE W AT KENDLETON DR,20264,WE
26877,43.759789367,-79.418763141,PEWTER RD AT SHEPPARD AVE,13931,NO
26878,43.667597485,-79.414783298,BARTON AVE AT PALMERSTON AVE,1662,SO
26985,43.71059078,-79.393897576,BROADWAY AVE AT REDPATH AVE,12597,SO
27053,43.665496783,-79.452424022,DUPONT ST AT PERTH AVE,9654,SO
27054,43.65594433,-79.454272856,BLOOR ST AT DORVAL RD,10179,SO
27084,43.7085489979766,-79.3627940045417,COMMERCIAL RD AT LAIRD DR (PX 2220),25788,SO
27194,43.733486081,-79.364949931,LAWRENCE AVE E AT THE BRIDLE PATH,18144,NO
27196,43.690643088,-79.276580563,CLONMORE DR AT QUEENSBURY AVE,5338,EA
27197,43.682510071,-79.340351325,BALTIC AVE AT DEWHURST BLVD,399,SO
27199,43.647885371,-79.526892801,CENTRAL PARK RDWY AT CORDOVA AVE - WEST INTERSECTION,6042,WE
27223,43.614200763,-79.533309128,BELLMAN AVE AT EVANS AVE,33194,WE
27224,43.64303599661,-79.5308149985989,BLOOR ST AT RESURRECTION RD & POLICE STATION (PX 1069),12331,WE
27226,43.666739771,-79.314850871,EASTERN AVE AT QUEEN ST E (WEST LEG),5996,SO
27227,43.711366472,-79.432729422,DALEMOUNT AVE AT GLENCAIRN AVE,5698,NO
27300,43.7206860022163,-79.2887890031187,COMSTOCK RD AT LEBOVIC AVE (PX 1941),13292,EA
27311,43.7328620017213,-79.2789020006699,ASHTONBEE RD AT BIRCHMOUNT RD (PX 1996),11634,EA
27312,43.6235597,-79.53584229,NORTH QUEEN ST AT VANSCO RD,6393,WE
27574,43.7465179968088,-79.2310730035944,BELLAMY RD N AT NELSON ST (PX 2052),6341,EA
27578,43.80921008,-79.308781252,MCNICOLL AVE AT MORBANK DR,15076,EA
27579,43.640599717,-79.42800629,DUFFERIN ST AT MELBOURNE AVE,12653,SO
27660,43.6628249992501,-79.3797550055708,CHURCH ST AT WOOD ST (PX 2036),17510,SO
27695,43.7569700034808,-79.2456200043918,MCCOWAN ROAD AT 180M N OF LAWRENCE AVE SCARBOROUGH GEN (PX 2006),29923,EA
27805,43.739673629,-79.346524868,DUNCAIRN ROAD AT THE DONWAY W,4244,NO
27806,43.664569597,-79.456593275,DUPONT ST AT OSLER ST,10684,SO
27811,43.6935570012708,-79.5986559989355,CARLINGVIEW DR AT WORCHESTER ROAD (PX 2203),5740,WE
27812,43.653850637,-79.441142518,LANSDOWNE AVE AT WHYTOCK AVE,6281,SO
27822,43.710950113,-79.299355393,ADAIR ROAD AT GLENBURN AVE,303,SO
27826,43.662770065,-79.427255326,CONCORD AVE AT NORTHUMBERLAND ST,631,SO
27828,43.674184808,-79.423628453,HECTOR AVE AT MELITA AVE,370,SO
27830,43.669141628,-79.426017544,SHAW ST AT YARMOUTH ROAD,2434,SO
27832,43.666401217,-79.424873411,PENDRITH ST  AT SHAW ST,3636,SO
27836,43.668446337,-79.425728858,HALLAM ST AT SHAW ST,1501,SO
27900,43.699994071,-79.404099066,ORIOLE PKWY AT TRANMER AVE,17249,SO
27964,43.717803624,-79.403537448,DUPLEX AVE AT GLENCAIRN AVE,5396,SO
27966,43.8241659981817,-79.3050830008889,REDLEA AVE AT STEELES AVE (PX 2033),61738,EA
27967,43.699748328,-79.389640209,ACACIA RD AT DAVISVILLE AVE,7850,SO
28004,43.7853499978604,-79.4783499987092,STEELES AVE AT 200M E OF ALNESS ST & HOME DEPOT ENT (PX 2038),40417,EA
28047,43.8358790040675,-79.2543360016672,STEELES AVE AT 260M  W OF MARKHAM RD  AND MARYDALE AVE (PX 2161),12564,EA
28052,43.644954609,-79.397647079,BRANT ST AT KING ST,13464,SO
28053,43.696826841,-79.315653336,CEDARVALE AV AT COSBURN AV,3602,SO
28056,43.8410600044062,-79.2321980040971,STAINES RD AT STEELES AVE (PX 1954),10915,EA
28059,43.672826149,-79.304967762,ELMER AVE AT NORWAY AVE - SOUTH INTERSECTION,941,SO
28088,43.734215372,-79.222119987,KINGSTON RD AT MASON RD AND WHITECAP BLVD,19442,EA
28091,43.741154837,-79.214469674,BRINLOOR BLVD AT KINGSTON RD,39012,EA
28099,43.687452575,-79.283971835,BLANTYRE AV AT GERRARD ST,9493,EA
28149,43.684203912,-79.276100796,KINGSTON RD AT WOOD GLEN RD,12227,EA
28150,43.795125192,-79.394227227,BAYVIEW AVE AT BOWAN CRT & GLENELIA AV,17741,NO
28258,43.651451039,-79.418941662,HARRISON ST AT SHAW ST,1285,SO
28270,43.673576517,-79.305240711,ELMER AVE AT NORWAY AVE N INTERSECTION,1100,SO
28271,43.668742275,-79.38616027,CHARLES ST W AT YONGE ST,6856,SO
28280,43.69629654,-79.351482763,HOPEDALE AV AT MINTON PL,229,SO
28341,43.6819729999164,-79.39155499874,YONGE ST AT SHAFTESBURY AVE (PX 45),13905,SO
28343,43.6316229981203,-79.4272779992321,BRITISH COLUMBIA RD AT YUKON PL (PX 1993),5526,SO
28404,43.593099826,-79.539402059,BROWNS LINE AT LAKE SHORE BLVD & THIRTY EIGHTH ST,11744,WE
28409,43.696047096,-79.350324044,PAPE AV AT PEPLER AV,6532,SO
28413,43.67988078,-79.334969675,BYRON AVE AT CHATHAM AVE,635,SO
28416,43.655548243,-79.430468154,DEWSON ST AT HAVELOCK ST,2847,SO
28422,43.65671563,-79.424943639,CONCORD AV AT DEWSON ST,1473,SO
28433,43.7773299988984,-79.2612800039456,PROGRESS AVE AT 290M E OF BRIMLEY RD & MALL ACCESS (PX 2029),26776,EA
28460,43.672993016,-79.40214047,BERNARD AV AT ST GEORGE ST,5297,SO
28463,43.658205831,-79.452957387,CHELSEA AVE AT DUNDAS ST W,9717,SO
28465,43.679561565,-79.409025415,CASTLE VIEW AVE AT SPADINA RD,7162,SO
28466,43.726681571,-79.406445686,BEDFORD PARK AV AT JEDBURGH RD,4550,SO
28467,43.7459620000778,-79.5410950059697,HABITANT DR AT WESTON RD (PX 2121),12495,NO
28470,43.683927659,-79.333418937,GLEBEHOLME BLVD AT GREENWOOD AVE,5460,SO
28498,43.8199719968793,-79.298104999997,PASSMORE AV AT SILVER STAR BLVD (PX 2049),23858,EA
28533,43.7285619983663,-79.4825270051618,KEELE ST AT VICTORY DR (PX 2283),56009,NO
28603,43.682695177,-79.348909589,BROWNING AVE AT CARLAW AVE,1681,SO
28773,43.667883046,-79.345519056,LOGAN AVE AT SIMPSON AVE,5369,SO
28802,43.659222668,-79.443045433,LANSDOWNE AVE AT WADE AV,6874,SO
28856,43.7096840000494,-79.5346020054103,CARDELL AVE AT WESTON RD (PX 2067),12650,NO
28857,43.7360440033782,-79.2587739954065,GILDER DR AT LORD ROBERTS DR & MIDLAND AVE (PX 2068),26536,EA
28864,43.7801799990919,-79.3018500016219,SHEPPARD AVE AT 115M W OF AMETHYST RD (PX 2030),11854,EA
28865,43.7443400006668,-79.4888300031609,SHEPPARD AVE AT 215M W OF KEELE ST (PX 1666),12087,NO
28866,43.7981000026757,-79.3099400011101,FINCH AVE AT 190M E OF BRIDLETOWNE CRCL  (PX 1741),13779,EA
28950,43.731376003883,-79.3000209981597,BISCAYNE BLVD AT PHARMACY AVE & SINGLETON RD (PX 2229),22564,EA
28951,43.652650818,-79.563226631,CAPRI RD AT THE EAST MALL,16119,WE
28953,43.686208201,-79.289697419,DENGATE RD AT GERRARD ST & SCARBOROUGH RD,36699,SO
28954,43.7991799975123,-79.3169400027544,WARDEN AVE AT 273M N OF FINCH AVE (PX 2047),20029,EA
28955,43.639466162,-79.424840138,FRASER AVE AT KING ST,6706,WE
28957,43.6397230017674,-79.4235529968624,JOE SHUSTER WAY AT KING ST (PX 2081),8437,SO
28958,43.8230340001203,-79.2301419968482,MORNINGSIDE AVE AT NEILSON RD & NIGHTSTAR RD (PX 2045),21160,EA
28962,43.619831977,-79.56224374,THE WEST MALL AT WAULRON ST,24053,WE
28966,43.68313586,-79.351284147,FULTON AVE AT LOGAN AVE,1629,SO
28971,43.639131673,-79.570637315,RENFORTH DR AT TOLEDO RD,3648,WE
28975,43.671129675,-79.346859518,LOGAN AVE AT WITHROW AVE,3872,SO
28979,43.692326572,-79.35497464,BEECHWOOD CRES AT OCONNOR DR,5590,SO
28980,43.703281739,-79.549568071,ISLINGTON AVE AT ST GEORGE BLVD,37085,WE
28985,43.707813085,-79.376005237,BAYVIEW AVE AT HILLSDALE AVE,10520,SO
28996,43.699394056,-79.386333025,BALLIOL ST AT MT PLEASANT RD,17661,SO
29000,43.73788152,-79.429418043,ALLARD AVE AT WILSON AVE,35716,NO
29001,43.72383245,-79.525723834,CLAYSON RD AT HUXLEY RD,1495,NO
29002,43.728759656,-79.525295818,BARTOR RD AT CLAYSON (N) RD,2158,NO
29009,43.687969853,-79.350872223,CARLAW AVE AT GOWAN AVE,797,SO
29059,43.691663419,-79.33045768,MEMORIAL PARK AVE AT ROOSEVELT RD,797,SO
29061,43.656506336,-79.397474306,CECIL ST AT HURON ST,1701,SO
29079,43.6658680040818,-79.3573540054045,BAYVIEW AVE AT RIVER ST (PX 177),24645,SO
29224,43.682316392,-79.350989357,BROWNING AVE AT LOGAN AVE,1446,SO
29244,43.713785816,-79.392200477,KEEWATIN AVE AT MOUNT PLEASANT RD,10474,SO
29245,43.705179722,-79.388933955,HILLSDALE AVE AT MOUNT PLEASANT RD,12687,SO
29501,43.687053059,-79.350534673,CARLAW AVE AT FLOYD AVE,624,SO
29502,43.683548858,-79.349228671,CARLAW AVE AT FULTON AVE,1283,SO
29507,43.7386810023245,-79.2812540040724,BIRCHMOUNT RD AT RANSTONE GDNS (PX 2093),26236,EA
29513,43.735710835,-79.442029924,DELAHAYE ST AT WILSON AVE,13374,NO
29514,43.6263029966745,-79.5288459991609,JUTLAND RD AT KIPLING AVE (PX 2447),39445,WE
29515,43.634043495,-79.438055574,DOWLING AV AT LAKE SHORE BLVD AND NET DR,36447,SO
29517,43.723741283,-79.41623848,AVENUE RD AT DOUGLAS AV,57506,NO
29518,43.670229214,-79.478040849,COBALT AVE AT ST CLAIR AVE,9000,SO
29521,43.711081315,-79.269808271,BIRCHMOUNT RD AT ZENITH DR,6592,EA
29522,43.765174269,-79.227388336,MARKHAM RD AT SCRANTON RD,29058,EA
29524,43.68319447,-79.346449852,BROWNING AVE AT PAPE AVE,6440,SO
29525,43.6251040000627,-79.4895140018851,LEGION RD N AT FGG EXPWY EB OFF RAMP (PX 2040),14840,WE
29526,43.720398586,-79.424383479,CHICOUTIMI AVE AT LAWRENCE AVE,11777,NO
29575,43.645511762,-79.59006302,CENTENNIAL PARK BLVD/MILL RD AT RATHBURN RD,7705,WE
29602,43.648926855,-79.365966998,PRINCESS ST AT SCADDING AVE,584,SO
29608,43.677385813,-79.394140618,MOLSON ST AT ROXBOROUGH ST,1852,SO
29611,43.678278592,-79.394496464,MACPHERSON AVE AT MOLSON ST,1823,SO
29613,43.6585699982832,-79.3751100062022,JARVIS ST AT 170M N OF DUNDAS ST (PX 2085),14021,SO
29646,43.678484657,-79.410261752,AUSTIN TERR AT WALMER RD,6020,SO
29653,43.69428543,-79.323665515,BINSWOOD AVE AT VIRGINIA AVE,469,SO
29654,43.693590501,-79.323373132,BINSWOOD AVE AT HOLBORNE AVE,536,SO
29708,43.652551331,-79.399870823,DUNDAS ST W AT KENSINGTON AVE,5864,SO
29710,43.767066999857,-79.5011970001936,COOK RD AT SENTINEL RD (PX 2330),18051,NO
29711,43.780964584,-79.418954174,GREENVIEW AVE AT HENDON AVE,6032,NO
29715,43.695521094,-79.321635987,COSBURN AVE AT GLEBEMOUNT AVE,4978,SO
29716,43.695021449,-79.324016342,BINSWOOD AVE AT COSBURN AVE,6170,SO
29717,43.758774506,-79.40752965,AVONDALE AVE AT EVERSON DR,3670,NO
29723,43.743691856,-79.358026877,BOND AVE AT LESLIE ST,19440,NO
29850,43.655285368,-79.396968645,BALDWIN ST AT HURON ST,1171,SO
30050,43.757968439,-79.261524709,BIRKDALE RD AT DORCOT AVE,1743,EA
30140,43.714621356,-79.301273614,AMSTERDAM AVE AT GLENBURN AVE,462,SO
30149,43.740590736,-79.434825051,ALLINGHAM GDNS AT BATHURST ST,16530,NO
30150,43.7621110027955,-79.258359005091,APPLEFIELD DR S AT BRIMLEY RD AND ST ANDREWS RD (PX 2319),13477,EA
30151,43.7700110021049,-79.5024919971127,SENTINEL RD AT THE POND RD  (PX 2078),19322,NO
30154,43.7724420009712,-79.5113990033623,IAN MACDONALD BLVD AT SHOREHAM DR & THE POND RD (PX 2079),21094,NO
30155,43.7718839978644,-79.5137169950636,MURRAY ROSS PKWY AT SHOREHAM DR (PX 2080),19052,NO
30157,43.667436553,-79.388516827,BAY ST AT ST MARY ST,21190,SO
30269,43.682197137,-79.299483281,MAIN ST AT SWANWICK AVE,3864,SO
30271,43.659343697,-79.351231976,HAMILTON ST AT THOMPSON ST,952,SO
30272,43.777717975,-79.494649409,KEELE ST AT THE CHIMNEYSTACK RD,17040,NO
30279,43.7023720029343,-79.5237899987569,FERN AVE AT WESTON RD (PX 2251),20508,WE
30292,43.759443938,-79.420316291,SHEPPARD AVE AT WELBECK RD,13870,NO
30295,43.693525611,-79.277946511,DANFORTH AVE AT LEYTON AVE,12332,EA
30309,43.772027751,-79.260495969,BOROUGH DR AT OMNI DR,9909,EA
30310,43.7589590028005,-79.2895190015538,BIRCHMOUNT RD AT VAUXHALL DR (PX 2102),31215,EA
30326,43.71711,-79.53754,ALBION RD AT WALSH AVE,15908,NO
30409,43.7161739989364,-79.2936079952009,KNIGHTSBRIDGE RD AT PHARMACY AVE (PX 2125),11115,EA
30635,43.768268286,-79.501701803,ASSINIBOINE RD AT SENTINEL RD,13257,NO
30672,43.7695400041873,-79.1864299993069,MORNINGSIDE AVE AT 120M S OF KINGSTON &MORNINGSIDE MALL (PX 2110),20636,EA
30682,43.623361382,-79.49254144,GRAND AVE AT MANITOBA ST,3545,WE
30684,43.645194714,-79.47715735,LAVINIA AVE AT MORNINGSIDE AVE,2178,SO
30686,43.754008674,-79.445770597,HARLOCK BLVD AT MAXWELL ST AND SHEPPARD AVE W,47226,NO
30701,43.721005862,-79.524488761,BARTOR RD AT CLAYSON (SOUTH) RD,2867,NO
30708,43.6920690040089,-79.5576130004723,HAYHURST RD AT KIPLING AVE AND NORTHCREST RD (PX 2057),7894,WE
30709,43.7305190024363,-79.5758419998346,HENLEY CRES AT KIPLING AVE (PX 2120),18917,WE
30710,43.7257500009818,-79.5734740009053,HINTON RD AT KIPLING AVE (PX 2137),18789,WE
30711,43.6126289958993,-79.5402639988391,BESTOBELL RD AT EVANS AVE (PX 2145),10250,WE
30712,43.661736554,-79.426858369,BLOOR ST AT CONCORD AVE,8135,SO
30713,43.779136999832,-79.4185090025097,BEECROFT RD AT FINCH AVE W AND GREENVIEW AVE (PX 1982),33776,NO
30714,43.674126997941,-79.4693609969561,BIRDSTONE CRES AT WESTON RD NTCS (PX 2141),27665,WE
30718,43.75607567,-79.256023633,BRIMLEY RD AT BRITWELL AVE,27208,EA
30720,43.8138939960621,-79.2949390025399,MCNICOLL AVE AT SILVER STAR BLVD (PX 1958),11989,EA
30721,43.7556200017548,-79.2665299952926,MIDLAND AVE AT 35M S OF NORBURY CRES (PX 2103),11519,EA
30765,43.591685996679,-79.5438210047265,LAKE SHORE BLVD AT 127M E OF BROW DR & TTC STATION (PX 243),10572,WE
30831,43.675084884,-79.394834277,DAVENPORT RD AT HAZELTON AVE,13150,SO
30832,43.724110274,-79.469870562,BRIDGELAND AVE AT CALEDONIA RD,6092,NO
30833,43.8073770026835,-79.3165709994719,INNISLAWN RD AT MCNICOLL AVE (PX 2095),12821,EA
30834,43.650929374,-79.412814505,BELLWOODS AVE AT DUNDAS ST W,17351,SO
30884,43.679097382,-79.325731418,FELSTEAD AVE AT MONARCH PARK AVE,770,SO
31005,43.646361591,-79.375284915,SCOTT ST AT THE ESPLANADE,4143,SO
31007,43.663154678,-79.518403703,ASHLEY RD AT ROYAL YORK RD,11960,WE
31073,43.7597011157875,-79.3319026725494,YORK MILLS RD AT MID TCS 60M E OF VALLEY WOODS/SANDOVER (PX 1384),14131,NO
31084,43.643246685,-79.423614341,LISGAR ST AT QUEEN ST,9174,SO
31085,43.8196979967588,-79.2210720047868,FINCH AVE AT MORNINGSIDE AVE & STAINES RD (PX 2046),31201,EA
31088,43.643096003705,-79.4243749988555,ABELL ST AT QUEEN ST (PX 2435),14532,SO
31095,43.642765858,-79.425998179,NORTHCOTE AVE AT QUEEN ST,7844,SO
31100,43.789995055,-79.403823624,CUMMER AVE AT WILLOW HEIGHTS CRT,6882,NO
31101,43.775759176,-79.261897122,BOROUGH DR W TCS AT PROGRESS AVE,10584,EA
31107,43.755552177,-79.234877016,BELLAMY RD N AT EASTPARK BLVD,6810,EA
31119,43.7301050033642,-79.6049220000372,HUMBER COLLEGE BLVE AT SILVER BELL DR AND WINDWOOD DR (PX 1947),16732,WE
31132,43.6323239958038,-79.553736002418,THE EAST MALL AT YARN RD (PX 2337),8274,WE
31133,43.673117534,-79.285235609,QUEEN ST E AT SILVER BIRCH AVE,20643,SO
31146,43.762592565,-79.269271077,MIDLAND AVE AT MILLBRIDGE GT,11226,EA
31147,43.82810126,-79.261887291,MAYBROOK DR AT PASSMORE AVE,6316,EA
31148,43.6616399979045,-79.3899120041889,GROSVENOR ST AT QUEENS PARK CRES (PX 2280),21341,SO
31149,43.790961499,-79.230531368,MILNER AVE AT NOVOPHARM CRT,7415,EA
31151,43.686748999,-79.459589255,CALEDONIA RD AT SUMMIT AVE,17873,WE
31153,43.669233102,-79.397914636,BEDFORD RD AT PRINCE ARTHUR AVE,3726,SO
31155,43.7015890034362,-79.2928610038184,CONROY AVE AT VICTORIA PARK AVE (PX 2434),7654,SO
31156,43.759907075,-79.306434062,ELLESMERE RD AT WHITE ABBEY PARK,33011,EA
31171,43.704545487,-79.528320348,COULTER AVE AT WESTON RD,14985,WE
31183,43.7693220004935,-79.3662070058192,ESTHER SHINER BLVD AT OLD LESLIE ST (PX 2041),4541,NO
31187,43.8049769981026,-79.1866089969765,SHEPPARD AVE E AT ROUGE RIVER DR (PX 2282),9954,EA
31236,43.6862034737998,-79.4927886661787,# 3561-62 EGLINTON AVE W,14912,WE
31240,43.696937685,-79.493873849,BROOKHAVEN DR AT TRETHEWEY DR,7272,NO
31277,43.757949606,-79.354437599,LESMILL RD AT VALLEYBROOK DR,23873,NO
31279,43.7570229958864,-79.3101529967504,KELLYVALE RD AT PHARMACY AVE (PX 2254),9901,EA
31334,43.743106201,-79.494243305,# 1645 SHEPPARD AVE AT DOWNSVIEW DELL PARK / HINCKS DELLCREST CTR,14642,NO
31335,43.645700745,-79.411488708,GORE VALE AVE AT QUEEN ST AND WALNUT AVE,19149,SO
31339,43.710450721,-79.307582604,SELWYN AVE AT WESTVIEW BLVD,3720,SO
31340,43.7708799974478,-79.4422200052997,BATHURST ST AT 50M N OF MASCOT PL / STAFFORD RD (PX 980),15824,NO
31350,43.751941706,-79.286638703,BIRCHMOUNT RD AT MERRYFIELD DR,13574,EA
31492,43.723011947,-79.415929218,AVENUE RD AT GLENGARRY AVE,19063,NO
31494,43.759069322,-79.406141118,AVONDALE AVE AT OAKBURN CRES AND TRADEWIND AVE,3965,NO
31495,43.8169260008393,-79.2243060027883,BLACKBIRD GT AT FINCH AVE E (PX 2255),12978,EA
31504,43.6548200042811,-79.3802799943807,YONGE ST AT 85M N OF SHUTER (PX 1802),5292,SO
31524,43.665041334,-79.322388808,CONNAUGHT AVE AT QUEEN ST,5657,SO
31528,43.804288832,-79.217210156,NEILSON RD AT SILVERBELL GRV,24504,EA
31530,43.696925691,-79.312317563,COSBURN AVE AT OAK PARK AVE,3552,SO
31531,43.763360561,-79.500862661,FOUR WINDS DR AT SENTINEL RD,15795,NO
31559,43.670160273,-79.382810828,CHURCH ST AT HAYDEN ST,14543,SO
31565,43.7191379990099,-79.2584709996896,DANFORTH RD AT 42M N OF HART AVE (PX 1103),10049,EA
31567,43.65069698,-79.455027676,HOWARD PARK AVE AT INDIAN RD,4112,SO
31569,43.690221079,-79.413351591,COULSON AVE AT SPADINA RD,7999,SO
31570,43.660019209,-79.488851394,HANLEY ST AT JANE ST,9722,SO
31571,43.747079952,-79.201225207,GUILDWOOD PKWY AT ROWATSON RD,9442,EA
31580,43.7747930029345,-79.4379280002858,FINCH AVE AT 30M W OF ENDELL ST (PX 2106),13807,NO
31582,43.7401950011527,-79.5832720029623,ALBION RD 230M W OF KIPLING AVE (PX 1960),11871,WE
31583,43.6989919970794,-79.5130500023187,WESTON RD AT 285M S OF LAWRENCE (#1675-1775) (PX 1804),8690,WE
31587,43.733664901,-79.404396138,GLEN ECHO RD AT YONGE ST,20098,SO
31588,43.7769250033608,-79.4131940016975,BYNG AVE AT DORIS AVE (PX 2192),12089,NO
31591,43.692349206,-79.327288544,COXWELL AVE AT MEMORIAL PARK AVE,8249,SO
31594,43.7405849987523,-79.5856690017961,ALBION RD AT 280M E OF FINCH AVE (PX 2140),12862,WE
31830,43.764866998843,-79.1848809993169,DANZIG ST AT MORNINGSIDE AVE (PX 2173),4746,EA
31833,43.8349099998546,-79.2510689970699,MARKHAM RD AT 190M S OF STEELES AVE (PX 2160),23137,EA
31834,43.8334510001701,-79.2510200023626,MARKHAM RD AT SELECT AVE (PX 2156),89210,EA
31835,43.8160799983981,-79.2928799969629,MIDLAND AVE AT 175M N OF MCNICOLL AVE (PX 2091),20724,EA
31837,43.6943139978318,-79.2895900043162,VICTORIA PARK AVE AT 90M N OF DENTON AVE & TTC ACCESS (PX 2149),15979,SO
31848,43.7390799985535,-79.5927900038494,BETTERIDGE LANE AT MARTIN GROVE RD (PX 2195),13129,WE
31849,43.6469260020913,-79.4198389942146,ARGYLE ST AT OSSINGTON AVE (PX 2256),8412,SO
31851,43.7805380008823,-79.2470269988067,CORPORATE DR AT LEE CENTRE DR W (PX 2098),5207,EA
31852,43.7043649999382,-79.4966820032259,BROOKHAVEN DR AT LAWRENCE AVE (PX 2108),11608,NO
31853,43.7504030029888,-79.2444380023188,BARRYMORE D AT DANFORTH RD (PX 2310),23094,EA
31854,43.6972780024304,-79.5274589938933,LAWRENCE AVE W AT WESTONA ST (PX 2288),5519,WE
31855,43.7406589985349,-79.217850000142,MARKANNA DR AT MARKHAM RD  (PX 2190),7419,EA
31858,43.7746659978084,-79.2660069965987,PROGRESS AVE AT SCHICK CRT (PX 1983),8756,EA
31859,43.6111510019527,-79.490029000116,HILLSIDE AVE AT LAKE SHORE BLVD W (PX 2136),13646,WE
31861,43.67537544,-79.505825416,CLAIRTON CRES S AT SCARLETT RD,9721,WE
31862,43.780070004122,-79.4142500050595,FINCH AVE AT 80M E OF YONGE ST & TTC ACCESS (PX 2142),8821,NO
31867,43.6644000008645,-79.5586019966902,MARTIN GROVE RD AT MILLBURN AVE (PX 2214),6618,WE
31868,43.6691859981282,-79.5607640034816,DEWITT RD AT MARTIN GROVE RD (PX 2213),6203,WE
31896,43.78552367,-79.139155788,PORT UNION RD AT WINTER GARDENS TRL,7101,EA
31899,43.684361124,-79.372540975,GLEN RD AT ROXBOROUGH DR,2227,SO
31900,43.68221525,-79.373360154,BINSCARTH RD AT GLEN RD,2872,SO
31901,43.848515645,-79.199275401,REESOR RD AT STEELES AVE E (EAST INTERSECTION),20418,EA
31902,43.7143269969222,-79.4524289983606,CORONA ST AT LAWRENCE AVE W (PX 2364),11719,NO
31903,43.825029471,-79.263984293,MIDDLEFIELD RD AT NEWMILL GT,8468,EA
31905,43.7726040014966,-79.2745239940487,# 111 PROGRESS AVE AT ATLANTIC PACKAGING (PX 2221),20493,EA
31906,43.7841699959756,-79.3955200010672,FINCH AVE AT 35M E OF WINLOCK PK (PX 1780),30634,NO
32085,43.669190198,-79.477604277,COBALT AVE AT RYDING AVE,2126,SO
32089,43.684160023,-79.355687761,JACKMAN AVE AT MORTIMER AVE,6111,SO
32090,43.64111201,-79.416640331,DOURO ST AT KING ST,17112,SO
32096,43.827391981,-79.179183456,MEADOWVALE RD AT OLD FINCH AVE,10393,EA
32132,43.7119199991449,-79.3730700011472,EGLINTON AVE AT 35M E OF DONLEA DR & LEASIDE HIGH SCHOOL(PX 1125),17828,SO
32177,43.7920440043094,-79.1955460004114,MORNINGSIDE AVE AT TAMS RD (PX 2217),37743,EA
32187,43.705282758,-79.393258959,LILLIAN ST AT SOUDAN AVE,7090,SO
32230,43.757320532,-79.214281516,CONFEDERATION DR AT SCARBOROUGH GOLF CLUB RD,16371,EA
32231,43.763138219,-79.419268002,BURNETT AVE AT QUILTER RD,190,NO
32232,43.782313484,-79.413082099,BISHOP AVE AT KENNETH AVE,12171,NO
32233,43.735348557,-79.315618329,GRETNA AVE AT SWEENEY DR,1143,NO
32234,43.7242900011438,-79.2902699993743,LEBOVIC AVE AT 300M S OF EGLINTON AVE & LEBOVIC PLAZA (PX 2070),4473,EA
32235,43.7714500009946,-79.2087480031237,BRIMORTON DR AT ORTON PARK RD (PX 2223),3216,EA
32236,43.7813989987312,-79.1374240051851,ADENMORE RD AT CLAPPISON BLVD AT PORT UNION RD (PX 2167),12112,EA
32237,43.659580909,-79.34674384,BOULTON AVE AT QUEEN ST AT WOODGREEN PL,5938,SO
32249,43.6926699963195,-79.5446700047706,ISLINGTON AVE AT 25M N OF WINNIPEG RD (PX 1803),24211,WE
32250,43.6993100025982,-79.4333939969744,EGLINTON AVE AT 40M E OF FLANDERS RD (PX 557),16651,SO
32251,43.7603079962805,-79.5033519981762,FINCH AVE AT 280M W OF SENTINEL RD (PX 1750),19486,NO
32252,43.804120000671,-79.3713799999951,LESLIE ST AT 60M S OF FRANCINE DR (PX 2105),20698,NO
32253,43.7612100011239,-79.3240199979287,PARKWOODS VILLAGE DR AT 45M N OF BROOKBANKS DR (PX 2107),17138,NO
32254,43.7670399990469,-79.475179993831,FINCH AVE AT 200M E OF CHESSWOOD DR (PX 2116),30510,NO
32255,43.732179999158,-79.4193700010724,AVENUE RD AT 26M S OF ROE AVE (PX 2076),18240,NO
32256,43.6950380035038,-79.5552900012839,DIXON RD AT 260M W OF CHETTA PL (PX 1946),25549,WE
32320,43.7196099965317,-79.4148600027564,AVENUE RD AT 150M S OF CARIBOU &  HAVERGALL COLLEGE (PX 1678),40670,NO
32321,43.6370399959157,-79.4475299992804,LAKE SHORE BLVD AT 25M E OF BUDAPEST LANE (PX 2089),13989,SO
32322,43.6643579982921,-79.3062239956135,LAKE SHORE BLVD AT 224M W OF KEW BEACH AVE (PX 1951),24658,SO
32323,43.6944389998424,-79.4497519953157,DUFFERIN ST AT 60M S OF HUNTER (PX 1271),37496,WE
32324,43.6692000021122,-79.3918900053812,BLOOR ST AT 78M W OF ST THOMAS ST (PX 1955),16675,SO
32325,43.6543179981775,-79.383202999537,BAY ST AT 12M N OF HAGERMAN (PX 1478),26186,SO
32326,43.6615999976389,-79.3806999991808,CARLTON ST AT 108M W OF CHURCH ST & MAPLE LEAF GDNS (PX 2035),24962,SO
32328,43.741190000435,-79.5399699972343,WESTON RD AT 70M N OF DAMASK AVE (PX 2138),11231,NO
32381,43.7277279992012,-79.2770500014906,BIRCHMOUNT RD AT BONNIEWOOD RD (PX 2168),18361,EA
32383,43.724093616,-79.264487213,FOXRIDGE AT KENNEDY RD,6926,EA
32384,43.691086784,-79.315132632,SAMMON AVE AT WOODBINE AVE,26540,SO
32412,43.769760635,-79.180180437,HOMESTEAD RD AT LAWRENCE AVE AND WEST HILL DR,19124,EA
32474,43.69553644,-79.469610773,ALYWARD ST AT BEECHBOROUGH AVE AT CASTLEFIELD AVE AT STRATHN,4415,WE
32475,43.768883383,-79.401741713,ELMWOOD AVE AT WILLOWDALE AVE,14800,NO
32476,43.7833060026067,-79.1706429939691,MORRISH RD AT OLD KINGSTON RD (PX 2321),10073,EA
32478,43.7715930031645,-79.4544359961922,FINCH AVE  W AT 300M W OF TORRESDALE AVE (PX 2384),48673,NO
32479,43.7517569979215,-79.4637300035539,DE BOERS DR AT W R ALLEN RD (PX 2127),24864,NO
32480,43.6596999994247,-79.3966100015361,ST GEORGE ST AT 120M N OF COLLEGE ST (PX 1999),8523,SO
32481,43.7449499979364,-79.5828800015739,KIPLING AVE AT 30M N OF STEVENSON RD (PX 1884),18188,WE
32482,43.7480999986197,-79.5843800012927,KIPLING AVE AT 150M N OF MOUNT OLIVE DR (PX 1950),8866,WE
32483,43.652260004171,-79.3801200022048,QUEEN ST AT 70M W OF YONGE ST (PX 1460),13791,SO
32484,43.6575699957663,-79.51596500406,ROYAL YORK RD AT 16M S OF GOVERNMENT RD (PX 2123),24798,WE
32487,43.7410399993171,-79.5037800061222,SHEPPARD AVE AT 33M W OF BUCKLAND RD (PX 2090),22420,NO
32489,43.6354920039328,-79.473493003808,SOUTH KINGSWAY LINK RD AT THE QUEENSWAY (PX 1932),15503,SO
32490,43.740022751,-79.215302175,DUNCOMBE BLVD AT SERVICE RD,442,EA
32491,43.753913714,-79.272959654,NANTUCKET BLVD AT WICKWARE GATE,1398,EA
32570,43.755143341,-79.453753803,CODSELL AVE AT WILMINGTON AVE,15834,NO
32571,43.75381652,-79.453165022,COCKSFIELD AVE AT WILMINGTON AVE,5005,NO
32572,43.754565101,-79.453508506,SANDALE GNDS AT WILMINGTON AVE,4815,NO
32573,43.754690697,-79.468953944,KODIAK CRES AT WHITEHORSE RD,1693,NO
32574,43.663807359,-79.327879911,ALTON AVE AT QUEEN ST,6015,SO
32575,43.689431699,-79.300987993,BARRINGTON AVE AT COLEMAN AVE,1300,SO
32576,43.752851238,-79.457752378,COCKSFIELD AVE AT WILSON HEIGHTS BLVD,7029,NO
32577,43.754248486,-79.458996694,CODSELL AVE AT WILSON HEIGHTS BLVD,13914,NO
32578,43.7719149958248,-79.4676799991141,DUFFERIN ST AT YORK UNIVERSITY BUSWAY (PX 2128),42409,NO
32579,43.7712250013163,-79.4721569984443,ALNESS ST AT YORK UNIVERSITY BUSWAY (PX 2129),9012,NO
32581,43.673921802,-79.39154475,DAVENPORT RD AT MCALPINE ST,26621,SO
32582,43.72505896,-79.307014052,EGLINTON AVE E AT JONESVILLE CRES,22566,NO
32585,43.598904191,-79.499580317,LAKE SHORE DR AT THIRD ST,431,WE
32586,43.7657150038897,-79.4916589948848,FOUR WINDS DR AT KEELE ST (PX 2450),37902,NO
32587,43.754028254,-79.469662297,KODIAK CRES AT SHEPPARD AVE,16240,NO
32615,43.706082365,-79.431810483,BURMONT RD AT RIDELLE AVE,1553,SO
32616,43.738567044,-79.223787699,KNOWLTON DR AT MASON RD,1266,EA
32617,43.644085484,-79.478024517,WALLER AVE AT WINDERMERE AVE,5604,SO
32660,43.718312449,-79.490610268,BLUE SPRING RD AT FALSTAFF AVE,3061,NO
32661,43.8103399990187,-79.2200270014007,HUPFIELD TRL AT MCLEVIN AVE AND PRV ACCESS (PX 2298),15652,EA
32662,43.810508818,-79.217913533,MCLEVIN AVE AT PENNYHILL DR,4221,EA
32663,43.7745210021457,-79.496804994375,YORK BLVD AT YORK UNIVERSITY BUSWAY & PARKING LOT (PX 2132),2871,NO
32666,43.8351899966177,-79.2572750056768,STEELES AVE AT 280M W OF MARYDALE AV (PX 2176),24409,EA
32667,43.780028938,-79.349764524,DON MILLS RD S/B TO DON MILLS RD N/B N OF FAIRVIEW MALL (S O,18394,NO
32668,43.786486668,-79.352101271,DON MILLS RD N/B TO DON MILLS RD S/B S OF VAN HORNE AVE (N O,19932,NO
32669,43.666440933,-79.340865825,BADGEROW AVE AT BOSTON AVE,737,SO
32670,43.644331872,-79.476842768,LAVINIA AVE AT WALLER AVE,579,SO
32671,43.6941479991625,-79.4571870032441,EGLINTON AVE AT HARVIE AVE & RONALD AVE (PX 464),23371,WE
32672,43.747922272,-79.530774944,ARROW RD AT DEERHIDE CRES (SOUTH INT),12038,NO
32673,43.705483567,-79.442411589,MARLEE AVE AT STAYNER AVE,24245,NO
32674,43.734874002084,-79.3012359940942,INNISDALE DR AT PHARMCAY AVE (PX 2227),21685,EA
32675,43.7711935257194,-79.4969227532086,JAMES GILLIES ST AT THE POND RD & YORK UNIVERSITY BUSWAY(PX 2131),3505,NO
32789,43.685462458,-79.438064131,EARLSDALE AVE AT OAKWOOD AVE,16993,WE
32790,43.715063751,-79.428790232,BATHURST ST AT COLDSTREAM  AVE,16743,NO
32791,43.7196360009038,-79.2470840006821,JEANETTE ST AT ST CLAIR AVE (PX 2218),17734,EA
32792,43.65225656,-79.471180066,BLOOR ST AT ELLIS PARK RD,23105,SO
32793,43.8072120006262,-79.3321489993037,ARNALL AVE AT PHARMACY AVE (PX 2216),15874,EA
32794,43.679724899,-79.31279586,GERRARD ST AT KINGSMOUNT PARK RD,6090,SO
32795,43.8062020021979,-79.2254069983127,MCLEVIN AVE AT PINERY TRL W (PX 2159),12520,EA
32796,43.65980199601,-79.3999199994841,SPADINA CR AT 20M S OF RUSSELL ST (PX 2117),4763,SO
32815,43.658042859,-79.516187319,GOVERNMENT RD AT ROYAL YORK RD,14570,WE
32816,43.677636194,-79.397589097,MACPHERSON AVE AT MARLBOROUGH PL,2860,SO
32818,43.662960211,-79.49824286,ATHEA RD AT DORAN AVE,141,SO
32829,43.676099192,-79.359421471,DANFORTH AVE AT ROYAL DR,17817,SO
32830,43.668501368,-79.485678359,CASTLETON AVE AT ST CLAIR AVE,23061,WE
32859,43.6956399966744,-79.284780005514,PHARMACY AVE AT 20M S OF ALBION AVE (PX 2200),9329,EA
32860,43.697117289,-79.317753821,SAVOY AVE AT WOODBINE AVE,10904,SO
32861,43.75340153,-79.327843997,BROOKBANKS DR AT UNDERHILL DR,4343,NO
32955,43.6663268,-79.48241849,MARIA ST AT RAYBOULD ST AT RUNNYMEDE RD,8423,SO
33036,43.831641326,-79.245741486,PASSMORE AVE AT TAPSCOTT RD,19546,EA
33059,43.758888589,-79.463064103,CLIFTON AVE AT WILSON HEIGHTS BLVD,4863,NO
33062,43.63026962,-79.476914485,LAKE SHORE BLVD AT MARINE PARADE DR (E LEG),12184,WE
33063,43.679573823,-79.337497172,CHATHAM AVE AT EUSTON AVE,652,SO
33187,43.747990002927,-79.4624199969602,W R ALLEN RD AT 245M S OF SHEPPARD AVE & TTC ACCESS ONLY(PX 2240),58435,NO
33244,43.656722753,-79.488807935,RAYMOND AVE AT THORNHILL AVE,482,SO
33245,43.694212003,-79.420087111,ARDMORE RD AT ROSEMARY RD,611,SO
33246,43.711484547,-79.523594186,ACADEMY RD AT CHANTILLY GNDS,154,NO
33248,43.633212442,-79.5318011,ADVANCE RD AT KIPLING AVE,35004,WE
33249,43.661351675,-79.508616334,DUNDAS ST AT EARLINGTON AVE,15384,WE
33251,43.678258922,-79.410908986,AUSTON TER AT WALMER RD (W LEG),7443,SO
33253,43.700822355,-79.529448858,DIXON RD AT KENTROYAL DR AND WESTONA ST,16097,WE
33254,43.752719778,-79.244379762,DANFORTH RD AT MCCOWAN RD AND PERIVALE CRES,12188,EA
33255,43.727588601,-79.397276948,MT PLEASANT RD AT WANLESS AVE,17025,SO
33355,43.710177304,-79.514229059,FARNSWORTH DR AT QUEENSLEA AVE,222,NO
33356,43.693408929,-79.483266533,CLEARVIEW HTS AT TRETHEWEY DR (WEST INT),9923,WE
33392,43.7185839955297,-79.2731110039233,ANACONDA AVE AT BIRCHMOUNT RD (PX 2224),13487,EA
33393,43.753817479,-79.565415683,DUNCANWOODS DR AT NAVENBY CRES,1574,NO
33394,43.755001787,-79.563546625,GRACEDALE BLVD AT NAVENBY CRES,520,NO
33395,43.665320706,-79.541491802,SIR WILLIAMS LANE AT TWYFORD DR,565,WE
33396,43.7267649992859,-79.3506320057164,# 1155 LESLIE ST AT BMW DEALERSHIP & 990M S OF LAWRENCE (PX 2248),15407,NO
33397,43.738093241,-79.420841279,AVENUE RD AT RIDLEY BLVD,20210,NO
33398,43.688088814,-79.420302161,BATHURST ST AT LONSMOUNT DR,17264,WE
33399,43.6894183553169,-79.6024457563908,FASKEN DR AT HIGHWAY 427 NB OFF RAMP,11846,WE
33401,43.826093997,-79.278135912,ALTON TOWERS CIR AT GOLDHAWK TRL N,3426,EA
33402,43.6501959849548,-79.470747716435,ELLIS PARK RD AT WENDIGO WAY,1588,SO
33403,43.736783022,-79.420263465,AVENUE RD AT JOICEY BLVD,17498,NO
33404,43.735291677,-79.269239414,KENNEDY RD AT LANDSEER RD,36116,EA
33524,43.705076616,-79.384772868,FORMAN AVE AT MANOR RD,2901,SO
33554,43.702551861,-79.389817798,DE SAVERY CRES AT THURLOE AVE,898,SO
33555,43.7299720011085,-79.2920710042735,ASHTONBEE ROAD AT HAKIMI AVE (PX 2069),14400,EA
33572,43.786630082,-79.334378967,BRIAN DR AT MARGARET AVE,2067,NO
33573,43.8167870015495,-79.2769500024237,HUTCHCROFT AVE AT MCNICOLL AVE (PX 2231),19815,EA
33574,43.7421580022047,-79.2826560003194,BIRCHMOUNT RD AT FLORA DR (PX 2260),27087,EA
33575,43.8079949986586,-79.2563170018131,MIDDLEFIELD RD AT ORATOR GT (PX 2233),8187,EA
33576,43.7589149958887,-79.2149619955325,MARCELLA ST AT SCARBOROUGH GOLF CLUB RD (PX 2228),5289,EA
33577,43.702193954,-79.378049068,CLEVELAND ST AT DAVISVILLE AVE,5937,SO
33578,43.683308603,-79.402689194,CLARENDON AVE AT POPLAR PLAINS RD,4715,SO
33579,43.7274040019003,-79.2334000051493,HALBERT PL AT MCCOWAN RD (PX 2226),3436,EA
33580,43.68248663,-79.406678216,CLARENDON AVE AT RUSSELL HILL RD,2506,SO
33581,43.7960080039231,-79.1650389978718,EUCLID AVE AT LAVERY TRL AND MEADOWVALE RD (PX 2232),5736,EA
33585,43.764965663,-79.408623567,DORIS AVE AT SPRING GARDEN AVE,8214,NO
33604,43.679434516,-79.382323497,ROXBOROUGH ST AT WRENTHAM PL,6091,SO
33619,43.7218269981934,-79.2745060048649,BIRCHMOUNT RD AT FOXRIDGE DR (PX 2325),24756,EA
33637,43.766251041,-79.409345269,DORIS AVE AT HOLLYWOOD AVE,15514,NO
33648,43.706213765,-79.426637382,BATHURST ST AT CASTLEFIELD AVE AND FOREST RIDGE ST,49170,SO
33649,43.766134782,-79.390039484,CLAIRTRELL RD AT SHEPPARD AVE E,21634,NO
33724,43.702865306,-79.299475498,CEDARCREST BLVD AT GLEN ALBERT DR,632,SO
33725,43.701297155,-79.276528861,BAMBLETT DR AT WARDEN AVE,6319,EA
33727,43.707105088,-79.426856559,BATHURST ST AT RIDELLE AVE AND ST CLEMENTS AVE,33736,SO
33728,43.78361711,-79.286754633,GORDON AVE AT SHEPPARD AVE,27530,EA
33729,43.661480522,-79.428054068,BLOOR ST AT DELAWARE AVE,16387,SO
33730,43.659642941,-79.492632697,HUMBERCREST BLVD AT ST MARKS RD,4271,SO
33731,43.740729263,-79.403264396,BROOKFIELD RD AT DOMINO AVE AT OLD YONGE ST AND MILL ST,1932,NO
33732,43.6468440012001,-79.4303800023247,DUFFERIN ST AT GORDON ST (PX 2317),14568,SO
33733,43.739849427,-79.399522566,PLYMBRIDGE CRES AT PLYMBRIDGE RD,709,NO
33735,43.7465779972875,-79.5964910020352,MARTIN GROVE ROAD AT 270M N OF GARFELLA DR (PX 2196),13694,WE
33736,43.8092250023993,-79.2714000019412,SANDHURST CIRCLE 235M N OF FINCH & ALBERT CAMBELL (PX 2201),4685,EA
33738,43.7044469963662,-79.2696609956013,DANFORTH ROAD AT PILKINGTON DR (PX 2259),16430,EA
33739,43.7755220043776,-79.335142003397,HERONS HILL WAY AT SHEPPARD AVE E (PX 2092),40712,NO
33740,43.648027998055,-79.5083560023588,BLOOR ST AT 47M E OF JACKSON AVE (PX 340),26242,WE
33741,43.6720600042649,-79.4298199978158,OSSINGTON AVE AT 54M N OF ACORES AVE (PX 1936),4897,SO
33743,43.675768835,-79.444974735,ROSEMOUNT AVE AT VIA ITALIA,3612,SO
33746,43.8258809986838,-79.2430980042597,MCNICOLL AVE AT TAPSCOTT RD (PX 2043),35546,EA
33747,43.646080704,-79.409576482,CLAREMONT ST AT QUEEN ST,9271,SO
33748,43.622017032,-79.542675953,ATOMIC AVE AT NORTH QUEEN ST,7067,WE
33749,43.651177704,-79.411604949,CLAREMONT ST AT DUNDAS ST,6760,SO
33752,43.7105259993811,-79.3796430044173,EGLINTON AVE 18M E OF HOYLE AVE (PX 768),15300,SO
33753,43.8272450037846,-79.2347019957048,MCNICOLL BLVD AT MORNINGSIDE AVE AND OASIS BLVD (PX 2044),14656,EA
33754,43.8161429996182,-79.3225410037358,BAMBURGH CIR AT WINTERMUTE BLVD (PX 2163),8174,EA
33755,43.691447685,-79.438691606,GLENORA AVE AT VAUGHAN RD,6102,WE
33848,43.6797499957164,-79.2945100024555,KINGSTON ROAD AT 25M E OF GLEN MANOR DR (PX 1933),21589,SO
33849,43.69205094,-79.502776984,DORA SPENCER RD AT WESTON RD,21632,WE
33850,43.766347003633,-79.4942959970804,COLUMBIA GT AT MURRAY ROSS PKWY & YORK U BUSWAY  (PX 2130),3159,NO
33851,43.83801179,-79.245194587,EASTVALE DR AT STEELES AVE,39986,EA
33852,43.7987510014709,-79.3282819974026,PHARMACY AVE AT 305M N OF HUNTINGDALE BLVD/ CHESTER LE (PX 2234),13097,EA
33865,43.73349808,-79.556942202,ALBION RD AT BARKER AVE,11096,WE
33866,43.742725632,-79.540337944,IMOGENE AVE AT WESTON RD,25045,NO
33867,43.635090171,-79.515315497,CHARTWELL RD AT NORSEMAN ST,4609,WE
33868,43.766389333,-79.400688647,SPRING GARDEN AVE AT WILLOWDALE AVE,21136,NO
33869,43.7005167,-79.437765065,PARK HILL RD AT WHITMORE AVE,1284,SO
33919,43.6247113,-79.509987491,PLASTICS AVE AT THE QUEENSWAY,50176,WE
33920,43.785623856,-79.451041474,ROCKFORD RD AT TORRESDALE AVE,4150,NO
33921,43.6600869955304,-79.3630009964448,DUNDAS ST E AT SACKVILLE ST (PX 2354),24078,SO
33929,43.718943247,-79.445539296,W.R. ALLEN RD S/B N OF LAWRENCE AVE,20091,NO
33967,43.734548222,-79.357230104,BANBURY RD AT LAWRENCE AVE E,7692,NO
33968,43.691626156,-79.307043721,EPSOM AVE AT WESTLAKE AVE,506,SO
33969,43.676912834,-79.346650411,CARLAW AVE AT HARCOURT AVE,1410,SO
33970,43.6305696743708,-79.5513404884438,CLOVERDALE MALL AT THE EAST MALL,11185,WE
33971,43.618927832,-79.486470112,LAKE SHORE BLVD AT LOUISA ST,35990,WE
33973,43.680201715,-79.466009488,OLD WESTON RD AT ROWNTREE AVE,7270,SO
33975,43.7310099959957,-79.2505999989193,DANFORTH RD AT 45M N OF FALMOUTH AV & GLENSHEPPARD DR (PX 1709),19098,EA
33976,43.646316018,-79.391093375,KING ST W AT WIDMER ST,6043,SO
33977,43.619037009,-79.509399899,EVANS AVE AT OURLAND AVE,19486,WE
33978,43.614200746,-79.51727679,CONNELL CRT AT HORNER AVE,3391,WE
33979,43.712354752,-79.454348834,CLAVER AVE AT DUFFERIN ST,45393,NO
33981,43.648425741,-79.50659665,BLOOR ST AT WENDOVER RD,12070,WE
33982,43.621516119,-79.524252093,CULNAN AVE AT THE QUEENSWAY,14768,WE
33983,43.63080515,-79.487190245,ALDGATE AVE AT RINGLEY AVE,1449,WE
33984,43.8055400027377,-79.2115559997189,BRENYON WAY AT JOHN TABOR TRL AND WICKSON TRL (PX 2247),2679,EA
33985,43.689985525,-79.415487511,MILLBANK AVE AT VESTA DR,162,SO
33986,43.682054983,-79.54708725,PETTIT DR AT ROCKCASTLE DR,707,WE
34255,43.779935,-79.25,# 88 CORPORATE DR AT CORPORATE DR,12416,EA
34265,43.6665815,-79.465057771,KEELE ST AT VINE AVE,29865,SO
34266,43.734011303,-79.590371202,MARTIN GROVE RD AT RAMPART RD,8648,WE
34267,43.6891969994831,-79.5408420030636,SUN ROW DR AT THE WESTWAY (PX 2209),6569,WE
34268,43.6414839958449,-79.5576979948479,THE EAST MALL AT VALHALLA INN ROAD (PX 2335),19545,WE
34269,43.709087728,-79.398869208,HELENDALE AVE AT YONGE ST,13110,SO
34270,43.660494275,-79.468244779,HIGH PARK AVE AT HUMBERSIDE AVE,7717,SO
34271,43.683974451,-79.564309502,CALLOWHILL DR AT THE WESTWAY,5257,WE
34272,43.664285629,-79.502192944,OLD DUNDAS ST AT VARSITY RD,1304,SO
34273,43.643184573,-79.399553627,PORTLAND ST AT WELLINGTON ST,9006,SO
34274,43.780877799,-79.244553639,CORPORATE DR AT TOYOTA PL,4078,EA
34275,43.686077409,-79.543802661,ASHMOUNT CRES AT HARTSDALE DR,605,WE
34276,43.694768836,-79.380707765,MOORE AVE AT BELTLINE TRL,7630,SO
34288,43.772759104,-79.248804511,ELLESMERE RD AT GRANGEWAY AVE,62250,EA
34289,43.684397514,-79.543929751,HARTSDALE DR AT HOLGATE ST,753,WE
34290,43.720127122,-79.441022311,FLEMINGTON RD AT VARNA DR,1653,NO
34291,43.733898258,-79.404454327,DELORAINE AVE AT YONGE ST,43631,SO
34487,43.70963883,-79.51651879,DEERHURST AVE AT QUEENSLEA AVE,242,NO
34488,43.742848424,-79.368553611,BANBURY RD AT CARAVAN DR,1868,NO
34489,43.700505322,-79.525969987,BRAEBURN AVE AT SCARLETT RD,28841,WE
34490,43.671200865,-79.430788998,GEARY AVE AT SOMERSET AVE,1578,SO
34500,43.650195953,-79.389755366,MC CAUL ST AT QUEEN ST,13714,SO
34501,43.838279571,-79.173305069,BEARE RD AT PLUG HAT RD,5174,EA
34502,43.825251454,-79.199584269,OLD FINCH AVE AT SEWELLS RD,4205,EA
34503,43.788844534,-79.262490842,BROWNSPRING RD AT SHEPPARD AVE E,55557,EA
34504,43.825149061,-79.18876057,OLD FINCH AVE AT RESSOR RD,5893,EA
34505,43.69970583,-79.525080617,LOCKHEED BLVD AT SCARLETT RD,8907,WE
34506,43.831728882,-79.159563239,FINCH AVE AT PICKERING TOWN LINE,1260,EA
34507,43.6664860007748,-79.3758519958643,HOMEWOOD AVE AT WELLESLEY ST (PX 2349),12983,SO
34508,43.625877278,-79.493651709,DALESFORD RD AT GRAND AVE,2228,WE
34554,43.701101199,-79.38327306,BELLE AYRE BLVD AT DAVISVILLE AVE,4946,SO
34555,43.660258538,-79.35141038,HAMILTON ST AT KINTYRE AVE,701,SO
34556,43.660061225,-79.352312936,MATILDA ST AT MUNRO ST,512,SO
34617,43.705999916,-79.435988281,BRIAR HILL AVE AT MARWOOD CRT,361,SO
34619,43.758187585,-79.425931455,BRENTWOOD AVE AT EASTON RD AND SHEPPARD AVE,39833,NO
34712,43.638684015,-79.467209458,ELLIS AVE AT ELLIS GNDS,5347,SO
34713,43.651053752,-79.453409712,HOWARD PARK AVE AT SUNNYSIDE AVE,4533,SO
34716,43.710397646,-79.521858191,GARY DR AT WALWYN AVE,3076,NO
34719,43.711299567,-79.366513742,SUTHERLAND DR AT VANDERHOOF AVE,1225,SO
34724,43.648101496,-79.490844359,BLOOR ST W AT 30 M W OF BRULE TERRACE,11769,SO
34742,43.7532499958382,-79.5260100003446,OAKDALE RD AT 376M S OF FINCH AVE & WESTVIEW CEN SS(PX 1897),6844,NO
34744,43.648177799,-79.551696758,BURNHAMTHORPE RD AT SHAVER AVE N,40162,WE
34774,43.632324406,-79.553736887,THE EAST MALL AT CLOVERDALE MALL EXIT WEST OF YARN RD,8621,WE
34775,43.7008480043422,-79.5032469963879,JANE ST AT WRIGHT AVE (PX 2290),31023,NO
34776,43.770849804,-79.257673056,ELLESMERE RD AT PACKARD BLVD,28686,EA
34779,43.636908535,-79.547091916,SHAVER AVE S AT STATLER AVE,2739,WE
34780,43.6941330041722,-79.534773005352,THE WESTWAY AT TRIO AVE (PX 2208),5484,WE
34781,43.634467359,-79.546072179,OVIDA AVE AT SHAVER AVE,2718,WE
34782,43.7604210016251,-79.4873339948238,TANGIERS RD AT TORO RD (PX 2302),4312,NO
34786,43.7669909989962,-79.4896430028492,TANGIERS ROAD AT YORK UNIVERSITY BUSWAY (PX 2303),2248,NO
34789,43.649401119,-79.423261446,DUNDAS ST W AT GROVE AVE,8407,SO
34791,43.667122872,-79.342543451,CARLAW AVE AT GERRARD ST S INT,12779,SO
34792,43.668446811,-79.343092584,CARLAW AVE AT SIMPSON AVE,18793,SO
34793,43.750901845,-79.598598077,"MARTIN GROVE ROAD AT 300M S OF SILVERSTONE DR
",6698,WE
34794,43.665397011,-79.46228965,DUNDAS ST W AT INDIAN GRV,26983,SO
34795,43.667220785,-79.427860429,MANCHESTER AVE AT OSSINGTON AVE,7504,SO
34796,43.7353520032272,-79.290647999412,WARDEN AVE AT 260M N OF BERTRAND & MULTI USE TRAIL (PX 2147),12719,EA
34813,43.652711804,-79.473203887,KENNEDY PARK RD AT MARGDON RD,300,SO
34814,43.667760464,-79.425440861,MANCHESTER AVE AT SHAW ST,761,SO
34817,43.752089994,-79.542380573,FINCH AVE AT #2405 FINCH AVE,17802,NO
34818,43.8125859957246,-79.2913109953295,MIDLAND AVE AT 215M SOUTH OF MCNICOLL AVE (PX 2276),11113,EA
34819,43.7348369955827,-79.3543400039394,LAWRENCE AVE AT 130M EAST OF LESLIE & LAWRENCE WKWY(PX 2265),12841,NO
34825,43.692986878,-79.300765442,PALMER AVE AT SECORD AVE,2269,SO
34867,43.77748000032,-79.4439499943411,BATHURST ST AT 70M S OF KENTON DR (PX 2275),40731,NO
34868,43.8105959980675,-79.3012450023104,KENNEDY ROAD AT 161M SOUTH OF MCNICOLL AVE (PX 2277),28388,EA
34913,43.728189953,-79.394499361,RONAN AVE AT WANLESS AVE,2010,SO
34915,43.760091668,-79.182801787,GARDENTREE ST AT MORNINGSIDE AVE AND PIXLEY CRES,7429,EA
34928,43.717938011,-79.587494411,JEFFCOAT DR AT KEARNEY DR AND ROSEFAIR CRES,628,WE
34929,43.672138022,-79.390529612,BAY ST AT SCOLLARD ST,17026,SO
34930,43.671545273,-79.393373491,HAZELTON AVE AT SCOLLARD ST,1135,SO
34931,43.696151033,-79.291565181,CRESCENT PL AT CRESCENT TOWN PL AND MASSEY SQ,2812,SO
34932,43.646875797,-79.513589332,BLOOR ST AT BRENTWOOD RD,13335,WE
34933,43.619905061,-79.499926422,MELROSE ST AT ROYAL YORK RD,8618,WE
34934,43.597762638,-79.530824862,ELDER AVE AT THIRTIETH ST,3712,WE
34935,43.707193874,-79.443081304,MARLEE AVE AT VIEWMOUNT AVE,17500,NO
34936,43.754783572,-79.180495094,CUMBER AVE AT FORDOVER DR AND MORNINGSIDE AVE,10260,EA
35019,43.648414503,-79.422868664,GROVE AVE AT ROLYAT ST,218,SO
35066,43.661409236,-79.464023159,HUMBERSIDE AVE AT MAVETY ST,1203,SO
35067,43.647771074,-79.489608398,BLOOR ST W AT BRULE TER,14078,SO
35068,43.753003229,-79.406504652,HWY 401 EB AT LORD SEATON,12758,NO
35150,43.644083846,-79.408773032,ADELAIDE ST W AT NIAGARA ST,4367,SO
35151,43.6782089964689,-79.390042002953,ROXBOROUGH ST W AT YONGE ST (PX 2306),26332,SO
35152,43.693146825,-79.30007899,EASTDALE AVE AT SECORD AVE,3950,SO
35153,43.69950091,-79.406439603,AVENUE RD AT TRANMER AVE,22585,SO
35154,43.779424147,-79.411886426,DORIS AVE AT KENNETH AVE AND OLIVE AVE,6757,NO
35155,43.760713941,-79.410748722,BOGERT AVE AT YONGE ST,26431,NO
35156,43.759053334,-79.410339437,GLENDORA AVE AT JOHNSTON AVE AND YONGE ST,28364,NO
35157,43.614132045,-79.523646249,KIPLING AVE AT TORLAKE CRES,10485,WE
35189,43.696080245,-79.295135168,CRESCENT TOWN PL AT MASSEY SQ,1932,SO
35203,43.6368405323335,-79.4098536913579,STRACHAN AVE AT FG GARDINER UNDERPASS,12123,SO
35204,43.637615,-79.400135,BATHURST ST AT FG GARDINER UNDERPASS,17204,SO
35246,43.7805389984671,-79.4327520040866,GRANTBROOK ST 55M N OF BLAKE AVE (PX 2266),4147,NO
35262,43.637049152,-79.39799261,DAN LECKIE WAY AT FG GARDINER UNDERPASS,2352,SO
35267,43.759826684,-79.171749203,COPPERFIELD RD AT MANSE RD,163,EA
35268,43.704780651,-79.301400898,GLEN ROBERT DR AT PLAXTON DR,514,SO
35269,43.763790998,-79.151565406,BEECHGROVE DR AT COPPERFIELD RD,232,EA
35270,43.708225265,-79.565096833,KIPLING AVE AT NAMCO RD,13218,WE
35315,43.610190519,-79.495884633,HILLSIDE AVE AT ROYAL YORK RD,13705,WE
35317,43.659375989,-79.494966534,ST MARKS RD AT VARSITY RD,2285,SO
35318,43.70612004,-79.323939748,ELSWICK RD AT HACKBERRY ST,187,SO
35319,43.706629703,-79.321660099,HACKBERRY ST AT WOODBINE HTS,231,SO
35337,43.680161354,-79.532733005,EDERNO CRT AT EDEN VALLEY DR AND POPLAR HEIGHTS CRES,392,WE
35338,43.706371356,-79.322813976,HACKBERRY ST AT WHITE PINE AVE,207,SO
35339,43.761215114,-79.456249726,KENNARD AVE AT WILMINGTON AVE,8200,NO
35340,43.749487873,-79.532792352,ARROW RD AT DEERHIDE CRES (NORTH INT),14792,NO
35341,43.63943093,-79.386817063,LAKE SHORE BLVD W AT REES ST,21978,SO
35352,43.690684043,-79.472743468,EGLINTON AVE AT SCOTT RD,11997,WE
35356,43.687419014,-79.370273147,DOUGLAS DR AT STANDISH AVE,1932,SO
35357,43.685114068,-79.377922274,MACLENNAN AVE AT WHITHALL RD,1298,SO
35358,43.693028062,-79.3967315,LAWTON BLVD AT WAMSLEY BLVD,996,SO
35359,43.7819610030583,-79.4238859974937,TALBOT RD 22 M N OF BLAKE AVE (PX 2267),4656,NO
35365,43.649125,-79.356095,CHERRY ST AT FG GARDINER UNDERPASS,21207,SO
35366,43.7657750033904,-79.4090850044293,DORIS AVE AT 50M S OF HOLLYWOOD AVE (PX 2323),7796,NO
35367,43.656443665,-79.426214256,DELAWARE AVE AT DEWSON ST,1829,SO
35368,43.708117585,-79.443439797,MARLEE AVE AT HILLMOUNT AVE,7195,NO
35369,43.65078211,-79.413501003,DUNDAS ST AT GORE VALE AVE,8020,SO
35370,43.654182525,-79.413468704,CLINTON ST AT HENDERSON AVE,2483,SO
35371,43.709869512,-79.444171392,GLEN PARK AVE AT MARLEE AVE,7530,NO
35401,43.659576909,-79.448685267,PATON RD AT SYMINGTON AVE AND ERNEST AVE,5102,SO
35402,43.830494418,-79.223687614,STAINES RD AT SEASONS DR,3121,EA
35403,43.795469782,-79.290651138,BELGREEN AVE AT HUNTINGWOOD DR,7390,EA
35404,43.723888289,-79.61584949,HUMBERWOOD BLVD AT KINGSPLATE CRES,16486,WE
35405,43.667372986,-79.381638292,CHURCH ST AT GLOUCESTER ST,13968,SO
35406,43.691926784,-79.327115093,BARKER AVE AT COXWELL AVE,16442,SO
35407,43.772545605,-79.389386098,BAYVIEW AVE AT HILLCREST AVE,19626,NO
35408,43.699029511,-79.434803732,EGLINTON AVE AT STRATHEARN RD,20940,WE
35432,43.818447428,-79.304753198,# 3200 KENNEDY RD @ 125M N OF MCNICOLL AVE (MARY WARD HIGH S,16454,EA
35589,43.725227663,-79.313781178,BERMONDSEY RD AT MOBILE DR,9798,NO
35590,43.653427368,-79.483865437,COLBECK ST AT EVANS AVE,1617,SO
35591,43.653180043,-79.484942505,ARMADALE AVE AT COLBECK ST,2023,SO
35592,43.725632461,-79.333430322,GARAMOND CRT AT WYNFORD DR,15453,NO
35593,43.762240995,-79.500520883,FOUNTAINHEAD RD AT SENTINEL RD,17845,NO
35594,43.721837528,-79.310318794,BARTLEY DR AT HOBSON AVE,4488,NO
35597,43.827313275,-79.249304095,MARKHAM RD AT TURBINA AVE,35475,EA
35598,43.662281985,-79.340597037,CARLAW AVE AT COLGATE AVE,5708,SO
35601,43.6191200018023,-79.5552699967501,NORTH QUEEN ST AT 137M W OF INDEX ROAD & PRIVATE ACCESS (PX 2309),9515,WE
35602,43.779573393,-79.475622647,ALNESS ST AT DOLOMITE DR,18757,NO
35636,43.731554008,-79.310027357,DRAYCOTT DR AT SLOANE AVE,2776,NO
35637,43.687287464,-79.313476504,WOLVERLEIGH BLVD AT WOODBINE AVE,7162,SO
35697,43.707907542,-79.453397323,DUFFERIN ST AT GLEN PARK AVE,32931,NO
35741,43.782853786,-79.450511384,CEDARCROFT BLVD AT TORRESDALE AVE,3664,NO
35742,43.702507241,-79.376439007,DAVISVILLE AVE AT LE MAY RD,2918,SO
35744,43.773718029,-79.529772129,STEELES AVE AT # 4249 STEELES AVE AND SANTE DR (PLAZA ENT),20489,NO
35745,43.644443438,-79.393139855,CLARENCE SQ AT WELLINGTON ST,1161,SO
35747,43.724254764,-79.620777306,HUMBERWOOD BLVD AT VIEW GREEN CRES AND WESTOWANIS DR,8640,WE
35748,43.683870192,-79.483158093,BUSHEY AVE AT WESTON RD,15623,WE
35749,43.751472848,-79.51281114,DRIFTWOOD AVE AT YORKWOODS GATE,3408,NO
35750,43.656972581,-79.395166518,BEVERLEY ST AT CECIL ST,7283,SO
35751,43.691742051,-79.489390859,BERTAL RD AT INDUSTRY ST,2385,WE
35752,43.758911584,-79.509554201,FINCH AVE AT TOPCLIFF AVE,32447,NO
35809,43.693031458,-79.342456963,DONLANDS AVE AT PLAINS RD,18335,SO
35810,43.656724271,-79.396321154,CECIL ST AT ROSS ST,703,SO
35812,43.653896045,-79.398445814,D ARCY ST AT SPADINA AVE,4267,SO
35813,43.654315799,-79.396565654,D ARCY ST AT HURON ST,367,SO
35814,43.717345125,-79.294081944,LEAHURST DR AT PHARMACY AVE,8933,EA
35816,43.654803063,-79.394280465,BEVERLEY ST AT D ARCY ST,9221,SO
35817,43.654684352,-79.389224874,DUNDAS ST AT SIMCOE ST,8948,SO
35818,43.656102096,-79.399315614,CECIL ST AT SPADINA AVE,4855,SO
35823,43.784463322,-79.13320392,EAST AVE AT GOLDERS GREEN AVE,1590,EA
35824,43.787374449,-79.134432658,EAST AVE AT EAST WILLOW GT AND MASTWOOD CRES,1514,EA
35825,43.792367604,-79.136512415,EAST AVE AT FANFARE AVE,3284,EA
35826,43.798094702,-79.138893024,EAST AVE AT ISLAND RD,4786,EA
35893,43.635176659,-79.401329177,BISHOP TUTU BLVD AT STADIUM RD,1683,SO
35895,43.635251892,-79.399218544,BISHOP TUTU BLVD AT QUEENS QUAY W,1857,SO
35896,43.69023276,-79.379234982,GLENROSE AVE AT WELLAND AVE,1755,SO
35897,43.692074305,-79.380009359,ROSE PARK DR AT WELLAND AVE,3455,SO
35898,43.752481294,-79.591318399,BEACONHILL RD AT SILVERSTONE DR,1368,WE
35962,43.713880323,-79.304872549,AMSTERDAM AVE AT WESTVIEW BLVD,603,SO
35963,43.683526704,-79.400209291,AVENUE RD AT FARNHAM AVE,17864,SO
35964,43.647613316,-79.402001823,QUEEN ST AT RYERSON AVE,7532,SO
35965,43.758166185,-79.193055921,GALLOWAY RD AT WALDOCK ST,5234,EA
35968,43.661292976,-79.449392049,SYMINGTON AVE AT WALLACE AVE,8348,SO
35972,43.6600796,-79.593729235,EGLINTON AVE AT EXPLORER DR,13107,WE
35978,43.643616026,-79.453263626,ALGONQUIN AVE AT INDIAN RD,1591,SO
35979,43.651589872,-79.446809092,DUNDAS ST AT PARKWAY AVE,10475,SO
35980,43.735412238,-79.347141704,MARIE LABATTE ROAD AT THE DONWAY,13985,NO
35981,43.701645456,-79.387495025,MILLWOOD RD AT MOUNT PLEASANT RD,15869,SO
35982,43.760175777,-79.193907263,CORONATION DR AT GALLOWAY RD,9439,EA
35983,43.688465097,-79.389090932,AVOCA AVE AT PLEASANT BLVD,4460,SO
35984,43.687334723,-79.388352303,AVOCA AVE AT ROSEHILL AVE,3300,SO
35988,43.768408999,-79.186225546,LAWRENCE AVE AT ST MARTIN DE PORRES CHURCH EAST OF FLORIST L,8720,EA
35989,43.692995168,-79.474508286,IRVING RD AT KEELE ST,9167,WE
35990,43.761504488,-79.406819376,BONNINGTON PL AT LYNDALE DR,4345,NO
35991,43.760717885,-79.406499879,ANNDALE DR AT BONNINGTON PL,4248,NO
35992,43.760638011,-79.406811213,ANNDALE DR AT TRADEWIND AVE,4263,NO
35993,43.759864629,-79.406480782,GLENDORA AVE AT TRADEWIND AVE,4237,NO
35994,43.759297544,-79.409100978,BALES AVE AT GLENDORA AVE,2371,NO
35995,43.803066048,-79.23227707,GREENSPIRE RD AT MCLEVIN AVE,13902,EA
35996,43.654503378,-79.390379368,DUNDAS ST W AT ST PATRICK ST,17652,SO
35997,43.763296756,-79.402870844,DUDLEY AVE W AT SHEPPARD AVE E,19442,NO
35998,43.692749991,-79.474441275,KEELE ST AT LONBOROUGH AVE,815,WE
35999,43.7708480020829,-79.4166039954616,BEECROFT ROAD AT ELLERSLIE AVE (PX 2300),5611,NO
36000,43.7763780039233,-79.417373005406,BEECROFT ROAD AT KEMPFORD BLVD (PX 2305),13813,NO
36001,43.7733119978228,-79.4161949960199,BEECROFT ROAD AT CHURCHILL AVE (PX 2299),7296,NO
36003,43.647437704,-79.417322706,ARGYLE ST AT SHAW ST,2842,SO
36004,43.629561507,-79.5517707,THE EAST MALL AT VICKERS RD,5119,WE
36005,43.788977878,-79.417823521,WEDGEWOOD DR AT YONGE ST,46657,NO
36009,43.769173826,-79.182836147,# 4218 LAWRENCE AVE AT LAWRENCE AVE,9291,EA
36010,43.652743322,-79.436722019,BROCK AVE AT LINDSEY AVE,2957,SO
36033,43.673330639,-79.368833576,BLOOR ST AT CASTLE FRANK CRES,23228,SO
36086,43.78383982,-79.470149526,GERRY FITZGERALD DR AT DRIVEWAY 75M SOUTH OF STEELES AVE E,11526,NO
36185,43.704324315,-79.384043804,FORMAN AVE AT TILSON RD,748,SO
36186,43.694942698,-79.462810637,BOWIE AVE AT CALEDONIA RD,23400,WE
36188,43.679373817,-79.428197482,ARLINGTON AVE AT BENSON AVE,1570,SO
36189,43.680058532,-79.42504138,BENSON AVE AT CHRISTIE ST,9165,SO
36198,43.681008294,-79.357731144,# 855 BROADVIEW AVE AT BROADVIEW AVE,7532,SO
36203,43.686525792,-79.31314919,STRATHMORE BLVD AT WOODBINE AVE,7368,SO
36205,43.783473051,-79.181613085,CONLINS RD AT LASH CRT AND MILITARY TRL,4690,EA
36206,43.666324944,-79.452753457,HUGO AVE AT PERTH AVE,636,SO
36207,43.665963094,-79.45448823,FRANKLIN AVE AT HUGO AVE,317,SO
36208,43.662095342,-79.454015771,EDWIN AVE AT RUSKIN AVE,484,SO
36212,43.662064608,-79.445859683,WALLACE AVE AT WARD ST,2261,SO
36214,43.659228899,-79.427326075,DELAWARE AVE AT HEPBOURNE ST,1327,SO
36215,43.659512792,-79.426008122,CONCORD AVE AND HEPBOURNE ST,1147,SO
36216,43.690164384,-79.328529779,DURANT AVE AT MORTIMER AVE,7196,SO
36217,43.70933903,-79.271805048,NEWLANDS AVE AT SANTAMONICA BLVD,738,EA
36219,43.664085156,-79.426541311,LEEDS ST AT OSSINGTON AVE,13795,SO
36220,43.760516154,-79.415507787,BANGOR ROAD AT SHEPPARD AVE W,29838,NO
36222,43.724210796,-79.52406924,BARTOR ROAD AT HUXLEY ROAD,2050,NO
36234,43.703038052,-79.389530335,DE SAVERY CRES AT PENROSE RD,670,SO
36235,43.688812479,-79.431842217,ARLINGTON AVE AT VAUGHAN RD,6244,WE
36321,43.72124327,-79.506267686,EPIC LANE RD AT WILSON AVE,13368,NO
36322,43.771678579,-79.253653116,ELLESMERE RD AT SARATOGA DR,46091,EA
36329,43.730320739,-79.61965768,HUMBERWOOD BLVD AT TOPBANK DR,4452,WE
36330,43.644693985,-79.405794093,ADELAIDE ST W AT TECUMSETH ST,4615,SO
36331,43.66118234,-79.342753508,BUSY ST AT LOGAN AVE,3279,SO
36332,43.7227150012069,-79.2556279980836,DANFORTH RD AT MAGNOLIA AVE (PX 2322),20361,EA
36366,43.661558119,-79.341117781,BUSY ST AT VERRAL AVE,50,SO
36367,43.730979367,-79.336814047,MOCCASIN TRL AT NOB LANE,1966,NO
36380,43.775138122,-79.156389878,LAWRENCE AVE E AT MEADOWVALE RD,12078,EA
36419,43.710717571,-79.498200749,LISCOMBE RD AT MAPLE LEAF DR AND VENICE DR,3730,NO
36436,43.7981120021396,-79.2696259999807,COMMANDER BLVD AT HUNTINGWOOD DR (PX 2301),16118,EA
36437,43.7948319957301,-79.2195870008972,BURROWS HALL BLVD AT MILLNER AVE (PX 2307),5876,EA
36446,43.682927884,-79.419545171,RAGLAN AVE AT ST CLAIR AVE W,8502,SO
36449,43.686194415,-79.420870177,MAPLEWOOD AVE AT RAGLAN AVE,916,WE
36450,43.6833728,-79.419725228,RAGLAN AVE AT LANEWAY N OF ST CLAIR AVE W,677,SO
36461,43.678637267,-79.28315523,BRACKEN AVE AT VICTORIA PARK AVE,4824,EA
36462,43.683786796,-79.402906045,BALMORAL AVE AT POPLAR PLAINS RD SOUTH ROADWAY,1643,SO
36463,43.682885274,-79.478669162,PORTER AVE AT WESTON RD,15465,WE
36473,43.733191756,-79.619498679,HONEYVIEW PL AT HUMBERWOOD BLVD,10127,WE
36474,43.664891732,-79.585624119,GENTIAN DR AT RENFORTH DR,6409,WE
36475,43.685184505,-79.4034909,LYNWOOD AVE AT POPLAR PLAINS RD,1031,SO
36476,43.696282978,-79.415022421,ARCHER RD AT BROWSIDE AVE,417,SO
36478,43.806787056,-79.17000104,MEADOWVALE RD AT ROTARY DR,5355,EA
36479,43.817921651,-79.213723511,HALFWAY AVE AT MORNINGSIDE AVE,9297,EA
36481,43.621376463,-79.545467014,NORTH QUEEN ST AT 186M EAST OF THE EAST MALL AT LAWES DRIVEW,6776,WE
36482,43.697879847,-79.41451034,DUNLOE RD AT OLD FOREST HILL RD,1266,SO
36525,43.661069952,-79.441649791,EMERSON AVE AT PATON ROAD,416,SO
36526,43.713070984,-79.45450555,CORK AVE AT DUFFERIN ST,15093,NO
36527,43.651806435,-79.375203611,CHURCH ST AT LOMBARD ST,6647,SO
36532,43.683776877,-79.405550263,BALMORAL AVE AT WARREN RD,1733,SO
36534,43.689016553,-79.374156979,HARPER AVE AT ROSEDALE HEIGHTS DR,121,SO
36535,43.684662707,-79.405909934,LYNWOOD AVE AT WARREN RD,2157,SO
36657,43.7712480013298,-79.2298000020446,MARKHAM RD AT 260M SOUTH OF BRIMORTON DR (PX 2279),15826,EA
36658,43.7299969964986,-79.2992350053154,PHARMACY AVE AT 115M NORTH OF RANNOCK ST (PX 2268),11762,EA
36661,43.7258730025633,-79.4854750044367,AGATE RD AND MORTON SHULMAN AVE AT WILSON AVE (PX 2285),11045,NO
36662,43.7969290002138,-79.2727089992866,BRIMLEY RD AT 170M SOUTH OF HUNTINGWOOD DR (PX 2308),14554,EA
36663,43.7841130011462,-79.2971620033831,BONIS AVE AT CARABOB CRT AND KING HENRY BLVD (PX 2338),4604,EA
36664,43.723915000559,-79.4456740007595,RANEE AVE AT VARNA DR (PX 2355),5309,NO
36665,43.7232829955161,-79.4486519963785,FLEMINGTON RD AT RANEE AVE (PX 2356),4526,NO
36666,43.654122458,-79.423959662,COLLEGE ST AT CONCORD AVE,7679,SO
36667,43.653868736,-79.425186571,COLLEGE ST AT DELAWARE AVE,7524,SO
36694,43.647312793,-79.432650339,BANK ST AT SHERIDAN AVE,611,SO
36710,43.758460728,-79.589353324,KIPLING AVE AT MARKBROOK LANE,12735,WE
36711,43.756528758,-79.454309719,WATERLOO AVE AT WILMINGTON AVE,4821,NO
36712,43.759646088,-79.455616546,COMBE AVE AT WILMINGTON AVE,9015,NO
36713,43.758105906,-79.454955953,BRIGHTON AVE AT WILMINGTON AVE,4688,NO
36715,43.652717662,-79.457703841,INDIAN GRV AT RIDOUT ST,3196,SO
36730,43.660654071,-79.37485096,GEORGE ST AT GERRARD ST E,13587,SO
36731,43.656519002,-79.557625936,RATHBURN RD AT WEST DEANE PARK DR,16858,WE
36778,43.643586083,-79.411225608,ADELAIDE ST W AT STAFFORD ST,2774,SO
36800,43.654910924,-79.420273886,COLLEGE ST AT SHAW ST,24496,SO
36801,43.648644069,-79.560165129,KEANE AVE AT THE EAST MALL,11731,WE
36802,43.630805566,-79.504477296,ROYAL YORK RD AT YORKVIEW DR,15730,WE
36876,43.675109451,-79.425121806,DAVENPORT RD AT RAINS AVE AND TURNER RD,6272,SO
36877,43.809737808,-79.290018434,KILCULLEN CASTLE GATE AT MIDLAND AVE,25126,EA
36878,43.637559036,-79.403866091,BASTION ST AT FORT YORK BLVD,6232,SO
36879,43.637554055,-79.404218539,FORT YORK BLVD AT GZOWSKI BLVD,5714,SO
36881,43.66201492,-79.577073161,ERINGATE DR AT SIGMONT RD,2292,WE
36882,43.695785,-79.38555,MOUNT PLEASANT RD AT ENTRANCE TO MOUNT PLEASANT CEMETERY,14324,SO
36883,43.630642643,-79.48307492,HIGH ST AT THE QUEENSWAY,21038,WE
36884,43.665389173,-79.409992666,ALBANY AVE AT BLOOR ST W AND LIPPINCOTT ST,7733,SO
36885,43.688312764,-79.555912134,HOLYWELL DR AT KIPLING AVE,9176,WE
36886,43.61617394,-79.498367495,JUDSON ST AT ROYAL YORK RD,10039,WE
36889,43.661501905,-79.454986582,DUNDAS ST W AT JEROME ST,10298,SO
36901,43.62280005,-79.527550569,KIPLING AVE AT WARNICA AVE,27418,WE
36902,43.652469618,-79.413426528,BELLWOODS AVE AT TREFORD PL,591,SO
36903,43.652716591,-79.412218024,CLAREMONT ST AT TREFORD PL,592,SO
36904,43.720517271,-79.462293765,BENTWORTH AVE AT PAUL DAVID ST (SOUTH INTERSECTION),1493,NO
36906,43.721395787,-79.462658528,MCADAM AVE AT PAUL DAVID ST,1014,NO
36908,43.659982111,-79.446783724,PATON RD AT RANKIN CRES,185,SO
36909,43.657286973,-79.452713553,DUNDAS ST W AT EDNA AVE,9992,SO
36910,43.725224688,-79.439608359,AMEER AVE AT RANEE AVE,4838,NO
36911,43.676410179,-79.347730679,FENWICK AVE AT MC CONNELL AVE,645,SO
36912,43.676665164,-79.346551441,CARLAW AVE AT MC CONNELL AVE,1424,SO
36943,43.667052787,-79.425165191,ESSEX ST AT SHAW ST (WEST LEG),1063,SO
36944,43.667333986,-79.425261169,ESSEX ST AT SHAW ST (EAST LEG),1076,SO
36957,43.7693679,-79.505416843,NELSON RD AT THE POND RD,10279,NO
36958,43.66875516,-79.423152104,GARNET AVE AT MILES PL,413,SO
36959,43.644320125,-79.412812674,RICHMOND ST W AT STRACHAN AVE,5624,SO
37008,43.792970312,-79.185254861,CANMORE BLVD AT CHARTWAY BLVD AND CONLINS RD,9041,EA
37010,43.645013241,-79.409479602,NIAGARA ST AT RICHMOND ST W,4555,SO
37013,43.685082231,-79.485671419,DENNIS AVE AT WESTON RD,14956,WE
37014,43.662336075,-79.334315776,LARCHMOUNT AVE AT QUEEN ST E,6482,SO
37015,43.719538681,-79.24755056,GIDLEY RD AT ST CLAIR AVE E,9086,EA
37016,43.645563072,-79.43202068,FLORENCE ST AT SHERIDAN AVE,371,SO
37017,43.719191223,-79.249177016,CHINE DR AT ST CLAIR AVE E AND VIVIAN RD,9541,EA
37031,43.638186848,-79.501004312,KENRIDGE AVE AT PRINCE EDWARD DR S,4194,WE
37033,43.660760905,-79.413436841,EUCLID AVE AT HARBORD ST,6464,SO
37034,43.672237755,-79.535589897,ISLINGTON AVE AT PRINCE GEORGE DR AND RIDGEVALLEY CRES,40013,WE
37035,43.706084594,-79.409746246,AVENUE RD AT WILLOWBANK BLVD,36424,SO
37036,43.648079608,-79.578106066,CRENDON DR AT RENFORTH DR (NORTH INTERSECTION),4922,WE
37067,43.6730450014902,-79.4722090026389,GUNNS RD AT 165M N OF ST CLAIR AVE W (PX 2311),4000,SO
37068,43.659238749,-79.569114418,THE EAST MALL AT WEST DEANE PARK DR,7440,WE
37093,43.789355246,-79.17673592,CALVERLEY TRL AT ELLESMERE RD,6450,EA
37146,43.717161294,-79.250690296,MIDLAND AVE AT REEVE AVE,11534,EA
37147,43.646995007,-79.426372967,AFTON AVE AT BEACONSFIELD AVE,445,SO
37148,43.664633787,-79.446881926,LAPPIN AVE AT WARD ST,476,SO
37149,43.705771294,-79.278394127,WARDEN AVE AT 85M NORTH OF BELL ESTATE RD (PRIVATE ACCESS),7418,EA
37150,43.666941584,-79.353237413,BROADVIEW AVE AT VICTOR AVE,15960,SO
37151,43.682684447,-79.436921993,CONWAY AVE AT OAKWOOD AVE,8196,WE
37152,43.789000623,-79.14384177,LAWSON RD AT WICHEY RD,3909,EA
37156,43.662542756,-79.470823029,ANNETTE ST AT QUEBEC AVE,7919,SO
37157,43.660942697,-79.373565182,GERRARD ST E AT PEMBROKE ST,7275,SO
37177,43.687581527,-79.528934738,CHAPMAN RD AT ROYAL YORK RD,8655,WE
37193,43.645096006,-79.573547277,CRENDON DR AT RENFORTH DR (SOUTH INTERSECTION),3423,WE
37196,43.78193243,-79.391494815,BAYVIEW AVE AT BYNG AVE,17552,NO
37197,43.668810086,-79.447293595,BRANDON AVE AT LANSDOWNE AVE,8387,SO
37198,43.61919844,-79.499644917,ROYAL YORK RD AT HAY AVE,18173,WE
37256,43.753206343,-79.179782453,GUILDWOOD PKWY AT MORNINGSIDE AVE,2359,EA
37257,43.764458978,-79.173734444,CORONATION DR AT MANSE RD,3354,EA
37258,43.766781276,-79.158255304,BEECHGROVE DR AT CORONATION DR,1446,EA
37259,43.7496624,-79.18939857,GALLOWAY DR AT GUILDWOOD PKWY,3312,EA
37260,43.752786191,-79.19074655,DEARHAM WOOD AT GALLOWAY RD,1661,EA
37261,43.753573751,-79.185725611,CUMBER AVE AT DEARHAM WOOD AT POPLAR RD,1421,EA
37262,43.761540232,-79.189149847,CORONATION DR AT POPLAR RD,2521,EA
37263,43.750761959,-79.184501668,GUILDWOOD PKWY AT POPLAR RD,2585,EA
37265,43.669710431,-79.492020351,FRENCH AVE AT PRITCHARD AVE,615,WE
37266,43.668321754,-79.45492533,LAUGHTON AVE AT PELHAM AVE,967,SO
37267,43.669989491,-79.490762609,MARIPOSA AVE AT PRITCHARD AVE,628,WE
37268,43.668092452,-79.45604289,PELHAM AVE AT UXBRIDGE AVE,891,SO
37269,43.660360174,-79.361783132,DUNDAS ST E AT REGENT PARK BLVD,7556,SO
37270,43.640635968,-79.449160966,MARION ST AT SUNNYSIDE AVE,3007,SO
37271,43.748178366,-79.281442281,CANLISH RD AT LAWRENCE AVE E,17523,EA
37272,43.782883958,-79.43654997,CHELMSFORD AVE AT DREWRY AVE,5757,NO
37273,43.77341028,-79.428907513,SENLAC RD AT YORKVIEW DR,4578,NO
37281,43.639339932,-79.451310186,ST JOSEPHS HOSPITAL AT THE QUEENSWAY,12720,SO
37282,43.662567846,-79.443334655,ST CLARENS AVE AT WALLACE AVE,1806,SO
37283,43.641238113,-79.422853791,LISGAR ST AT SUDBURY ST,1083,SO
37305,43.710494606,-79.466379262,CALEDONIA RD AT MARCIA AVE,10156,NO
37426,43.639404093,-79.398004699,DAN LECKIE WAY AT FORT YORK BLVD,5473,SO
37499,43.715785669,-79.264715076,MARSH RD AT ST CLAIR AVE E,12654,EA
37500,43.671374023,-79.449419452,DAVENPORT RD AT FOUNDRY AVE,12473,SO
37501,43.690114105,-79.556715105,KIPLING AVE AT LEARMONT DR,9291,WE
37502,43.662494512,-79.404823063,HARBORD ST AT MAJOR ST,8123,SO
37503,43.66489673,-79.445737875,LANSDOWNE AVE AT LAPPIN AVE,7679,SO
37505,43.671279605,-79.375421038,BLEECKER ST AT HOWARD ST AND REDROCKET LANE,2133,SO
37515,43.671328373,-79.373729658,HOWARD ST AT ONTARIO ST,1755,SO
37592,43.693281641,-79.273203049,CLONMORE DR AT WARDEN AVE,24365,EA
37593,43.824797979,-79.302300007,STEELES AVE E AT SPLENDID CHINA TOWER WEST DRIVEWAY,34632,EA
37594,43.824797979,-79.302300007,STEELES AVE E AT SPLENDID CHINA TOWER EAST DRIVEWAY,36095,EA
37595,43.824977642,-79.301532729,STEELES AVE AT TURFF AVE,38474,EA
37596,43.684745304,-79.560989155,BRAMPTON RD AT THE WESTWAY,11774,WE
37597,43.651330737,-79.434276826,MOUTRAY ST AT SHERIDAN AVE,744,SO
37598,43.721600228,-79.504635827,SPRINGVIEW AVE AT WILSON AVE,13631,NO
37599,43.666422931,-79.54611932,FIRWOOD CRES AT KIPLING AVE AND CHURCH DRIVEWAY ON THE EAST,6499,WE
37600,43.682323992,-79.469146018,ROGERS RD AT SCOTT RD,9517,WE
37601,43.639181488,-79.443825282,QUEEN ST W AT TRILLER AVE,6528,SO
37602,43.684451687,-79.450497485,EARLSCOURT AVE AT ROGERS RD,15471,WE
37606,43.747922272,-79.530774944,# 700 ARROW RD AT TTC YARD,7016,NO
37607,43.667129458,-79.528000866,EDENBRIDGE DR AT THE KINGSWAY AND WIMBLETON RD,10643,WE
37609,43.662704787,-79.519595706,ASHLEY RD AT THE KINGSWAY,5005,WE
37610,43.726937235,-79.287277996,CIVIC RD AT WARDEN AVE,11664,EA
37613,43.610737121,-79.493315482,CENTRAL ST AT HILLSIDE AVE,1083,WE
37614,43.656568067,-79.457205059,INDIAN RD AT INDIAN ROAD CRES,908,SO
37793,43.652915834,-79.429677151,COLLEGE ST AT RUSHOLME PARK CRES,5680,SO
37811,43.690660309,-79.418015213,GLENAYR RD AT STRATHEARN BLVD,278,SO
37812,43.669001309,-79.30464477,HERBERT AVE AT QUEEN ST E,9153,SO
37819,43.705565032,-79.391902549,REDPATH AVE AT SOUDAN AVE,4862,SO
37862,43.647203895,-79.525508894,CORDOVA AVE AT MABELLE AVE,7226,WE
37863,43.727790715,-79.389531457,LAWRENCE AVE E AT WANLESS CRES (EAST INT),23688,NO
37864,43.700339829,-79.292323734,DONSIDE DR AT VICTORIA PARK AVE AT MEDHURST RD,16663,SO
37865,43.775888734,-79.320408099,COMMONS DR AT SHEPPARD AVE E,32677,EA
37866,43.689279649,-79.500381596,CORNELL AVE AND GOLDWIN AVE AT JANE ST,23145,WE
37870,43.753840028,-79.321775424,AVONWICK GATE AT CASSANDRA BLVD,3585,NO
37871,43.717423687,-79.481210628,ERIE ST AT RUSTIC RD,2518,NO
37872,43.669222021,-79.520996326,HARTFIELD CRT AT ROMNEY RD AND ROYAL YORK RD,8587,WE
37874,43.80220276,-79.308219804,# 3030 BIRCHMOUNT RD AT BIRCHMOUNT RD (NORTH DRIVEWAY),9555,EA
37875,43.701542895,-79.287337035,DONSIDE DR AT PHARMACY AVE,5104,EA
37876,43.81455617,-79.202530434,GENNELA SQ AT LITTLES RD AND MORNINGVIEW TRL,2197,EA
37881,43.683425573,-79.445262909,DUFFERIN ST AT ROSECLIFFE AVE,11443,SO
37884,43.653422017,-79.413799926,BELLWOODS AVE AT MANSFIELD AVE,807,SO
37885,43.657965166,-79.453996777,CHELSEA AVE AT PRINCE RUPERT AVE,324,SO
37886,43.668905245,-79.408643738,BARTON AVE AT BRUNSWICK AVE,1793,SO
37887,43.641203483,-79.538161089,BLOOR ST W AT BOTFIELD AVE AND SIX POINTS PLAZA,10515,WE
37890,43.713775059,-79.249277032,AYLESWORTH AVE AT MIDLAND AVE,8011,EA
37891,43.727134014,-79.25497266,MIDLAND AVE AT WOLFE AVE,5512,EA
37892,43.752300188,-79.599302428,MARTIN GROVE RD AT ROYALCREST RD,9045,WE
37911,43.679595653,-79.323321475,HANSON ST AT RHODES AVE,1254,SO
37923,43.749976537,-79.211097278,DALE AVE AT SCARBOROUGH GOLF CLUB RD AND TILLINGHAST LN,5297,EA
37956,43.685222367,-79.541404675,DEERFOOT RD AT ISLINGTON AVE,12561,WE
37967,43.793643484,-79.174792276,EUCLID AVE AT MORRISH RD,4849,EA
37968,43.653346814,-79.401568825,AUGUSTA AVE AT WALES AVE,2054,SO
37969,43.740590097,-79.239297718,MCCOWAN RD AT TRUDELLE ST,5097,EA
37970,43.647177874,-79.454310699,GEOFFREY ST AT INDIAN RD,924,SO
37974,43.78255474,-79.479337943,ALNESS ST AT MAGNETIC DR,11258,NO
37975,43.768001128,-79.401373262,HOLLYWOOD AVE AT WILLOWDALE AVE,7844,NO
37977,43.718402822,-79.507972908,DOWNSVIEW AVE AT JANE ST,18859,NO
37978,43.801102618,-79.167009424,HIGHWAY 401 W/B OFF RAMP AT MEADOWVALE RD,9428,EA
37983,43.671133566,-79.391283128,BELLAIR ST AT YORKVILLE AVE,2855,SO
37984,43.709888548,-79.524155253,GARY DR AT WENDELL AVE,5039,NO
37985,43.674951747,-79.399903063,BEDFORD RD AT PEARS AVE AND DESIGNERS WALK LANE,3293,SO
37987,43.675981801,-79.401892465,DUPONT ST AT DESIGNERS WALK LANE,7006,SO
37988,43.645960352,-79.40630534,RICHMOND ST W AT TECUMSETH ST,2585,SO
37989,43.6823082,-79.46546282,CHAMBERS AVE AT ROGERS RD,13921,WE
37990,43.642101024,-79.441866913,MARION ST AT SORAUREN AVE,1822,SO
37991,43.6293199986838,-79.4779199993856,LAKE SHORE BLVD W AT 130M W OF MARINE PARADE DR (PX 2252),6965,WE
37992,43.6556389779062,-79.3531327555234,HAKIMI AVE AT DRIVEWAY SOUTH OF ASHTONBEE RD,6436,SO
37993,43.731524979,-79.462877672,MANIZA RD AT WILSON AVE,10606,NO
37994,43.791110834,-79.299383266,HARFLEUR RD AT HUNTINGWOOD DR,5809,EA
37995,43.748106519,-79.449693959,BAINBRIDGE AVE AT FAYWOOD BLVD,3725,NO
37996,43.829938963,-79.253467379,DYNAMIC DR AT PASSMORE AVE,2958,EA
37997,43.663496378,-79.462360464,ANNETTE ST AT INDIAN GRV,6306,SO
37998,43.697002677,-79.313137478,COSBURN AVE AT GLEDHILL AVE,2615,SO
37999,43.71833592,-79.40085082,GLENCAIRN AVE AT YONGE ST,13890,SO
38000,43.729430605,-79.403349285,ROSLIN AVE AT YONGE ST,31718,SO
38001,43.729158086,-79.403293991,CRANBROOKE AVE AT YONGE ST,31577,SO
38002,43.6969642,-79.306800268,CHISHOLM AVE AT HAMSTEAD AVE,1048,SO
38008,43.720860078,-79.41520033,AVENUE RD AT CARIBOU RD,39640,NO
38009,43.790204836,-79.410798368,WEDGEWOOD DR AT WILLOWDALE AVE,10656,NO
38010,43.69379709,-79.383545365,KINGSMERE RD AT MOORE AVE,3579,SO
38011,43.718028512,-79.414542729,AVENUE RD AT OTTER CRES,18860,SO
38012,43.728386912,-79.244573844,BRIMLEY RD AT SKAGWAY AVE AND PRIVATE ACC,4549,EA
38013,43.771309051,-79.272322251,COSENTINO DR AT MIDLAND AVE,12914,EA
38014,43.777227541,-79.263938479,BRIMLEY RD AT HWY 401 EB OFF RAMP (SOUTH SIDE),29010,EA
38015,43.773591886,-79.270025362,COSENTINO DR AT PROGRESS AVE,8572,EA
38016,43.779649192,-79.264894423,BRIMLEY RD AT HWY 401 NORTH SIDE,16486,EA
38017,43.7274729976672,-79.4800819970174,JAMES FINLAY WAY AT WILSON AVE (PX 2281),17831,NO
38018,43.7336350036804,-79.5904099943284,MARTIN GROVE RD AT 43 M S OF RAMPART RD (PX 2379),8998,WE
38019,43.64997484,-79.444910605,GRENADIER RD AT SORAUREN AVE,3127,SO
38020,43.780776793,-79.245901599,CORPORATE DR AT LEE CENTRE DR E,4116,EA
38021,43.77076073,-79.258129094,BOROUGH APPROACH W AT ELLESMERE RD,14977,EA
38022,43.768424386,-79.268802882,ELLESMERE RD AT OAKLEY BLVD,15871,EA
38023,43.772525508,-79.249853296,ELLESMERE RD AT STONETON DR,14394,EA
38024,43.780742082,-79.238766993,PRODUCTION DR AT PROGRESS AVE,10475,EA
38025,43.780928698,-79.237892637,ESTATE DR AT PROGRESS AVE (WEST INTERSECTION),10543,EA
38026,43.781534103,-79.23495859,ESTATE DR AT PROGRESS AVE (EAST INTERSECTION),11488,EA
38027,43.755734759,-79.53756758,HIGH MEADOW PL AT SIGNET DR,15569,NO
38028,43.773612506,-79.2611327,BOROUGH DR AT TRITON RD,9865,EA
38030,43.774396555,-79.253549694,BOROUGH DR AT TOWN CENTRE CRT (NORTH INTERSECTION),16301,EA
38031,43.772525685,-79.254642501,BOROUGH DR AT TOWN CENTRE CRT (WEST INTERSECTION),4093,EA
38032,43.771703903,-79.258493171,BOROUGH APPROACH W AT BOROUGH DR AND BRIAN HARRISON WAY,5754,EA
38033,43.7721992,-79.256193431,BOROUGH APPROACH E AT BOROUGH DR,7486,EA
38035,43.6237739985557,-79.4831869998522,PARK LAWN RD AT 175M N OF LAKE SHORE BLVD W (PX 2188),13169,WE
38038,43.619764574,-79.552473882,EASTSIDE DR AT NORTH QUEEN ST,9912,WE
38039,43.700312422,-79.305356874,FERRIS RD AT REXLEIGH DR (SOUTH INT),207,SO
38040,43.6412279,-79.426678475,JOE SHUSTER WAY AT LAIDLAW ST,1188,SO
38041,43.662440126,-79.448554225,CAMPBELL AVE AT SARNIA AVE,491,SO
38042,43.701138868,-79.259925187,ANNEKE RD AT HIGHVIEW AVE,1277,EA
38043,43.812416109,-79.27353234,BRIMWOOD BLVD AT DELBURN DR,2565,EA
38044,43.809307551,-79.213983025,ALFORD CRES AT SEWELLS RD,3389,EA
38046,43.796881868,-79.247360168,DOVEDALE CRT AT NUGGET AVE,4861,EA
38047,43.807443921,-79.223849396,MCLEVIN AVE AT PINERY TRL E,4525,EA
38048,43.802748097,-79.285875555,3410 MIDLAND AVE,12163,EA
38049,43.672479308,-79.305965341,HASLETT AVE AT NORWAY AVE,529,SO
38050,43.639692053,-79.432445692,COWAN AVE AT MELBOURNE AVE,731,SO
38051,43.756634641,-79.432832885,DON RIVER BLVD AT SHEPPARD AVE W,13860,NO
38052,43.643637214,-79.50331595,GLENROY AVE AT PRINCE EDWARD DR,7102,WE
38053,43.760353768,-79.304457196,CROCUS DR AT DEWEY DR AND ELLESMERE RD,17350,EA
38054,43.771538716,-79.172258594,LAWRENCE AVE AT VALIA RD,8679,EA
38055,43.634802598,-79.565757614,BLOOR ST W AT PEACOCK AVE,13280,WE
38056,43.606974412,-79.490525103,LAKE CRES AT LAKE SHORE BLVD W,6238,WE
38057,43.64784934,-79.509173705,BLOOR ST W AT ELSFIELD RD,13221,WE
38058,43.733814162,-79.268607437,KENNEDY RD AT TREVERTON DR,12897,EA
38059,43.717566016,-79.272665742,BIRCHMOUNT RD AT WILLOWMOUNT DR,6885,EA
38060,43.654008412,-79.486413316,HUMBERVIEW RD AT JANE ST,7926,SO
38061,43.681162015,-79.356780884,BROWNING AVE AT ELLERBECK ST,1084,SO
38062,43.636419258,-79.439968779,BEATY AVE AT KING ST W,6538,SO
38065,43.772864577,-79.221933365,BRIMORTON DR AT PAINTED POST DR,4568,EA
38066,43.630152339,-79.485251033,THE QUEENSWAY AT SMITHFIELD DR,17139,WE
38067,43.636957845,-79.471043846,THE QUEENSWAY AT SOUTHPORT ST,14161,SO
38068,43.708040629,-79.510990924,CHURCH ST AT PINE ST,6215,WE
38069,43.697143811,-79.463221668,CALEDONIA RD AT CLARKSON AVE,7495,WE
38071,43.629837451,-79.486735802,ALDGATE AVE AT THE QUEENSWAY,17521,WE
38072,43.622515854,-79.479612666,HUMBER BAY PARK RD E AT MARINE PARADE DR,2196,WE
38073,43.675644374,-79.310880799,EASTWOOD RD AT KINGSMOUNT PARK RD,1961,SO
38074,43.673855548,-79.315156785,EASTWOOD RD AT EDGEWOOD AVE,2089,SO
38075,43.7246097,-79.404554158,LAWRENCE AVE W AT UNSWORTH AVE,11629,SO
38076,43.664530693,-79.452007473,PARKMAN AVE AT PERTH AVE,676,SO
38077,43.664178518,-79.45374827,FRANKLIN AVE AT PARKMAN AVE,565,SO
38079,43.697303165,-79.509462118,VICTORIA AVE AT WESTON RD,5889,WE
38081,43.734354711,-79.361009743,BRIAN CLIFF DR AT LAWRENCE AVE E,6548,NO
38082,43.636105868,-79.474486344,RAMP SOUTH KINGSWAY SB TO THE QUEENSWAY WB,1540,SO
38083,43.635574924,-79.473648127,RAMP SOUTH KINGSWAY NB TO THE QUEENWAY WB,752,SO
38084,43.635492132,-79.473493527,RAMP THE QUEENSWAY EB TO SOUTH KINGSWAY NB,1719,SO
38085,43.635397231,-79.473327009,RAMP SOUTH KINGSWAY SB TO THE QUEENSWAY EB,928,SO
38086,43.63794661,-79.552467215,BLOOR ST W AT TREMONT RD,11494,WE
38087,43.665407252,-79.363839663,BOWMAN ST AT CARLTON ST,441,SO
38088,43.655030194,-79.453442874,ALHAMBRA AVE AT INDIAN TRL,620,SO
38089,43.648891877,-79.454560578,CONSTANCE ST AT INDIAN RD,2159,SO
38090,43.683345616,-79.28510911,VICTORIA PARK AVE AT WOODALE AVE,4888,SO
38091,43.681818885,-79.353553745,BROWNING AVE AT CHESTER AVE,897,SO
38093,43.694575903,-79.473792934,BEECHBOROUGH AVE AT BERTRAM ST,4138,WE
38096,43.690238733,-79.306430999,GATWICK AVE AT WESTLAKE AVE,665,SO
38097,43.647890871,-79.409185446,MANNING AVE AT ROBINSON ST,1050,SO
38098,43.732111441,-79.345729173,SOUTHILL DR AT THE DONWAY W,3205,NO
38106,43.6961670017144,-79.5209489956454,HILL GARDEN RD AT SCARLETT RD (PX 2385),8053,WE
38112,43.759267652,-79.222838408,GREENCREST CRCT & HOLMFIRTH TER,2850,EA
38114,43.651362835,-79.475181208,BLOOR ST W AT KENNEDY AVE,11221,SO
38115,43.778186108,-79.412922223,DORIS AVE AT HOLMES AVE,6880,NO
38117,43.701737254,-79.422092482,EGLINTON AVE W AT MAYFAIR AVE,7706,SO
38118,43.691776093,-79.285844861,DANFORTH AVE AT SNEATH AVE,12963,EA
38119,43.783738173,-79.164692514,LAWSON RD AT OLD SWEATS LANE,3780,EA
38120,43.708595555,-79.403803809,EDITH DR AT MONTGOMERY AVE,2704,SO
38121,43.708091366,-79.403652988,EDITH DR AT HELENDALE AVE,2098,SO
38122,43.645362887,-79.423146004,DOVERCOURT RD AT HUMBERT ST,2448,SO
38123,43.775504524,-79.41283506,DORIS AVE AT NORTHTOWN WAY,7479,NO
38124,43.66417246,-79.449304734,ANTLER ST AT CAMPBELL AVE,730,SO
38125,43.642480881,-79.37306563,FREELAND ST AT QUEENS QUAY E,7216,SO
38126,43.727533696,-79.523699161,JUDY SGRO AVE AT TORBARRIE RD,5928,NO
38127,43.705460818,-79.491870543,GOLDCREST BLVD AT LAWRENCE AVE W,34140,NO
38128,43.709062202,-79.45367077,DUFFERIN ST AT GLENGROVE AVE,15165,NO
38129,43.682349053,-79.346126019,CANNING AVE AT PAPE AVE,7127,SO
38136,43.798130527,-79.265357749,BLUEBERRY DR AT HUNTINGWOOD DR,5800,EA
38138,43.691033923,-79.333453445,LINSMORE CRES AT MEMORIAL PARK AVE (WEST INT),725,SO
38140,43.666805471,-79.353180526,BRIDGEPOINT DR AT BROADVIEW AVE,15285,SO
38141,43.647475953,-79.430628702,DUFFERIN ST AT STONEHOUSE CRES,14696,SO
38142,43.645473569,-79.429845773,DUFFERIN ST AT WATERLOO AVE,15473,SO
38143,43.731666976,-79.576394845,ESTHER LORRIE DR AT KIPLING AVE,9878,WE
38144,43.711530794,-79.26289773,DANFORTH RD AT MARSH RD,8675,EA
38145,43.666063663,-79.385051754,ST JOSEPH ST AT YONGE ST,7841,SO
38146,43.735074481,-79.255609315,EGLINTON AVE E AT HUNTINGTON AVE,17365,EA
38147,43.679520411,-79.403011957,POPLAR PLAINS CRES AT POPLAR PLAINS RD,1814,SO
38148,43.650487072,-79.445098283,COLUMBUS AVE AT SORAUREN AVE,2799,SO
38151,43.691944094,-79.355866284,BROADVIEW AVE AT FERNWOOD GNDS,5654,SO
38152,43.691152198,-79.355518412,BROADVIEW AVE AT WOODVILLE AVE,5701,SO
38153,43.692158272,-79.35574053,O CONNOR DR 55M WEST OF BEECHWOOD CRES (#2 O CONNOR DR),5648,SO
38154,43.635305803,-79.56365487,BLOOR ST W AT LEAVENWORTH CRES AND RENFORTH DR,13498,WE
38155,43.668338938,-79.420292193,CHRISTIE ST AT ESSEX ST,6182,SO
38156,43.683629486,-79.418487069,BATHURST ST AT LANE 40M N OF ST CLAIR AVE (W OF BATHURST ST),13942,SO
38157,43.670308701,-79.405305117,KENDAL AVE AT SPADINA RD,7552,SO
38158,43.66291663,-79.374349274,CARLTON ST AT HOMEWOOD AVE,6997,SO
38160,43.684030298,-79.346784488,FULTON AVE AT PAPE AVE,6903,SO
38161,43.791155734,-79.22969211,DAILING GT AT MILNER AVE,6475,EA
38162,43.747861542,-79.207640791,GUILDCREST DR AT KINGSTON RD AND SAUNDERS RD,23173,EA
38163,43.755998533,-79.601662581,BRUNELLO GATE AT MARTIN GROVE RD,6475,WE
38164,43.661563716,-79.386099101,BAY ST AT GRENVILLE ST,10134,SO
38165,43.772315338,-79.442608662,BATHURST ST AT YORKVIEW DR,17647,NO
38168,43.788869372,-79.240110959,MILNER AVE AT SCUNTHROPE RD.,10957,EA
38169,43.704772048,-79.386251549,HARWOOD RD. AT MANOR RD. E,2261,SO
38170,43.720198196,-79.24460339,ANDREW AVE AT ST CLAIR AVE E,9207,EA
38171,43.759365204,-79.32092419,GAILONG CRES AT PARKWOODS VILLAGE DR,12300,NO
38172,43.645196819,-79.521167371,BLOOR ST W AT LOTHIAN AVE,15346,WE
38174,43.705363952,-79.409031857,AVENUE RD AT BURNABY BLVD,18225,SO
38175,43.717875438,-79.41447933,AVENUE RD AT GLENVIEW AVE,20668,SO
38176,43.791511788,-79.237823338,MARKHAM RD AT ROSEBANK DR,20658,EA
38196,43.776278437,-79.210777335,BOTANY HILL RD AT ORTON PARK RD AND SLAN AVE,3143,EA
38197,43.682103031,-79.337999251,DONLANDS AVE AT FIELDING AVE,5176,SO
38199,43.731043454266,-79.4519591724205,BILLY BISHOP WAY AT 400M E OF DUFFERIN ST (COSTCO DRIVEWAY),7807,NO
38200,43.646629566,-79.43436565,BROCK AVE AT DELANEY CRES,2213,SO
38202,43.664963963,-79.460269635,DUNDAS ST W AT WATKINSON AVE,8832,SO
38203,43.663611359,-79.457327544,BRAD ST AT DUNDAS ST W,6521,SO
38204,43.730088712,-79.524237619,TORBARRIE RD AT SERGIO MARCHI ST,2716,NO
38208,43.673618415,-79.385325903,AYLMER AVE AT ROSEDALE VALLEY RD AND SEVERN ST,6367,SO
38209,43.714232444,-79.281936469,ROPER RD AT WARDEN AVE,9983,EA
38224,43.645498901,-79.45316831,HIGH PARK BLVD AT INDIAN RD,3260,SO
38407,43.751733016,-79.233253583,BELLAMY RD N AT BANMOOR BLVD & CEDAR BRAE BLVD,12603,EA
38415,43.671689162,-79.48710542,CASTLETON AVE AT CORBETT AVE AND ROCKCLIFFE BLVD,5107,WE
38417,43.667579259,-79.45832632,OSLER ST AT PELHAM AVE,2197,SO
38421,43.809521527,-79.165738502,SHEPPARD AVE E AT TWYN RIVERS DR,8020,EA
38423,43.679039165,-79.39835151,AVENUE RD AT MC MASTER AVE,20537,SO
38424,43.680460422,-79.39893948,AVENUE RD AT OAKLANDS AVE,19033,SO
38425,43.676379077,-79.397278089,AVENUE RD AT CHICORA AVE,16703,SO
38426,43.714286413,-79.411920272,AVENUE RD AT LYTTON BLVD (NORTH INTERSECTION),23973,SO
38427,43.768615785,-79.426666154,ELLERSLIE AVE AT SENLAC RD,4852,NO
38428,43.647857658,-79.479567292,DEFOREST RD AT WINDERMERE AVE,4045,SO
38429,43.677595878,-79.397769785,AVENUE RD AT MACPHERSON AVE (SOUTH INTERSECTION),20272,SO
38481,43.759628651,-79.478188325,CHESSWOOD DR AT VANLEY CRES SOUTH SIDE,8951,NO
38526,43.679962231,-79.398733166,AVENUE RD AT COTTINGHAM ST (NORTH INTERSECTION),20368,SO
38527,43.659495898,-79.401625813,RUSSELL ST AT SPADINA CRES (WEST LEG),4284,SO
38528,43.691261324,-79.395170311,GLEN ELM AVE AT YONGE ST,13467,SO
38529,43.692098514,-79.395342183,YONGE ST AT MOUNT PLEASANT CEMETERY ENTRANCE,13418,SO
38530,43.679302816,-79.343084706,DANFORTH AVE AT EATON AVE,10314,SO
38531,43.790187925,-79.447109499,CARPENTER RD AT FISHERVILLE RD,4120,NO
38532,43.75703308,-79.452002571,ELDER ST AT WATERLOO AVE,318,NO
38533,43.699436482,-79.421243549,DEWBOURNE AVE AT GLENAYR RD,732,SO
38534,43.69531312,-79.53236821,BRAECREST AVE AT ROYAL YORK RD,7871,WE
38535,43.686780738,-79.289928712,DENGATE RD AT LN N OF GERRARD W OF DENGATE,1347,SO
38554,43.712194641,-79.513903757,DALBEATTIE AVE AT GARY DR,1038,NO
38555,43.667270105,-79.369191456,AMELIA ST AT PARLIAMENT ST & PROSPECT ST,6674,SO
38556,43.648169072,-79.507758329,BLOOR ST W AT GRENVIEW BLVD N & GRENVIEW BLVD S,14941,WE
38557,43.63635457,-79.580278818,MARKLAND DR AT MILL RD (NORTH INTERSECTION),10629,WE
38558,43.683424352,-79.311842444,MERRILL AVE E AT WOODBINE AVE,8116,SO
38559,43.65319879,-79.466903112,BLOOR ST W AT QUEBEC AVE,11676,SO
38560,43.753020768,-79.49173056,DERRYDOWN RD AT GRANDRAVINE DR,6461,NO
38561,43.66561213,-79.484817282,DUNDAS ST W AT DURIE ST,10626,SO
38562,43.665641552,-79.488539728,DUNDAS ST W AT WILLARD AVE,11783,SO
38563,43.713323666,-79.525614458,PELLATT AVE AT WENDELL AVE,3734,NO
38605,43.657795371,-79.437449823,CROATIA ST AT 77M W OF DUFFERIN ST (DUFFERIN MALL DRIVEWAY),2122,SO
38627,43.659419804,-79.347447475,QUEEN ST E AT SAULTER ST,5287,SO
38628,43.691451991,-79.587631753,ATTWELL DR AT FARNBORO RD,4043,WE
38666,43.765591953,-79.40036985,GREENFIELD AVE AT WILLOWDALE AVE,7481,NO
38667,43.769754851,-79.40211545,HILLCREST AVE AT WILLOWDALE AVE,8245,NO
38703,43.703920106,-79.401948968,ANDERSON AVE AT COLIN AVE,1863,SO
38704,43.638671209,-79.413955558,EAST LIBERTY ST AT PIRANDELLO ST,5405,SO
38705,43.70834501,-79.310658557,GARDENS CRES AT O CONNOR DR,11451,SO
38706,43.710077701,-79.307900987,DOHME AVE AT WESTVIEW BLVD,1000,SO
38707,43.707744927,-79.309716145,GARDENS CRES AT WESTVIEW BLVD,873,SO
38708,43.646751404,-79.451695241,SUNNYSIDE AVE AT WESTMINISTER AVE,1990,SO
38720,43.712071009,-79.39441946,ERSKINE AVE AT REDPATH AVE,4293,SO
38721,43.767183995,-79.40101951,ALFRED AVE AT WILLOWDALE AVE,7862,NO
38723,43.694236025,-79.381454215,MOORE AVE AT WELLAND AVE,7476,SO
38724,43.595768622,-79.542560595,BROWNS LINE AT DOVER DR,10375,WE
38725,43.644677266,-79.409225444,MITCHELL AVE AT NIAGARA ST,1666,SO
38734,43.743575441,-79.424811131,AVENUE RD AT BIDEFORD AVE AND BOMBAY AVE,4583,NO
38737,43.693140495,-79.531407266,BRITTANY CRT AT ROYAL YORK ROAD,9522,WE
38765,43.735087878,-79.353325801,LAWRENCE AVE E AT TREMONT CRES (WEST INTERSECTION),15812,NO
38766,43.737766801,-79.347042306,LANGBOURNE PL AT THE DONWAY W/CONDO DRIVEWAY,6418,NO
38794,43.757315211,-79.454629361,SEARLE AVE AT WILMONGTON AVE,4723,NO
38808,43.751385195,-79.204405571,DALE AVE AT KINGSTON ROAD,38439,EA
38809,43.649017069,-79.568545508,# 475 THE WEST MALL DRIVEWAY,5051,WE
38810,43.644636492,-79.429519085,ALMA AVE AT DUFFERIN ST,7281,SO
38814,43.812326827,-79.321571829,BAMBURGH CIR AT FUNDY BAY BLVD,3354,EA
38815,43.700330229,-79.534391408,BRAYWIN DR AT ST PHILLIPS RD,12244,WE
38856,43.791118119,-79.213497105,NEILSON RD AT OAKMEADOW BLVD (NORTH INTERSECTION),11713,EA
38858,43.7682459842199,-79.2430096891314,4325 MCCOWAN RD (MILLIKEN PARK COMMUNITY CENTRE),30024,EA
38861,43.669488062,-79.423492857,"MILES PL AT YARMOUTH RD
",664,SO
38917,43.823213763,-79.263186784,MIDDLEFIELD RD AT PEBBLEWOOD AVE,10476,EA
38918,43.743106201,-79.494243305,SEELEY DR AT SHEPPARD AVE W,13908,NO
38919,43.742575,-79.49675,SHEPPARD AVE W AT #1645 SHEPPARD AVE W,14147,NO
38920,43.733969868,-79.582610499,JAMESTOWN CRES AT JOHN GARLAND BLVD,3226,WE
38922,43.680987201,-79.37386036,GLEN RD AT HIGHLAND AVE,2921,SO
38925,43.72664424,-79.327564488,WYNFORD DR AT WYNFORD HEIGHTS CRES (SOUTH INTERSECTION),9052,NO
38932,43.786962523,-79.367320223,GREEN MEADOWS CIR AT LESLIE ST,15286,NO
38933,43.735022837,-79.419891931,AVENUE RD AT HADDINGTON AVE,19283,NO
38935,43.734131539,-79.419705362,AVENUE RD AND FELBRIGG AVE,18829,NO
38936,43.65238263,-79.525464962,DUNDAS ST W AT MONTGOMERY RD,18917,WE
38937,43.650964795,-79.581229626,CENTENNIAL PARK RD AT RATHBURN RD,7144,WE
38980,43.770461226,-79.240365056,BELLAMY RD N AT BRIDLINGTON ST,8391,EA
38981,43.769380178,-79.239956685,BELLAMY RD N AT NORTHLEIGH DR,8878,EA
38983,43.638024502,-79.431871852,COWAN AVE AT KING ST W,7197,SO
38984,43.690363552,-79.296871418,COLEMAN AVE AT DAWES RD,4681,SO
38985,43.766542091,-79.238782731,AMBERJACK BLVD AT BELLAMY RD N,9095,EA
38989,43.73131879,-79.355070206,#1340 LESLIE ST S OF LAWRENCE-DRIVEWAY ST BONAVENTURE SCHOOL,16817,NO
38994,43.647122821,-79.512451715,BLOOR ST W AT CLIVEDEN AVE,12045,WE
39026,43.677071608,-79.356534336,ELLERBECK ST AT LN N DANFORTH W ELLERBECK,430,SO
39027,43.650343926,-79.506184532,"KING GEORGES RD AT PRINCE EDWARD DR N
",4118,WE
39028,43.654360152,-79.507911084,"PRINCE EDWARD DR N AT QUEEN MARYS DR 
",2959,WE
39032,43.650808569,-79.522359865,LOYALIST RD AT MONTGOMERY RD,2533,WE
39033,43.6965303,-79.573133622,ENTERPRISE RD AT MARTIN GROVE RD,10827,WE
39034,43.805350281,-79.325362927,"MCNICOLL AVE AT STONEBRIDGE BLVD
",8962,EA
39035,43.736109357,-79.440085461,LAURENTIA CRES AT WILSON AVE,12151,NO
39036,43.716941713,-79.393604046,MOUNT PLEASANT RD AT STIBBARD AVE,12740,SO
39040,43.716036624,-79.39305634,MOUNT PLEASANT RD AT SHELDRAKE BLVD,12965,SO
39057,43.665726799,-79.495189532,DUNDAS ST W AT HUMBERCREST BLVD,13372,SO
39058,43.670299433,-79.493163802,CORBETT AVE AT FLORENCE CRES AND JANE ST,12041,WE
39061,43.769277739,-79.246513256,GARNIER CRT AT 355M EAST OF BAYVIEW AVE (DRIVEWAY TO BAYVIEW GTS),629,EA
39063,43.683769091,-79.323807772,COXWELL AVE AT LN N OF DANFORTH E OF COXWELL,285,SO
39064,43.681243679,-79.316842249,COPELAND AVE AT ROSEHEATH AVE,446,SO
39065,43.663587837,-79.320575579,EASTERN AVE AT WOODFIELD RD.,7489,SO
39066,43.694717451,-79.447170774,NORTHCLIFFE BLVD AT VAUGHAN RD,3595,WE
39067,43.696358917,-79.447332888,EGLINTON AVE W AT LOCKSLEY AVE,6267,WE
39068,43.739728592,-79.292444881,WALBON RD. AT WARDEN AVE,14788,EA
39069,43.678255896,-79.483733239,ALLIANCE AVE AT CLIFF ST AND HUMBER BLVD N,5596,WE
39070,43.775826637,-79.404681801,CHURCH AVE AT WILLOWDALE AVE,8368,NO
39096,43.705439639,-79.267499924,BIRCHMOUNT RD AT PARNELL AVE,6012,EA
39097,43.687084431,-79.355848312,BATER AVE AT BROADVIEW AVE,8317,SO
39098,43.81859584,-79.306968175,CANONGATE TRL AT OCKWELL MANOR DR (SOUTH INTERSECTION),1604,EA
39099,43.783940542,-79.408074897,TTC LOT 70M NORTH OF BISHOP AVE AT WILLOWDALE AVE,11050,NO
39101,43.679176556,-79.33986248,CHATHAM AVE AT HAZELWOOD AVE AND JONES AVE,5715,SO
39102,43.7690334744639,-79.2459035803119,WILSON AVE AT 50M WEST OF MURRAY RD (#945 WILSON AVE),15420,EA
39103,43.675504223,-79.409860052,BRIDGMAN AVE AT KENDAL AVE AND MACPERSON AVE,4596,SO
39104,43.734433889,-79.342712876,CLOCK TOWER RD AT DON MILLS RD,15881,NO
39105,43.6470420007717,-79.5565440038307,BURNHAMTHORPE RD AT 65M WEST OF LAUREL AVE (PX 2336),13757,WE
39142,43.67473527,-79.430226176,DAVENPORT RD AT WINONA DR,9619,SO
39143,43.671937447,-79.44604844,DAVENPORT RD AT PRIMROSE AVE,8457,SO
39144,43.678608737,-79.431830984,BENSON AVE AT WINONA DR,3219,SO
39145,43.675218993,-79.447467967,GREENLAW AVE AT ROSEMOUNT AVE,1032,SO
39146,43.676846207,-79.440200826,NORTHCLIFFE BLVD AT ROSEMOUNT AVE,2120,SO
39147,43.67201002,-79.445615063,DAVENPORT RD AT GREENLAW AVE,8399,SO
39148,43.687098298,-79.434639635,HOLLAND PARK AVE AT WINONA DR,1335,WE
39149,43.68662319,-79.434442659,EARLSDALE AVE AT WINONA DR,1749,WE
39150,43.683292238,-79.433259184,DUNDURN CRES AT WINONA DR,1332,WE
39151,43.674753843,-79.428692248,BRACONDALE HILL RD AT DAVENPORT RD,9254,SO
39152,43.686373238,-79.438416468,HOLLAND PARK AVE AT OAKWOOD AVE,8845,WE
39157,43.641884507,-79.449668588,PARKDALE RD. AT SUNNYSIDE AVE,2812,SO
39176,43.642830252,-79.447704505,GALLEY AVE AT RONCESVALES AVE,4568,SO
39190,43.797447318,-79.204831105,MILNER AVE AT CINEMART DR,7121,EA
39237,43.637464154,-79.397226754,DAN LECKIE WAY AT HOUSEY ST,4277,SO
39246,43.772523157,-79.232826224,BRIMORTON DR AT DOLLY VARDEN BLVD,3961,EA
39259,43.771195052,-79.24526778,MILNER AVE AT 130M WEST OF CINEMART DR (#715 EAST DRIVEWAY),5103,EA
39260,43.7716252764321,-79.2435587898147,MILNER AVE AT 480M WEST OF CINEMART DR (#715 WEST DRIVEWAY),5247,EA
39261,43.753262766,-79.187221267,DEARHAM WOOD AT SCHUBERT DR,1087,EA
39262,43.644716844,-79.410840115,RICHMOND ST W AT WALNUT AVE (WEST LEG),1192,SO
39263,43.663320221,-79.453395371,ANTLER ST AT FRANKLIN AVE,558,SO
39271,43.746085713,-79.203121279,GUILDWOOD PKWY AT PRINCE PHILIP BLVD,4889,EA
39274,43.802477522,-79.256365526,COMPASS CRT AT MIDDLEFIELD ROAD,8312,EA
39292,43.756900768,-79.229358359,GREENCEDAR CRT AT DAPHNE ROAD,2828,EA
39293,43.69276652,-79.342344681,DONLANDS AVE AT TORRENS AVE,8499,SO
39294,43.821895805,-79.271159075,INGLETON BLVD AT SAINTSBURY SQ,1412,EA
39295,43.760216151,-79.21679203,HOLMFIRTH TR AT VANWART DR,1200,EA
39300,43.722670482,-79.393996958,ST LEONARDS AVE AT DUNDURN ROAD,1945,SO
39301,43.720896522,-79.383547268,MILDENHALL ROAD AT STRATFORD CRES,2069,NO
39302,43.712480729,-79.436424748,GLENGROVE AVE AT ENGLEMOUNT AVE,2712,NO
39308,43.68227683,-79.332716046,GREENWOOD AVE AT STRATHMORE BLVD,4947,SO
39331,43.653436176,-79.489067644,HALFORD AVE AT HUMBERVIEW ROAD,958,SO
39332,43.681940954,-79.357517808,BROADVIEW AVE AT FULTON AVE,8933,SO
39333,43.762092071,-79.245310643,BELLECHASSE ST AT BENSHIRE DR,670,EA
39334,43.650958261,-79.421383679,HARRISON ST AT OSSINGTON AVE,5542,SO
39335,43.738001309,-79.418143609,ELM ROAD AT RIDLEY BLVD,1293,NO
39336,43.73638982,-79.417960777,ELM ROAD AT DUNBLAINE AVE,1763,SO
39337,43.733872787,-79.41656771,ELM ROAD AT BROOKE AVE,2891,SO
39349,43.73061764,-79.415162533,ELM ROAD AT MELROSE AVE,3229,SO
39350,43.728641134,-79.414382185,ELM ROAD AT FAIRLWAN AVE,2274,SO
39351,43.726164984,-79.413369451,ELM ROAD AT WOBURN AVE,2523,SO
39369,43.715092257,-79.42437974,GLENGROVE AVE AT GLEN RUSH BLVD,2044,NO
39370,43.713597611,-79.423776616,GLENCAIRN AVE AT GLEN RUSH BLVD,3404,NO
39378,43.697950642,-79.366830704,ASTOR AVE AT SOUTHVALE DR,15050,SO
39379,43.697663072,-79.367273318,MALLORY CRES AT MOORE AVE / SOUTHVALE DR,15588,SO
39422,43.68442539,-79.346924839,PAPE AVE AT SAMMON AVE,7370,SO
39429,43.69056188,-79.317521447,SAMMON AVE AT WOODMOUNT AVE,1142,SO
39430,43.689593876,-79.322075485,BINSWOOD AVE AT SAMMON AVE,1377,SO
39431,43.690036625,-79.319982623,GLEBEMOUNT AVE AT SAMMON AVE,1444,SO
39432,43.766495848,-79.194893755,LAWRENCE AVE E AT ANDOVER CRES,11478,EA
39433,43.719656216,-79.436219163,BROOKVIEW DR AT CONVINGTON ROAD,1422,NO
39434,43.766843206,-79.291901659,BIRCHMOUNT ROAD AT FLORINA BLVD,12550,EA
39435,43.652819657,-79.468713822,BLOOR ST W AT PARKVIEW GNDS,12190,SO
39436,43.652833887,-79.404215047,LEONARD AVE AT WALES AVE,1674,SO
39437,43.643981073,-79.4200087,BROOKFILED ST AT GORDON BELL ROAD AND QUEEN ST W,8159,SO
39498,43.679098579,-79.461760854,SILVERTHORN AVE AT TURNBERRY AVE,1192,SO
39499,43.774820143,-79.328799068,ATRIA BLVD AT SHEPPARD AVE E,19172,NO
39500,43.677212575,-79.461120933,SILVERTHORN AVE AT ROCKWELL AVE,1917,SO
39501,43.6763751,-79.460929924,SILVERTHORN AVE AT HOWICK AVE,1443,SO
39502,43.6397400035624,-79.3815980001456,QUEENS QUAY W AT 95M EAST OF LOWER SIMCOE ST (PX 2343),6909,SO
39504,43.6737084,-79.438347331,DAVENPORT ROAD AT BARTLETT AVE N,8609,SO
39505,43.677115588,-79.409255973,DAVENPORT ROAD AT WALMER ROAD/KENDAL AVE,13940,SO
39506,43.663343326,-79.413139672,PALMERSTON BLVD AT LENNOX ST,1764,SO
39508,43.662169279,-79.412664558,PALMERSTON BLVD AT HERRICK ST,1360,SO
39509,43.670902653,-79.409425808,WELLS ST AT BRUNSWICK AVE,1281,SO
39510,43.724552699,-79.384982391,ST LEONARDS AVE AT MILDENHALL ROAD,3394,SO
39511,43.645846975,-79.410790344,QUEEN  W AT BELLWOODS AVE,8917,SO
39513,43.685432595,-79.466280325,SILVERTHORN AVE AT DUNRAVEN DR,2440,WE
39514,43.721967864,-79.404650227,CHATSWORTH DR AT DUPLEX AVE,5913,SO
39515,43.770426132,-79.183381389,COLLINSGROVE RD AT 140M NORTH OF LAWRENCE AVE (#25 COLLINSGROVE),1428,EA
39516,43.771739387,-79.183938931,COLLINSGROVE RD AT 120M SOUTH OF KINGSTON RD (#55 COLLINSGRO,2374,EA
39517,43.692396392,-79.366543967,DOUGLAS CRES AT GOVERNORS RD (NORTH INTERSECTION),813,SO
39518,43.734418055,-79.236344593,BRIDLEGROVE DR AT MCCOWAN ROAD,3700,EA
39522,43.665519056,-79.472134538,DUNDAS ST W AT QUEBEC AVE,10084,SO
39525,43.7730200039009,-79.2815199945527,WILLIAM KITCHEN RD AT SIGNALS 200M EAST OF KENNEDY RD (PX 2053),7760,EA
39541,43.821053255,-79.206202905,LITTLES RD AT OLD FINCH AVE AND WANDERING TRL,2548,EA
39542,43.846203821,-79.209295949,SEWELLS RD AT STEELES AVE E,7910,EA
39543,43.703843922,-79.422668655,MAYFAIR AVE AT SHALLMAR BLVD & 10 SHALLMAR (21 MAYFAIR) DRW,2562,SO
39589,43.677265264,-79.309300095,DUVERNET AVE AT WOODBINE AVE,8719,SO
39594,43.67814584,-79.297656301,GLEN STEWART AVE AT GLEN STEWART CRES/SOUTHWOOD DR,2849,SO
39597,43.677269187,-79.29729265,CAVENDISH ST AT SOUTHWOOD DR,2399,SO
39598,43.658485298,-79.549119805,EDENWOOD DR AT RATHBURN RD,14622,WE
39601,43.740263967,-79.485368368,KEELE ST AT MARYPORT AVE,18308,NO
39603,43.771703949,-79.414578753,CANTERBURY PL AT ELLERSLIE AVE,950,NO
39604,43.670011896,-79.420932841,CHRISTIE ST AT YARMOUTH RD,6251,SO
39605,43.664279997,-79.400406686,GLEN MORRIS ST AT HURON ST,1592,SO
39606,43.672479428,-79.426521985,MELITA CRES AT WYCHCREST AVE (WEST INTERSECTION),800,SO
39609,43.691184225,-79.322757297,BINSWOOD AVE AT MORTIMER AVE,5710,SO
39610,43.671245986,-79.398547571,BEDFORD RD AT ELGIN AVE,3581,SO
39611,43.783489363,-79.317308301,HUNTINGWOOD DR AT KILKENNY DR,5421,EA
39613,43.791515183,-79.411349879,NORTHWOOD DR AT WILLOWDALE AVE,9601,NO
39614,43.79729076,-79.379105994,CRAIGMONT DR AT CUMMER AVE,5785,NO
39646,43.824384949,-79.24605738,IRONSIDE CRES AT MCNICOLL AVE,8881,EA
39647,43.736713135,-79.273374928,BERTRAND AVE AT IONVIEW RD,3753,EA
39678,43.767537149,-79.499046916,HAYNES AVE AT COOK RD,518,NO
39698,43.766796689,-79.498738165,BOWSFIELD RD AT HAYNES AVE,452,NO
39699,43.702874913,-79.28790945,PENAIRE ST AT PHARMACY AVE,5557,EA
39700,43.63840557,-79.570236184,RENFORTH DR AT SEALCOVE DR,2621,WE
39744,43.659122998,-79.367351867,BERKELEY ST AT DUNDAS ST E,8062,SO
39745,43.6796790018401,-79.3451550049523,LIPTON AVE AT PAPE AVE (PX 2461),6391,SO
39750,43.7191259881234,-79.3503074041568,LESLIE ST AT #1132 LESLIE ST (WILKET CREEK PARK DRIVEWAY),13178,NO
39751,43.646655772,-79.484002432,SOUTH KINGSWAY AT VERBENA AVE,9552,SO
39758,43.679399218,-79.351357832,AINSWORTH RD AT ARUNDEL AVE,644,SO
39766,43.658595498,-79.41636976,JERSEY AVE (NORTH LEG) AT JERSEY AVE (EAST LEG) AND LANEWAY,124,SO
39818,43.671802198,-79.384634122,ASQUITH AVE AT PARK RD,2759,SO
39821,43.690199001807,-79.3949360029505,HEATH ST E AT YONGE ST (PX 1291),12993,SO
39824,43.682460886,-79.491732074,LAMBTON AVE AT ROCKCLIFFE BLVD,3149,WE
39839,43.786709359,-79.242170737,MILNER AVE AT EXECUTIVE CRT AND MID DOMINION ACRES,5277,EA
39840,43.81600334,-79.203134951,LITTLES RD AT GRAYSON CRES (NORTH INTERSECTION),1081,EA
39841,43.759982293,-79.417919921,QUILTER RD AT SHEPPARD AVE W,13944,NO
39842,43.760323211,-79.416355326,BEAMAN RD AT SHEPPARD AVE W,14241,NO
39843,43.759264453,-79.421078716,FENNELL ST AT SHEPPARD AVE W,13897,NO
39850,43.759999003,-79.558057787,ORMONT DR AT TORYORK DR,7844,NO
39851,43.721035671,-79.421444337,LAWRENCE AVE W AT SAGUENAY AVE,13191,NO
39866,43.664783049,-79.545407075,KIPLING AVE AT NORTH HEIGHTS RD,10561,WE
39867,43.782669672,-79.17727695,MILITARY TRL AT BOBMAR RD,3817,EA
39918,43.705130072,-79.449765592,RISA BLVD AT LOCKSLEY AVE,681,NO
39919,43.709077682,-79.527686572,GARY DR AT OAK ST AND YELLAND ST,5649,NO
39934,43.699332024,-79.396861216,MILLWOOD RD AT YONGE ST,11290,SO
39935,43.656262596,-79.378317298,BOND ST AT DUNDAS ST E,8560,SO
39940,43.715999601,-79.26368955,"ST CLAIR AVE E AT COTTON AVE 
",14552,EA
39941,43.694263398,-79.518985565,SCARLETT ROAD AT TILDEN CRESCENT AND CRANE AVENUE,8593,WE
39943,43.646469311,-79.407710762,"QUEEN ST W AT EUCLID AVE 
",7898,SO
39944,43.625253361,-79.515451942,"INVERNESS AVE AT ISLINGTON AVE 

",16589,WE
39954,43.663584755,-79.418416544,BLOOR ST AT CHRISTIE ST (EAST LEG),1672,SO
39955,43.712555035,-79.262209507,DANFORTH RD AT COTTON AVE,8806,EA
39956,43.640451007,-79.437277192,JAMESON AVE AT QUEEN ST W,39590,SO
39960,43.649781467,-79.439625822,LANSDOWNE AVE AT 222 LANSDOWNE AVE DRIVEWAY,7713,SO
39961,43.685935984,-79.422071668,MAPLEWOOD AVE AT VAUGHAN RD,5220,SO
39976,43.662224608,-79.480717394,MAHER AVE AT RUNNYMEDE RD,6259,SO
39977,43.730014223,-79.309707071,ELVASTON DR AT SLOANE AVE,6055,NO
39978,43.726846399,-79.312859625,ECCLESTON DR AT SLOANE AVE,5884,NO
39979,43.727896012,-79.310693892,SLOANE AVE AT TINDER CRES AND TROPHY DR,4712,NO
39984,43.76908823,-79.250400198,MCCOWAN RD AT HURLEY CRES,13371,EA
39992,43.680742025,-79.458462281,GILBERT AVE AT INNES AVE,910,SO
39994,43.638334491,-79.557215708,GIBBS ROAD AT THE EAST MALL,10630,WE
39996,43.737083991,-79.378490539,POST ROAD AT HYDE PARK CIRCLE AND PARK LANE CIRCLE,8007,NO
40026,43.694704639,-79.39938403,BRENTDALE DR AT LASCELLES BLVD,466,SO
40027,43.695092342,-79.397344226,BRENTDALE DR AT LAWTON BLVD,456,SO
40030,43.685166536,-79.35508282,BURLEY AVE AT WESTWOOD AVE,898,SO
40050,43.636631562,-79.399720931,BATHURST ST AT FLEET ST,8264,SO
40105,43.660670916,-79.378873429,CHURCH ST AT MCGILL ST,6926,SO
40112,43.637371516,-79.400030895,BATHURST ST AT BRUYERES MEWS,8168,SO
40158,43.64823009,-79.444223942,SORAUREN AVE AT WESTMINSTER AVE,2335,SO
40238,43.777176165,-79.314778276,SHEPPARD AVE AT ABBOTSFIELD GT,14290,EA
40343,43.65326877,-79.52722627,ISLINGTON AVE AT CHESTNUT HILLS CRES / RIVERBANK DR,15621,WE
40344,43.701196247,-79.527661976,DIXON RD AT RIVERVIEW HTS / SCARLETT RD,9776,WE
40345,43.746314936,-79.588165228,MOUNT OLIVE DR AT SILVERSTONE DR S,2902,WE
40346,43.744377671,-79.310577446,VICTORIA PARK AVE AT BELMORE AVE,15687,NO
40347,43.686599238,-79.49121806,EGLINTON AVE W AT PEAREN ST,21368,WE
40374,43.712377872,-79.405940031,BRIAR HILL AVE AT ROSEWELL AVE,2242,SO
40375,43.687917214,-79.302982183,CHISHOLM AVE AT DANFORTH AVE,13660,SO
40376,43.653331561,-79.45281172,ALHAMBRA AVE AT BOUSTEAD AVE,653,SO
40377,43.792303108,-79.386627224,SNOWCREST AVE AT UNICORN AVE (WEST LEG),484,NO
40394,43.644890431,-79.403105569,ADELAIDE ST W AT BATHURST ST SOUTH INTERSECTION,11146,SO
40396,43.74080206,-79.343054473,MALLOW RD AT THE DONWAY E,3382,NO
40397,43.739475582,-79.341578786,BROADLEAF RD AT THE DONWAY E,3335,NO
40398,43.73273359,-79.340621833,MOCCASIN TRL AT THE DONWAY E,4829,NO
40399,43.700324249,-79.440298939,MARLEE AVE AT WHITMORE AVE N,5983,WE
40405,43.731974888,-79.404004165,GOLFDALE RD AT YONGE ST,19927,SO
40407,43.702364441,-79.271108308,347 DANFORTH RD,17785,EA
40408,43.799961493,-79.351523111,MCNICOLL AVE AT MOGUL DR,6522,NO
40418,43.719656809,-79.385461172,BLYTHWOOD RD AT STRATFORD CRES,5282,SO
40419,43.729334898,-79.489575038,GADE DR AT NASH DR,680,NO
40420,43.69633489,-79.395218919,MERTON ST AT AL GREEN LANE,5614,SO
40421,43.701716787,-79.443697432,ROSELAWN AVE AT DANESBURY AVE,6931,WE
40447,43.7006427912038,-79.2723655649904,DANFORTH RD AT LILY CUP AVE,8876,EA
40481,43.647196755,-79.418556674,ARGYLE ST AT GIVENS ST,190,SO
40482,43.64562254,-79.419359221,BRUCE ST AT OSSINGTON AVE,3431,SO
40484,43.653896624,-79.481712087,COLBECK ST AT WINDERMERE AVE,2596,SO
40485,43.645024369,-79.419148963,OSSINGTON AVE AT REBECCA ST,3424,SO
40488,43.64858262,-79.419090291,HALTON ST AT GIVINS ST,490,SO
40498,43.66488501,-79.412437345,BLOOR ST W AT MARKHAM ST,6972,SO
40501,43.654705296,-79.413672929,CLINTON ST AT GORE ST,1244,SO
40508,43.756802847,-79.608117607,STEELES AVE W AT PRIVATE DRIVEWAY 200M EAST OF HWY 27,13991,WE
40509,43.648328864,-79.420381543,OSSINGTON AVE AT HALTON ST & FOXLEY PLACE,4183,SO
40510,43.639672839,-79.545046441,BLOOR ST W AT MARTIN GROVE RD,10167,WE
40514,43.647023012,-79.567838711,DRIVEWAY TO #451 THE WEST MALL,5653,WE
40516,43.680814577,-79.592851885,CARLINGVIEW DR AT METEOR DR,7447,WE
40517,43.65076702,-79.440342011,COLLEGE ST AT COLLEGE ST EXTENSION,4869,SO
40541,43.696905351,-79.418736096,ROBINWOOD AVE AT VESTA DR,779,SO
40542,43.719186103,-79.461719771,ORFUS RD AT PAUL DAVID ST,4979,NO
40543,43.699022842,-79.424765921,BATHURST ST AT DEWBOURNE AVE,11495,SO
40544,43.7897420028988,-79.4049679985684,CUMMER AVE AT 120M EAST OF WILLOWDALE AVE (#205 W DRIVEWAY),6695,NO
40560,43.662719309,-79.502278336,LUNDY AVE AT WARREN CRES,276,SO
40561,43.663632108,-79.501480657,VARSITY RD AT WARREN CRES,1158,SO
40562,43.629491333,-79.503923173,DELROY DR AT ROYAL YORK RD,7964,WE
40563,43.630062825,-79.490780146,PARK LAWN RD AT RINGLEY AVE,6978,WE
40564,43.619475113,-79.553750738,NORTH QUEEN ST AT INDEX RD,12827,WE
40565,43.688304996,-79.493142315,DENARDA ST AT WESTON RD,7092,WE
40566,43.685675794,-79.486879818,BARR AVE AT WESTON RD,7776,WE
40567,43.686728556,-79.490660331,EGLINTON AVE W AT GUESTVILLE AVE,10941,WE
40568,43.689291033,-79.496021227,BARTONVILLE AVE E AT WESTON RD,6108,WE
40569,43.689379276,-79.496220898,BARTONVILLE AVE W AT WESTON RD,6263,WE
40570,43.690987262,-79.500094695,MAHONEY AVE AT WESTON RD,6150,WE
40571,43.690554056,-79.499093021,CRAYDON AVE AT WESTON RD,5969,WE
40572,43.683733963,-79.482458543,JASPER AVE AT WESTON RD,9118,WE
40573,43.690056201,-79.497893522,RUTHERFORD AVE AT WESTON RD,5899,WE
40574,43.689581122,-79.496715382,VICTORIA BLVD AT WESTON RD,5884,WE
40575,43.685854776,-79.487321875,WESTON RD AT YORK AVE,7879,WE
40576,43.680104697,-79.417090248,ALCINA AVE AT BATHURST ST,15545,SO
40577,43.681811578,-79.418396533,HOCKEN AVE AT VAUGHAN RD,3914,SO
40578,43.681925274,-79.417811657,BATHURST ST AT MELGUND RD,12528,SO
40579,43.641925373,-79.430121898,GWYNNE AVE AT QUEEN ST W,6135,SO
40580,43.691487671,-79.500944291,JANE ST AT NICKLE ST,13737,WE
40581,43.688955773,-79.495074762,SUNNYBRAE CRES AT WESTON RD,6102,WE
40582,43.688559933,-79.493981743,SOMERVILLE AVE AT WESTON RD,6895,WE
40583,43.69210537,-79.501101095,COBALT ST AT JANE ST,13952,WE
40584,43.767554053,-79.217739206,SCARBOROUGH GOLF CLUB RD AT DENSGROVE RD AND MOSSBANK DR,7320,EA
40585,43.789077411,-79.446530934,BATHURST ST AT CARPENTER RD,31447,NO
40591,43.788381869,-79.123103483,LAWRENCE AVE E AT STARSPRAY BLVD,1876,EA
40592,43.790494362,-79.127777026,FRIENDSHIP AVE AT STARSPRAY BLVD,479,EA
40602,43.727095,-79.51016,JANE ST AT 200M SOUTH OF CHALKFARM DR (DRIVEWAY TO #2265),12188,NO
40645,43.790025579,-79.1220565,LAWRENCE AVE E AT ROUGE HILLS DR,987,EA
40648,43.732929885,-79.399361308,GOLFDALE RD AT MOUNT PLEASANT RD,2796,SO
40655,43.785761744,-79.4090782,REVCOE DR AT WILLOWDALE AVE,7834,NO
40662,43.648812155,-79.388925482,DUNCAN ST AT NELSON ST,2385,SO
40663,43.6238120317075,-79.4833695713418,PARK LAWN RD AT DRIVEWAY TO 88/90 PARK LAWN RD,14033,WE
40724,43.810085212,-79.301012335,3088 KENNEDY RD,12907,EA
40725,43.650110401,-79.363543951,BERKELEY ST AND HAHN PL AT THE ESPLANADE,2856,SO
40726,43.812756309,-79.299381188,MCNICOLL AVE AT MILLIKEN BLVD,15891,EA
40727,43.661271681,-79.471842122,CLENDENAN AVE AT JENNINGS AVE,1479,SO
40728,43.690470918,-79.387689803,INGLEWOOD DR AT ROSE PARK CRES/ROSE PARK DR,426,SO
40730,43.650907237,-79.485135529,FOLKES ST AT JANE ST,6737,SO
40731,43.644344659,-79.367816102,DOCKSIDE DR E AT PRIVATE DRIVEWAY 60M SOUTH OF QUEENS QUAY E,1232,SO
40838,43.796542073,-79.286379561,HUNTINGWOOD DR AT KITTERY BLVD,8148,EA
40859,43.659426434,-79.437607882,BLOOR ST W AT PAULINE AVE,8944,SO
40860,43.6272365,-79.498569155,MOYNES AVE AND WINSLOW ST AT THE QUEENSWAY,11040,WE
40873,43.748380297,-79.568400312,ISLINGTON AVE AT AVIEMORE DR,12575,NO
40874,43.690607951,-79.411521588,COULSON AVE AT DUNLOE RD,883,SO
41104,43.718235293,-79.283628807,WARDEN AVE AT UPTON RD,10089,EA
41105,43.658990365,-79.439743462,BLOOR ST W AT MARGUERETTA ST E,9850,SO
41106,43.785092146,-79.359970729,"SILAS HILL DR AT VAN HORNE AVE 
",3246,NO
41107,43.784508039,-79.183966454,1275 MILITARY TRL AT TTC BUS LOOP,8417,EA
41108,43.774714126,-79.220655137,"SCARBOROUGH GOLF CLUB RD AT PAINTED POST DR
",6698,EA
41109,43.720857713,-79.449368385,"FLEMINGTON RD AT STOCKTON RD
",2616,NO
41110,43.736979376,-79.405140131,"IVOR RD AT YONGE ST 
",19511,NO
41156,43.777475506,-79.352924411,DALLINGTON DR AT SHAUGHNESSY BLVD,2850,NO
41157,43.778997142,-79.355100574,DALLINGTON DR AT 18 DALLINGTON DR,647,NO
41158,43.778680282,-79.415286421,YONGE ST AT OLIVE AVE,15336,NO
41159,43.781336511,-79.412674754,KENNETH AVE AT PEMBERTON AVE,4302,NO
41161,43.786811886,-79.409618055,SILVERVIEW DR AT WILLOWDALE AVE,9177,NO
41243,43.664616336,-79.501377392,HUMBER HILL AVE AND OLD DUNDAS ST,17384,SO
41244,43.746738077,-79.526418617,OAKDALE RD AT EDDYSTONE AVE,7136,NO
41245,43.638176587,-79.551479433,BLOOR ST W AT LAUREL AVE,12150,WE
41246,43.597699994,-79.519144608,LAKE SHORE BLVD W ATTWENTIETH ST,7671,WE
41257,43.713697039,-79.292588934,PHARMACY AVE AT STELLARTON RD,10027,EA
41258,43.665578122,-79.480623032,DUNDAS ST W AND FISKEN AVE,8944,SO
41266,43.738525731,-79.382296912,BAYVIEW AVE AT THE BRIDLE PATH,22350,NO
41271,43.763656482,-79.219033605,CHANDLER DR AT JANRAY DR S,444,EA
41281,43.715174293,-79.293191943,HOLLYDENE RD AT PHARMACY AVE,10748,EA
41283,43.711913412,-79.291819461,PHARMACY AVE AND ROSITA CRES AND STAMFORD SQ S,10989,EA
41286,43.775708601,-79.433880544,FINCH AVE W AT GLENBOROUGH PARK CRES W,15303,NO
41287,43.775448246,-79.435014749,FINCH AVE W AT CLARKHILL ST,15298,NO
41288,43.77512505,-79.436485949,FINCH AVE W AT FINCHURST DR,15240,NO
41289,43.774105786,-79.441037475,FINCH AVE W AT MUIRKIRK RD,15339,NO
41293,43.640539252,-79.521681333,ISLINGTON AVE AT GRAYSTONE GNDS AND SPRINGBROOK GNDS,16972,WE
41295,43.777392735,-79.272223871,MIDLAND AVE AT 2301 MIDLAND AVE,22872,EA
41327,43.663211006,-79.484096984,DURIE ST AT ST JOHNS RD,2221,SO
41332,43.705606163,-79.437828124,BRIAR HILL AVE AT NEWGATE RD,720,SO
41334,43.659207937,-79.529789253,BYWOOD DR AT ISLINGTON AVE,14927,WE
41335,43.761255,-79.30041,ELLESMERE RD AT 426 ELLESMERE RD,15556,EA
41350,43.813420982,-79.313344574,BIRCHMOUNT RD AT BESWICK PARK CRT,8425,EA
41351,43.743351866,-79.439967657,LAURELCREST AVE AT SILVERTON AVE,953,NO
41352,43.743866519,-79.437579872,LAURELCREST AVE AT ROSSEAU RD,922,NO
41353,43.756418737,-79.484169743,CERAMIC RD AT ST REGIS CRES N,1856,NO
41354,43.818954421,-79.26738454,MCNICOLL AVE AT WHITE HEATHER BLVD,8696,EA
41355,43.735505743,-79.538663643,CORAL GABLE DR AT WESTON RD,11373,NO
